id,jee_main_score,jee_advanced_score,mock_test_score_avg,school_board,class_12_percent,attempt_count,coaching_institute,daily_study_hours,family_income,parent_education,location_type,peer_pressure_level,mental_health_issues,dropout
ST5001,78.95,59.22,59.86,CBSE,70.09,1,FIITJEE,5.4,Low,Upto 10th,Urban,Low,No,yes
ST5002,70.06,58.75,64.33,State,78,1,FIITJEE,5.5,Mid,Upto 10th,Urban,Low,Yes,no
ST5003,81.07,37.27,60.83,ICSE,64.36,1,FIITJEE,7,Low,PG,Semi-Urban,Medium,Yes,yes
ST5004,93.32,60.72,69.33,ICSE,73.21,1,FIITJEE,2.1,Low,12th,Semi-Urban,Medium,Yes,no
ST5005,68.72,77.73,82.37,CBSE,89.02,1,Allen,6.3,Mid,Graduate,Semi-Urban,High,No,no
ST5006,68.72,45.61,58.75,State,79.28,1,Local,4.5,Mid,Graduate,Semi-Urban,Low,No,no
ST5007,94.11,82.78,80.01,CBSE,76.31,1,Local,3.7,Mid,Upto 10th,Semi-Urban,Medium,No,no
ST5008,82.74,73.8,58.62,CBSE,77.15,1,No Coaching,2.2,High,12th,Urban,Low,No,no
ST5009,65.43,54.25,57.83,ICSE,71.11,1,Local,5.7,Mid,Upto 10th,Semi-Urban,Low,No,no
ST5010,79.6,63.74,77.82,State,94.96,2,No Coaching,2.7,Mid,12th,Rural,High,Yes,no
ST5011,65.51,91.57,79.06,CBSE,66.88,1,No Coaching,5.5,Mid,Graduate,Urban,Low,No,no
ST5012,65.48,77.74,78.22,ICSE,77.11,1,FIITJEE,8.4,High,Upto 10th,Semi-Urban,Medium,Yes,no
ST5013,75.39,66.14,52.21,CBSE,76.15,2,Allen,6.5,Mid,12th,Rural,Medium,No,no
ST5014,45.21,62.2,62.41,ICSE,85.09,2,Allen,7.3,Low,Graduate,Urban,Medium,Yes,yes
ST5015,47.85,67.23,77.88,State,86.03,2,Local,3.1,Low,12th,Rural,Medium,Yes,yes
ST5016,64.13,57.81,68.5,CBSE,74.68,2,No Coaching,6,High,Graduate,Semi-Urban,Low,No,no
ST5017,57.82,32.32,55.12,State,77.91,1,FIITJEE,2.2,High,PG,Rural,Medium,No,no
ST5018,76.4,98.67,73.5,State,78.29,1,No Coaching,4,High,PG,Rural,High,Yes,no
ST5019,59.29,68.49,59.42,ICSE,52.28,1,FIITJEE,8,High,12th,Urban,Low,No,no
ST5020,52.23,72.37,89.53,CBSE,59.11,2,No Coaching,3.3,High,Upto 10th,Rural,Medium,Yes,no
ST5021,92.52,65.07,86.54,CBSE,68.95,1,Local,6.7,Mid,12th,Rural,Medium,Yes,no
ST5022,68.84,54.24,75.25,ICSE,69.38,1,Local,6.5,Low,PG,Urban,High,Yes,yes
ST5023,72.95,63.03,84.33,ICSE,63.01,2,No Coaching,6.6,Low,Upto 10th,Semi-Urban,Low,No,yes
ST5024,52.05,40.41,68.78,State,82.5,2,Allen,2,Mid,PG,Rural,High,Yes,no
ST5025,64.38,100,77.19,CBSE,75.02,2,FIITJEE,5.6,High,PG,Semi-Urban,High,Yes,no
ST5026,73.55,46.25,85.73,CBSE,72.85,2,Allen,4.2,Mid,Upto 10th,Urban,Medium,No,no
ST5027,55.89,49.49,70.95,ICSE,62.44,2,Allen,6.7,High,Upto 10th,Semi-Urban,Medium,Yes,no
ST5028,77.26,58.96,64.94,ICSE,74.55,1,No Coaching,1.2,Low,PG,Rural,High,Yes,yes
ST5029,63.59,86.61,47.54,ICSE,50,2,FIITJEE,5.2,Low,Graduate,Rural,Low,Yes,no
ST5030,67.92,66.23,67,CBSE,73.37,2,FIITJEE,5,High,Upto 10th,Semi-Urban,Low,No,no
ST5031,63.58,46.22,77.88,CBSE,75.63,1,Local,0.5,Mid,PG,Semi-Urban,Low,No,no
ST5032,97.93,86.07,79.35,State,77.42,1,No Coaching,2.7,High,Upto 10th,Rural,High,No,no
ST5033,71.81,77.7,74.05,ICSE,59.36,1,No Coaching,0.8,High,Upto 10th,Urban,Low,Yes,no
ST5034,57.19,74.61,61.5,State,77.25,2,No Coaching,3,Low,PG,Rural,Medium,No,no
ST5035,83.52,77.45,44.28,CBSE,64.59,2,Local,5.6,High,Graduate,Rural,High,No,no
ST5036,54.91,100,62.06,State,66.88,1,Local,4.9,Mid,12th,Semi-Urban,High,No,no
ST5037,74.92,100,64.35,State,82.18,1,FIITJEE,4.8,High,PG,Rural,High,No,no
ST5038,44.56,55.01,64.24,State,95.14,2,Local,2.4,Low,Graduate,Semi-Urban,Low,Yes,yes
ST5039,53.41,91.98,75.42,ICSE,75.51,1,No Coaching,6.7,Mid,PG,Urban,Low,No,no
ST5040,74.76,72.13,91.83,CBSE,66.83,1,No Coaching,4.5,Mid,Graduate,Rural,Medium,Yes,no
ST5041,82.34,73.99,69.48,ICSE,76.89,1,Allen,4.6,Low,12th,Urban,Low,Yes,no
ST5042,74.4,38.92,65.4,State,84.39,1,Local,6.4,Low,12th,Urban,Low,No,yes
ST5043,70.38,63.27,64.89,ICSE,81.21,2,No Coaching,2.5,High,Upto 10th,Rural,Low,No,no
ST5044,67.78,52.99,69.49,CBSE,100,2,No Coaching,5,Low,Upto 10th,Semi-Urban,Low,No,no
ST5045,51.3,79.25,58.06,CBSE,67.85,2,FIITJEE,5.3,Low,12th,Semi-Urban,Medium,Yes,no
ST5046,61.92,83.14,69.44,State,77.52,1,Local,3.4,Low,PG,Rural,Medium,Yes,no
ST5047,65.55,32.81,73.41,State,90.49,2,No Coaching,5.8,Low,12th,Semi-Urban,Medium,Yes,yes
ST5048,86.8,65.65,70.52,ICSE,89.86,2,FIITJEE,5.5,Mid,Graduate,Semi-Urban,Low,No,no
ST5049,76.81,83.95,73.49,CBSE,55.5,1,Allen,4.3,Mid,Graduate,Urban,Low,No,no
ST5050,47.32,63.01,73.2,CBSE,74.97,1,Allen,4.2,Mid,Graduate,Semi-Urban,High,Yes,no
ST5051,76.54,77.67,46.74,ICSE,89.85,2,FIITJEE,5.5,Low,12th,Semi-Urban,High,Yes,no
ST5052,66.61,71.62,75.64,CBSE,100,1,Local,6.1,High,Upto 10th,Rural,Low,No,no
ST5053,62.52,71.47,59.95,State,82.04,1,No Coaching,4.6,High,Graduate,Urban,High,No,no
ST5054,80.56,61.66,54.85,State,71.32,2,Local,6.7,High,Graduate,Semi-Urban,Medium,Yes,no
ST5055,86.43,46.53,54.75,ICSE,64.91,2,FIITJEE,5.8,High,12th,Rural,Medium,Yes,no
ST5056,85.04,48.06,73.2,ICSE,97.19,2,No Coaching,0.9,Mid,Graduate,Semi-Urban,Medium,Yes,no
ST5057,60.25,77.35,65.33,ICSE,82.29,1,No Coaching,1.7,High,12th,Urban,High,No,yes
ST5058,67.67,66.31,47.82,State,66.52,1,No Coaching,6.9,Mid,Upto 10th,Urban,Medium,No,no
ST5059,76.64,63.78,73.74,ICSE,72.97,1,Local,4,High,Graduate,Urban,Medium,Yes,no
ST5060,85.66,59.22,50.72,CBSE,78.1,1,Local,4.8,High,Graduate,Urban,Medium,No,no
ST5061,65.29,61.12,69.68,ICSE,80.44,1,FIITJEE,6.8,Mid,Graduate,Urban,Low,Yes,no
ST5062,69.4,82.75,70.86,CBSE,66,1,Allen,4.5,Mid,12th,Urban,Low,Yes,no
ST5063,56.51,60.64,78.63,State,68.86,2,FIITJEE,4.6,High,12th,Rural,Medium,Yes,no
ST5064,55.25,44.54,89.38,CBSE,58.47,2,No Coaching,2.8,Low,PG,Urban,Medium,Yes,no
ST5065,83.38,77.9,51.62,CBSE,85.4,1,FIITJEE,5.2,High,Upto 10th,Semi-Urban,Low,Yes,no
ST5066,90.99,62.72,67.37,CBSE,71.58,2,Allen,5.7,High,PG,Semi-Urban,Low,Yes,no
ST5067,70.99,66.5,64.68,State,79.66,2,FIITJEE,3.3,High,PG,Semi-Urban,High,Yes,no
ST5068,86.05,91.72,73.2,CBSE,89.22,2,Allen,2.7,Mid,PG,Semi-Urban,Low,No,no
ST5069,77.06,65.67,70.59,CBSE,77.2,1,Allen,9.8,High,12th,Urban,Medium,Yes,no
ST5070,62.97,70.63,63.77,ICSE,73.87,2,No Coaching,4.3,Low,Graduate,Urban,Low,No,yes
ST5071,77.06,47.14,62.71,ICSE,76.94,2,Allen,3.1,High,Graduate,Rural,Medium,Yes,no
ST5072,93.53,62.49,54.6,ICSE,75.63,1,Local,5.9,Low,12th,Urban,High,Yes,no
ST5073,71.5,75.75,79.85,CBSE,87.46,1,FIITJEE,4.4,Low,PG,Semi-Urban,Low,Yes,yes
ST5074,93.91,41.11,73.51,CBSE,78.11,1,FIITJEE,2.3,Low,Upto 10th,Rural,High,Yes,yes
ST5075,35.32,69.21,79.01,State,69.56,2,Local,5.5,High,12th,Rural,Medium,Yes,no
ST5076,83.51,67.61,64.28,CBSE,85.48,2,Local,2.8,Mid,PG,Rural,Medium,Yes,no
ST5077,73.22,66.66,60.12,CBSE,87.3,2,No Coaching,7.7,Mid,12th,Rural,Medium,No,no
ST5078,67.81,82.59,55.06,State,61.62,1,FIITJEE,5.5,High,Graduate,Urban,Medium,Yes,no
ST5079,73.28,71.35,72.31,CBSE,90.33,1,Local,3.9,High,Graduate,Rural,High,Yes,no
ST5080,44.17,89.65,55.52,State,78.65,1,No Coaching,4.7,Low,Graduate,Urban,Low,No,yes
ST5081,68.92,50.1,90.18,State,77.83,2,FIITJEE,6.3,High,PG,Rural,Low,No,no
ST5082,77,68.17,52.31,ICSE,85.07,2,FIITJEE,4.9,Mid,12th,Urban,Medium,No,no
ST5083,92.69,67.35,71.28,CBSE,69.33,2,Local,8.7,High,PG,Urban,Medium,Yes,no
ST5084,64.74,48.89,86.8,ICSE,84.54,1,Allen,6.8,High,12th,Semi-Urban,High,Yes,no
ST5085,60.68,81.3,75.19,CBSE,71.23,1,Allen,5.5,High,Upto 10th,Urban,High,No,no
ST5086,64.98,100,70.11,ICSE,60.25,2,Local,2.6,Low,Graduate,Rural,Medium,No,yes
ST5087,84.82,65.73,56.38,State,65.02,2,Allen,4.2,High,Upto 10th,Rural,Medium,Yes,no
ST5088,76.6,74.08,51.42,State,80.67,2,FIITJEE,5.5,High,Graduate,Urban,Low,No,no
ST5089,64.58,67.35,77.24,State,65.55,1,No Coaching,2.9,High,Upto 10th,Urban,Low,Yes,no
ST5090,79.19,54.58,86.07,State,91.1,2,No Coaching,7.1,Mid,PG,Urban,Low,No,no
ST5091,73.36,36.87,62.73,CBSE,86.89,1,Local,2.6,Low,Graduate,Urban,Medium,Yes,no
ST5092,85.56,54.71,54.33,CBSE,88.33,2,No Coaching,3.2,Low,PG,Semi-Urban,High,Yes,no
ST5093,62.17,43.73,38.5,ICSE,76.25,2,Local,3.4,Mid,PG,Semi-Urban,High,No,no
ST5094,67.41,93.27,56.23,CBSE,77.58,2,Allen,6,Low,12th,Semi-Urban,High,Yes,yes
ST5095,66.51,64.16,66.64,CBSE,63.06,2,FIITJEE,2.9,Mid,Graduate,Semi-Urban,Medium,No,no
ST5096,51.51,60.47,87.19,ICSE,84.96,2,Allen,0.9,Low,Upto 10th,Semi-Urban,Medium,Yes,no
ST5097,76.15,80.23,76.08,State,78.8,2,Local,6.7,Low,Upto 10th,Urban,High,No,no
ST5098,75.65,48.05,71.66,ICSE,80.67,2,FIITJEE,3.6,Low,Graduate,Semi-Urban,High,No,no
ST5099,72.07,53.73,63.2,ICSE,91.88,2,FIITJEE,2.4,High,12th,Semi-Urban,High,No,no
ST5100,68.72,67.09,61,State,68.94,2,FIITJEE,3,Low,Graduate,Urban,Medium,No,yes
ST5101,52.18,82.46,84.87,ICSE,73.74,2,Allen,7.9,High,PG,Urban,Low,No,no
ST5102,66.11,74.03,70.41,ICSE,78.27,1,FIITJEE,3.2,High,12th,Rural,Low,Yes,no
ST5103,67.2,69.97,42.77,ICSE,65.65,1,Allen,4.3,High,PG,Rural,Medium,No,no
ST5104,60.77,67.25,59.92,CBSE,73.12,2,Allen,3.6,Mid,Graduate,Rural,Low,Yes,no
ST5105,69.74,72.4,57.7,State,79.93,2,FIITJEE,2,Low,12th,Semi-Urban,High,Yes,yes
ST5106,77.66,69.23,61.44,State,71.75,1,Local,3,Low,Graduate,Urban,Low,No,yes
ST5107,98.41,49.52,74.75,ICSE,88.09,1,FIITJEE,1.9,Low,Graduate,Rural,High,Yes,yes
ST5108,74.44,66.74,66.71,CBSE,59.89,1,FIITJEE,6.4,High,12th,Rural,Medium,Yes,no
ST5109,75.61,48.82,67.08,State,86.23,2,Allen,4.7,Low,12th,Semi-Urban,Medium,Yes,no
ST5110,70.96,67.3,83.76,State,81.61,2,FIITJEE,9.5,High,Graduate,Rural,High,No,no
ST5111,45.14,58.31,59.64,ICSE,69.31,2,Local,3.1,High,Upto 10th,Urban,High,Yes,no
ST5112,71.63,100,90.37,ICSE,65.76,2,FIITJEE,2.8,High,12th,Urban,Low,Yes,no
ST5113,72.84,65.36,59.94,ICSE,54.2,1,Local,7.6,High,Upto 10th,Rural,High,Yes,no
ST5114,100,43.53,69.07,State,67.05,1,No Coaching,6.6,Low,Upto 10th,Urban,Medium,No,no
ST5115,69.31,63.85,64.63,ICSE,85.47,1,No Coaching,5.3,High,Upto 10th,Rural,Medium,No,no
ST5116,76.22,74.31,69.48,ICSE,74.44,1,No Coaching,2.3,Mid,Upto 10th,Rural,Low,No,no
ST5117,71.51,92.77,73.34,ICSE,86.63,2,FIITJEE,8,Mid,PG,Urban,High,No,no
ST5118,55.64,56.57,73.21,CBSE,68.8,1,Allen,4.4,Mid,Graduate,Urban,High,No,no
ST5119,88,40.68,58.96,ICSE,82.07,1,Local,3.6,High,12th,Semi-Urban,Low,No,no
ST5120,82.53,79.07,54.53,State,67.83,2,No Coaching,6.8,Low,Graduate,Semi-Urban,Medium,No,yes
ST5121,83.07,43.91,98.04,ICSE,65.34,2,Local,4.5,Low,Graduate,Rural,High,No,yes
ST5122,59.27,59.02,62.19,State,73.93,2,Allen,2.2,High,Graduate,Urban,Low,No,no
ST5123,91.64,61.88,76.39,CBSE,68.35,1,Local,4.6,High,Graduate,Rural,Low,No,no
ST5124,52.37,64.89,48.71,CBSE,59.57,1,Local,2.9,High,Graduate,Semi-Urban,Low,Yes,no
ST5125,80.22,77.03,64.64,ICSE,73.18,2,No Coaching,0,Mid,12th,Rural,Low,No,no
ST5126,100,55.06,66.47,State,76.06,2,Local,2.7,High,Graduate,Urban,High,Yes,no
ST5127,58.13,61.62,73.67,ICSE,87.68,2,No Coaching,3.4,High,Graduate,Urban,Low,Yes,no
ST5128,64.07,65.77,35.33,ICSE,84.37,2,Allen,2.2,Low,Graduate,Semi-Urban,High,Yes,no
ST5129,73.4,68.39,69.99,State,87.2,1,No Coaching,5.7,Low,PG,Rural,Medium,Yes,yes
ST5130,64.95,67.57,54.2,State,82.2,2,Local,2.9,Mid,Upto 10th,Rural,Low,Yes,no
ST5131,50.29,72.98,71.89,State,78.33,1,Allen,5.5,Mid,PG,Urban,Low,Yes,no
ST5132,72.96,79.5,55.56,State,62.71,2,FIITJEE,2,Mid,Graduate,Semi-Urban,Medium,No,no
ST5133,57.13,72.28,57.73,State,76.5,2,FIITJEE,6.3,Mid,PG,Urban,Low,Yes,no
ST5134,78.63,73.26,64.72,CBSE,80.97,1,Allen,1.9,High,12th,Urban,High,Yes,yes
ST5135,59.13,40.68,55.37,CBSE,89.57,2,Allen,0,High,12th,Semi-Urban,Medium,No,no
ST5136,93.7,66.8,62.29,CBSE,81.86,2,Local,7,Mid,12th,Urban,Medium,Yes,no
ST5137,61.03,73.67,53.68,State,87.4,2,FIITJEE,2.8,Mid,Upto 10th,Rural,High,Yes,no
ST5138,67.49,77.66,46,State,64.68,1,Allen,8,Low,12th,Rural,High,No,yes
ST5139,83.39,54.92,80.22,State,71.74,1,FIITJEE,5.6,Low,Upto 10th,Rural,Medium,Yes,no
ST5140,54.77,55.46,52.45,ICSE,79.29,2,FIITJEE,6.1,Low,12th,Urban,Low,No,yes
ST5141,75.18,56.81,65.86,CBSE,86.61,2,Local,6.6,Mid,PG,Semi-Urban,High,No,no
ST5142,90.3,74.58,77.03,CBSE,73.55,1,Allen,4.7,Low,PG,Semi-Urban,High,Yes,no
ST5143,49.5,82.54,60.62,ICSE,74.18,1,No Coaching,4.7,Mid,PG,Semi-Urban,High,Yes,no
ST5144,74.58,59.48,58.1,ICSE,81.87,1,Allen,7.1,High,PG,Semi-Urban,Medium,Yes,no
ST5145,75.64,80.53,70.71,CBSE,63.74,2,FIITJEE,4.7,Mid,Upto 10th,Semi-Urban,Low,Yes,no
ST5146,82.95,67.98,81.42,State,91.07,2,No Coaching,3,High,12th,Urban,High,No,no
ST5147,54.68,64.01,53.97,CBSE,66.21,2,No Coaching,5.7,High,Graduate,Semi-Urban,Medium,No,no
ST5148,53.51,62.62,66.2,State,55.81,2,FIITJEE,0.3,Mid,PG,Rural,Medium,No,no
ST5149,79.31,77.95,47.21,CBSE,75.1,1,No Coaching,7.1,Low,12th,Urban,Low,Yes,no
ST5150,76.16,71.21,63.28,CBSE,91.98,1,No Coaching,7.2,Mid,12th,Rural,Medium,Yes,no
ST5151,75.51,100,68.41,ICSE,80.86,1,Allen,6.9,Low,12th,Semi-Urban,Medium,Yes,no
ST5152,76.85,52.36,57.74,ICSE,82.51,2,FIITJEE,6.8,High,Graduate,Semi-Urban,High,Yes,no
ST5153,62.48,74.29,62.52,State,75.41,1,Local,4.3,High,PG,Rural,High,Yes,no
ST5154,75.25,57.53,51.1,State,73.48,2,No Coaching,4.3,High,Upto 10th,Rural,High,No,no
ST5155,76.1,52.09,68.92,CBSE,59.55,1,FIITJEE,2,High,Upto 10th,Urban,Medium,No,no
ST5156,62,65.83,80.67,ICSE,52.41,2,Allen,8,Mid,Graduate,Semi-Urban,Low,No,no
ST5157,98.12,68.2,54.83,State,76.96,2,Allen,3.5,High,Graduate,Semi-Urban,Low,No,no
ST5158,78.63,100,60.53,State,88.13,1,Allen,5.2,Low,Upto 10th,Semi-Urban,Low,No,yes
ST5159,55.32,63.05,74.03,State,78.44,1,No Coaching,5,Low,Upto 10th,Rural,Medium,Yes,no
ST5160,81.19,47.92,82.55,CBSE,81.24,1,Local,1.8,High,PG,Semi-Urban,High,No,yes
ST5161,58.35,70.37,50.08,State,90.84,1,Allen,1,Mid,Upto 10th,Urban,Medium,No,no
ST5162,83.02,32.81,65.97,State,78.29,1,Local,4.5,High,Upto 10th,Urban,High,No,no
ST5163,88.22,64.53,71.4,ICSE,73.77,1,FIITJEE,3.6,High,Upto 10th,Rural,Medium,Yes,no
ST5164,60.51,66.26,66.78,ICSE,66.81,2,Allen,4.3,Low,Graduate,Rural,Medium,Yes,yes
ST5165,85.49,78.71,38.28,ICSE,95.22,1,No Coaching,6.6,Mid,Upto 10th,Urban,Low,No,no
ST5166,77.78,81.58,74.01,CBSE,80.27,2,Allen,4.9,Mid,Upto 10th,Rural,Medium,Yes,no
ST5167,83.51,57.94,86.23,ICSE,65.56,2,No Coaching,6,Low,PG,Rural,Low,Yes,yes
ST5168,98.56,63.59,69.4,ICSE,63.29,2,FIITJEE,5.4,Low,12th,Semi-Urban,Medium,No,no
ST5169,68.56,53.74,55.63,ICSE,87.53,1,Local,3.9,Low,Graduate,Urban,Low,Yes,yes
ST5170,61.45,47.95,61.84,ICSE,64.63,1,Local,2.5,Mid,Graduate,Semi-Urban,Medium,Yes,no
ST5171,59.55,70.96,89.24,State,93.54,1,Local,5,Low,PG,Urban,Medium,Yes,yes
ST5172,60.58,45.62,78.92,CBSE,50,1,Allen,4.7,Low,Upto 10th,Semi-Urban,High,No,no
ST5173,70.92,59.37,75.68,State,89.23,1,Allen,6.3,Low,12th,Urban,High,No,no
ST5174,76.78,50.08,72.28,State,79.87,1,FIITJEE,4.2,High,PG,Urban,High,No,no
ST5175,75.87,74.79,60.07,CBSE,76.19,2,Local,3.9,Mid,12th,Urban,Medium,Yes,no
ST5176,83.58,94.82,65.59,State,73.25,2,FIITJEE,4,Mid,Upto 10th,Rural,High,No,no
ST5177,72.18,45.17,67.06,ICSE,93.91,2,No Coaching,2.7,High,12th,Semi-Urban,High,Yes,no
ST5178,92.35,36.35,74.59,CBSE,82.07,2,Allen,7.4,Mid,PG,Rural,Medium,Yes,no
ST5179,68.29,64,86.11,State,65.97,2,Local,6.8,Low,Upto 10th,Rural,Medium,No,no
ST5180,100,66.25,81.42,State,57.81,1,Allen,2.1,High,Graduate,Urban,High,No,no
ST5181,80.76,69.5,50.97,ICSE,76.77,1,Local,6.1,Low,12th,Urban,High,Yes,no
ST5182,60,58.86,70.69,State,74.99,2,Local,0.8,Low,Upto 10th,Rural,Medium,Yes,no
ST5183,57.01,62.79,76.84,State,59.8,2,Allen,6.5,Low,Upto 10th,Rural,Medium,No,no
ST5184,78.75,71.88,75.43,State,74.45,2,Allen,3.1,Low,PG,Rural,Low,No,no
ST5185,68.87,82.65,60.45,CBSE,69.26,1,FIITJEE,5.2,Mid,Upto 10th,Urban,Low,Yes,no
ST5186,82,34.72,100,CBSE,75.09,1,Allen,0.6,High,PG,Urban,Medium,Yes,no
ST5187,78.63,60.1,52.67,State,82.26,1,Allen,2.1,High,Graduate,Urban,Medium,No,no
ST5188,70.98,69.42,55,State,89.93,1,Allen,5.4,Low,12th,Semi-Urban,High,Yes,yes
ST5189,60.14,51.31,70.8,ICSE,84.09,1,No Coaching,3.1,High,Graduate,Rural,Low,Yes,no
ST5190,50.79,93.7,93.4,CBSE,67.79,1,No Coaching,2.8,High,PG,Rural,High,Yes,no
ST5191,65.75,55.83,57.97,CBSE,78.69,1,No Coaching,7.3,Low,Graduate,Semi-Urban,Low,Yes,yes
ST5192,83.99,65.34,64.81,CBSE,75.63,2,FIITJEE,8.9,Low,12th,Rural,High,No,no
ST5193,75,74.9,80.93,State,61.68,2,FIITJEE,6.4,Mid,Graduate,Rural,Low,No,no
ST5194,54.56,56.54,67.79,ICSE,78.98,1,Local,2.3,Mid,Upto 10th,Rural,Medium,No,no
ST5195,74.42,36.45,63.98,ICSE,93.57,2,FIITJEE,8,Low,12th,Semi-Urban,Medium,Yes,no
ST5196,77.39,59.14,74.79,State,75.32,1,Allen,1.4,Mid,Graduate,Semi-Urban,Medium,Yes,no
ST5197,59.63,82.47,71.27,State,59.06,2,Local,3.9,Mid,12th,Rural,High,No,no
ST5198,74.15,60.61,80.37,ICSE,75.3,1,Allen,4.6,High,Graduate,Urban,Low,Yes,no
ST5199,72.81,52.46,83.5,ICSE,62.86,1,Local,8.3,Low,Upto 10th,Rural,High,Yes,yes
ST5200,56,80.81,71.68,CBSE,83.64,2,FIITJEE,6.3,High,PG,Rural,Medium,Yes,no
ST5201,77.01,60.71,71.5,State,80.25,1,No Coaching,3.6,High,Graduate,Urban,Low,No,no
ST5202,79.85,57.84,70.57,CBSE,73.29,2,Allen,2.6,Low,12th,Rural,Low,Yes,no
ST5203,87.16,68.39,73.87,ICSE,71.69,1,Local,6.5,High,Graduate,Rural,High,Yes,no
ST5204,86.75,78.33,68.66,CBSE,72.88,2,No Coaching,3.4,Mid,PG,Semi-Urban,Medium,No,no
ST5205,52.71,100,67.99,ICSE,75.08,1,Allen,4.9,Mid,Upto 10th,Rural,High,No,no
ST5206,58.87,79.24,82.36,ICSE,67.28,2,Allen,1.8,Mid,Upto 10th,Urban,High,No,yes
ST5207,79.21,84.56,86.19,CBSE,61.12,1,No Coaching,5.6,Mid,PG,Semi-Urban,Medium,Yes,no
ST5208,79.19,57.9,49.91,State,86.39,2,FIITJEE,5.5,Mid,Upto 10th,Semi-Urban,Medium,No,no
ST5209,79.21,49.59,68.12,CBSE,71.15,2,No Coaching,2,High,Graduate,Urban,High,Yes,no
ST5210,100,67,59.74,CBSE,76.67,2,FIITJEE,6.6,Low,12th,Urban,Low,No,no
ST5211,79.99,67.71,64.27,State,77.85,2,Local,5.6,High,Graduate,Semi-Urban,Medium,No,no
ST5212,87.9,48.74,72.83,State,78.22,1,FIITJEE,6,High,PG,Rural,Medium,No,no
ST5213,85.36,63.2,76.03,CBSE,63.26,2,Local,3.7,Mid,Graduate,Rural,Medium,No,no
ST5214,81.12,72.39,66.65,ICSE,58.24,1,Local,4.9,Mid,Graduate,Semi-Urban,Medium,Yes,no
ST5215,67.59,71.77,45.04,CBSE,69.11,1,Local,4.6,High,PG,Rural,Low,Yes,no
ST5216,82.63,74.07,56.42,ICSE,78.96,1,Local,4.2,High,12th,Semi-Urban,Low,Yes,no
ST5217,61.18,70.66,78.76,State,67.72,1,Allen,4.8,Low,Upto 10th,Urban,High,No,yes
ST5218,68.68,57.89,35.11,State,71.45,1,Local,7,Low,PG,Rural,High,Yes,yes
ST5219,65.2,57.78,82.25,ICSE,96.27,1,Allen,6.6,Low,Upto 10th,Rural,Medium,No,yes
ST5220,73.15,46.82,74.25,CBSE,56.55,1,Allen,2.1,Low,Upto 10th,Semi-Urban,High,No,no
ST5221,100,94.56,83.79,State,67.45,1,Local,6.5,Low,PG,Semi-Urban,Low,Yes,no
ST5222,45.86,66.22,65.62,ICSE,93.97,2,FIITJEE,6.9,Mid,12th,Rural,Medium,No,no
ST5223,81.61,62.4,43.26,ICSE,74.55,2,FIITJEE,4.2,Low,PG,Rural,Medium,No,yes
ST5224,49.42,51.14,73.16,CBSE,67.94,1,No Coaching,5.5,High,PG,Rural,Medium,No,no
ST5225,65.39,100,83.3,ICSE,86.69,2,Allen,5.5,Mid,Graduate,Urban,High,No,no
ST5226,87.25,48.83,79.1,ICSE,75.55,2,Allen,2.8,High,Graduate,Rural,Medium,No,no
ST5227,72.9,59.14,60.05,CBSE,71.52,1,FIITJEE,3.7,Mid,PG,Rural,Medium,Yes,no
ST5228,56.91,72.65,69.04,State,76.92,2,Allen,6,Mid,Graduate,Semi-Urban,Low,Yes,no
ST5229,61.99,75.6,61.61,State,68.42,2,FIITJEE,3.5,Low,12th,Urban,Medium,No,no
ST5230,81.51,81.33,58.17,State,64.83,2,No Coaching,6.5,High,Graduate,Semi-Urban,High,No,no
ST5231,61.77,94.92,79.46,ICSE,73.86,1,Local,7.1,Low,12th,Rural,Medium,Yes,yes
ST5232,75.03,74.1,53.63,ICSE,64.89,1,Local,6.8,High,Upto 10th,Urban,High,No,no
ST5233,72.64,49.1,57.27,CBSE,75.11,2,Local,8.5,High,Upto 10th,Rural,Low,Yes,no
ST5234,62.88,61.89,54.75,ICSE,78.54,1,No Coaching,4.3,Low,12th,Urban,Low,Yes,yes
ST5235,100,70.93,50.12,ICSE,83.53,1,Allen,4.9,Low,Upto 10th,Urban,Medium,No,no
ST5236,80.87,99.09,69.76,State,86.28,2,No Coaching,5.1,Mid,12th,Urban,Low,No,no
ST5237,43.65,43.64,81.94,ICSE,70.94,2,Allen,4.4,Mid,PG,Urban,Medium,No,no
ST5238,74.61,85.24,65.78,ICSE,79.99,2,Allen,5.6,Mid,Graduate,Urban,Low,Yes,no
ST5239,62.73,68.88,49.93,ICSE,79.93,2,Local,1.1,High,Upto 10th,Urban,Low,Yes,no
ST5240,83.93,79.41,78.08,CBSE,78.28,1,FIITJEE,4.9,Low,Upto 10th,Semi-Urban,High,No,yes
ST5241,60.9,64.37,88.23,ICSE,70.21,1,FIITJEE,1.7,Mid,PG,Semi-Urban,High,No,yes
ST5242,70.39,52.52,60.25,CBSE,64.72,1,Local,2.6,Low,Graduate,Rural,Medium,Yes,yes
ST5243,79.07,78.01,62.26,State,80.02,1,Allen,6,Mid,Graduate,Urban,Medium,Yes,no
ST5244,84.12,76.47,74.19,ICSE,57.93,1,No Coaching,4.1,Mid,12th,Urban,High,Yes,no
ST5245,55.2,81.55,87.46,CBSE,72.32,1,Local,5.9,Low,Upto 10th,Semi-Urban,Low,Yes,yes
ST5246,67.32,65.79,61.76,State,50,1,Local,4.1,Mid,Graduate,Rural,Medium,No,no
ST5247,65.35,56.4,52.01,ICSE,61.64,1,No Coaching,6.7,Low,Upto 10th,Rural,Low,Yes,no
ST5248,62.85,41.06,75.58,CBSE,66.23,1,Allen,4,Mid,Upto 10th,Semi-Urban,High,No,no
ST5249,96.72,79.11,77.59,CBSE,85.97,2,Local,0.6,Low,Upto 10th,Semi-Urban,Low,Yes,no
ST5250,77.67,72.78,68.07,State,81.88,1,Local,5,Mid,Upto 10th,Urban,Low,Yes,no
ST5251,54.35,50.55,61.3,ICSE,69.46,1,Allen,0.2,Mid,12th,Semi-Urban,Medium,Yes,no
ST5252,84.85,57.38,79.93,ICSE,82.29,1,No Coaching,1.6,High,Graduate,Urban,Low,Yes,no
ST5253,100,58.53,74.34,ICSE,83.88,2,No Coaching,2.7,Low,Upto 10th,Rural,High,No,yes
ST5254,86.45,42.27,58.78,CBSE,73.39,2,FIITJEE,2.5,Mid,Graduate,Urban,Low,No,no
ST5255,50.73,52.92,68.59,ICSE,61.16,1,FIITJEE,3.4,High,PG,Semi-Urban,High,No,no
ST5256,65.22,47.86,51.78,CBSE,72.92,1,No Coaching,2.4,Low,PG,Urban,High,Yes,no
ST5257,89.74,59.4,76.23,CBSE,74.02,2,FIITJEE,1.7,Mid,Graduate,Urban,Medium,No,no
ST5258,62.09,54.18,64.85,State,62.68,1,FIITJEE,7.6,Mid,12th,Semi-Urban,High,No,no
ST5259,78.21,39.97,62.77,CBSE,78.67,2,Allen,3.1,Mid,12th,Urban,High,No,no
ST5260,82.84,98.36,67.61,State,77.8,1,Local,0,Low,PG,Rural,Medium,No,yes
ST5261,59.02,86.04,68.48,State,79.45,2,FIITJEE,3.8,High,Upto 10th,Urban,Medium,Yes,no
ST5262,71.17,53.54,78.74,ICSE,77.79,2,FIITJEE,2.3,Mid,PG,Semi-Urban,Medium,Yes,no
ST5263,26.62,70.36,75.09,State,82.3,1,Allen,2.7,High,Upto 10th,Semi-Urban,High,Yes,no
ST5264,57.66,72.68,66.12,ICSE,73.21,2,No Coaching,5.9,Low,PG,Semi-Urban,Medium,Yes,yes
ST5265,68.46,85.06,77.16,State,77.02,2,FIITJEE,3.6,Low,PG,Urban,High,No,yes
ST5266,54.53,52.9,72.81,CBSE,71.02,2,Local,2.2,Mid,12th,Rural,High,Yes,no
ST5267,94.85,83.47,62.88,ICSE,69.16,1,FIITJEE,5.4,Mid,Graduate,Semi-Urban,High,Yes,no
ST5268,51.98,57.23,66.5,CBSE,88.38,1,Local,6.8,Mid,Graduate,Semi-Urban,Medium,Yes,no
ST5269,65.84,44.63,66.22,ICSE,54.56,2,No Coaching,5.6,High,PG,Rural,High,No,no
ST5270,73.83,77.59,74.06,CBSE,83.77,2,FIITJEE,0,High,12th,Semi-Urban,High,Yes,yes
ST5271,92.18,86.65,63.6,State,68.79,1,Local,2.3,Mid,Upto 10th,Urban,Medium,Yes,no
ST5272,51.9,100,63.32,ICSE,67.5,1,Local,4.6,Low,PG,Semi-Urban,Medium,Yes,yes
ST5273,88.28,46.8,91.63,ICSE,77.62,1,Local,4,Low,Upto 10th,Semi-Urban,High,Yes,no
ST5274,72.14,77.18,79.28,ICSE,60.1,2,No Coaching,3.8,Mid,Upto 10th,Urban,High,No,no
ST5275,58.26,59.44,58.87,State,66.84,1,Local,2.5,High,12th,Rural,High,No,no
ST5276,78.47,78.53,74.85,CBSE,66.51,1,Allen,1.7,Low,12th,Rural,Medium,No,no
ST5277,74.79,42.47,69.42,State,72.79,1,No Coaching,8.5,High,Graduate,Semi-Urban,Medium,Yes,no
ST5278,63.6,45.8,72.7,State,66.96,1,Local,4.6,Mid,12th,Urban,Low,Yes,no
ST5279,72.98,53.59,69.65,State,91.01,2,No Coaching,5.8,High,PG,Urban,Medium,No,no
ST5280,66.61,67.26,82.28,CBSE,92.97,2,No Coaching,4.5,High,PG,Rural,High,Yes,no
ST5281,73.59,55.74,72.15,State,54.78,1,Allen,4.6,High,Upto 10th,Rural,Medium,No,no
ST5282,81.27,76.54,67.25,ICSE,80.44,2,Local,4.4,Low,Graduate,Rural,Medium,No,no
ST5283,94.2,82.43,80.51,State,83.59,1,No Coaching,2.3,High,Upto 10th,Urban,Low,Yes,no
ST5284,54.67,75.59,70.8,CBSE,80.43,2,No Coaching,1.5,High,Upto 10th,Urban,Low,No,no
ST5285,100,91.9,69.46,ICSE,68.42,1,Local,5.3,High,Graduate,Urban,High,No,no
ST5286,44.67,72.65,71.77,CBSE,72.56,1,Allen,4.9,Mid,Upto 10th,Semi-Urban,Low,Yes,no
ST5287,69.88,46.53,66.88,State,67.52,2,FIITJEE,6.4,High,Graduate,Semi-Urban,High,Yes,no
ST5288,80.24,87.81,68.11,CBSE,70.8,1,Local,6,High,Upto 10th,Rural,High,Yes,no
ST5289,75.93,56.32,60.96,ICSE,62.9,1,FIITJEE,2.9,Low,Upto 10th,Rural,High,No,no
ST5290,63.28,80.57,58.99,CBSE,73.85,2,Local,6.8,Mid,Graduate,Semi-Urban,High,Yes,no
ST5291,69.09,91.18,56.02,ICSE,59.97,1,Local,6,High,PG,Semi-Urban,Low,Yes,no
ST5292,65.1,73.31,51.3,ICSE,73,2,No Coaching,5.9,Low,Upto 10th,Semi-Urban,High,Yes,no
ST5293,63.75,42.06,57.44,State,62.51,1,Local,9,Low,Upto 10th,Semi-Urban,High,Yes,yes
ST5294,83.89,51.31,65.91,State,77.07,1,Allen,8.6,High,PG,Rural,Medium,Yes,no
ST5295,77,87.16,69.24,ICSE,68.21,2,Allen,5.9,Low,Graduate,Semi-Urban,High,Yes,yes
ST5296,62.3,63.29,64.74,CBSE,77.91,2,Local,5.6,Low,Graduate,Semi-Urban,Medium,Yes,yes
ST5297,84.59,67.27,39.73,ICSE,85.82,1,No Coaching,6.7,Low,PG,Urban,Low,Yes,no
ST5298,76.3,78.14,86.9,State,90.89,1,No Coaching,3.3,Low,Graduate,Rural,Medium,Yes,no
ST5299,83.38,77.14,81.04,CBSE,50,2,FIITJEE,3.4,High,12th,Rural,Low,Yes,no
ST5300,80.81,70.46,73.35,ICSE,66.66,2,Local,5.8,High,Upto 10th,Urban,Low,No,no
ST5301,60.39,62.66,90.89,State,71.97,1,FIITJEE,2.8,Low,Graduate,Rural,Medium,No,yes
ST5302,64.16,61,56.27,ICSE,79.6,1,No Coaching,5.7,High,PG,Rural,Low,No,no
ST5303,82.46,79.73,90.65,ICSE,58.5,1,Allen,4.8,High,Upto 10th,Semi-Urban,Low,No,no
ST5304,80.55,74.86,56.42,ICSE,65.18,2,No Coaching,2.8,Low,PG,Semi-Urban,Low,Yes,no
ST5305,71.71,61.88,70.86,CBSE,76.3,1,Allen,4.6,Low,Graduate,Rural,Medium,Yes,no
ST5306,73.64,83.31,52.71,State,75.85,2,FIITJEE,7.1,Low,PG,Urban,Low,No,no
ST5307,89.89,63.94,68.18,State,78.78,1,No Coaching,4.7,High,PG,Urban,High,Yes,no
ST5308,63.72,52.37,72.63,ICSE,79.44,2,Allen,4.7,High,Upto 10th,Rural,Medium,Yes,no
ST5309,79.66,53.86,66.14,ICSE,78.39,1,FIITJEE,5.2,Mid,Upto 10th,Rural,High,Yes,no
ST5310,69.17,50.34,76.57,ICSE,76.94,2,No Coaching,5.4,Mid,Graduate,Rural,Medium,Yes,no
ST5311,68.95,61.64,69.19,CBSE,75.56,2,Local,3.8,Low,PG,Rural,High,Yes,no
ST5312,87.38,85.74,61.73,State,81.65,1,No Coaching,5.2,Mid,PG,Semi-Urban,Low,No,no
ST5313,83.56,53.12,61.2,ICSE,52.61,2,FIITJEE,2.4,High,Graduate,Semi-Urban,High,No,no
ST5314,83.39,69.02,77.73,State,90.44,2,No Coaching,2.9,Mid,PG,Rural,High,No,no
ST5315,90.28,55.49,60.16,ICSE,52.96,2,FIITJEE,3.2,Mid,PG,Urban,High,No,no
ST5316,72.29,61.84,78.98,State,64.21,1,Allen,5.4,Low,PG,Semi-Urban,Medium,No,yes
ST5317,81.55,41.84,82.67,ICSE,72.73,1,No Coaching,4.8,High,PG,Rural,Low,No,no
ST5318,67.66,62.47,47.98,CBSE,81.73,1,FIITJEE,4.2,High,12th,Urban,Low,No,no
ST5319,76.54,62.9,81.6,ICSE,50,1,FIITJEE,5.9,High,Graduate,Semi-Urban,High,No,no
ST5320,70.18,74.64,92.73,ICSE,74.72,2,Local,5.3,High,Graduate,Semi-Urban,High,No,no
ST5321,73.36,69.57,71.02,ICSE,82.92,2,Allen,3.9,Mid,PG,Rural,Medium,Yes,no
ST5322,80.33,46.83,75.19,ICSE,84.95,1,Local,2.4,Low,Graduate,Urban,High,Yes,yes
ST5323,60.54,83.35,80.44,ICSE,68.03,2,Local,2.9,Mid,12th,Rural,High,Yes,no
ST5324,100,69.36,64.69,State,71.99,2,No Coaching,1.6,High,PG,Semi-Urban,High,No,yes
ST5325,57.92,69.17,70.19,State,68.84,1,FIITJEE,4.8,Low,Upto 10th,Urban,Medium,No,no
ST5326,55,65.85,52.23,CBSE,71.07,1,FIITJEE,2.8,Low,12th,Semi-Urban,High,No,yes
ST5327,88.21,57.72,69.66,ICSE,64.68,2,FIITJEE,3.5,High,Upto 10th,Rural,High,No,no
ST5328,83.08,69.48,73.98,State,66.11,1,No Coaching,4.2,High,Graduate,Rural,High,No,no
ST5329,80.74,73.61,74.19,State,79.34,2,No Coaching,6.6,Low,Graduate,Semi-Urban,Medium,No,no
ST5330,80.8,38.05,80.79,ICSE,76.32,2,Allen,6.4,High,Graduate,Rural,Medium,No,no
ST5331,71.83,57.38,58.7,ICSE,79.92,1,Local,4.4,High,PG,Rural,Low,Yes,no
ST5332,59.44,61.92,61.61,CBSE,77.14,1,Allen,7,High,12th,Semi-Urban,Medium,Yes,no
ST5333,73.06,70.1,90.75,CBSE,82.04,2,Allen,0.5,High,12th,Urban,Low,No,no
ST5334,62.52,85.09,66.2,State,83.78,1,No Coaching,8.3,Low,PG,Semi-Urban,Low,No,no
ST5335,85.65,53.65,70.4,CBSE,57.58,2,FIITJEE,5.9,Low,PG,Semi-Urban,High,Yes,yes
ST5336,69.94,58.03,67.2,State,66.46,2,No Coaching,4.7,Mid,Graduate,Urban,Low,No,no
ST5337,60.44,57.8,58.14,CBSE,72.69,1,No Coaching,2.7,Mid,12th,Rural,High,Yes,no
ST5338,67.5,53.18,87.48,ICSE,74.77,1,No Coaching,3.6,Low,Graduate,Urban,Medium,No,yes
ST5339,77.78,60.45,61.67,CBSE,68.3,1,Allen,5.7,Mid,12th,Semi-Urban,Medium,Yes,no
ST5340,64.11,78.33,54.47,State,84.12,1,FIITJEE,5.8,High,PG,Urban,Low,Yes,no
ST5341,60.49,49.14,62.59,CBSE,94.8,2,No Coaching,5.8,High,Graduate,Rural,High,No,no
ST5342,75.41,72.85,43.98,State,76.86,1,Allen,3,Low,12th,Urban,Low,No,no
ST5343,75.43,38.77,60.18,State,75.84,1,No Coaching,2.6,Mid,PG,Urban,Low,No,no
ST5344,64.9,57.02,56.38,CBSE,83.49,1,Local,4.9,High,Upto 10th,Semi-Urban,Medium,No,no
ST5345,65.41,60.73,75.41,CBSE,56.34,2,FIITJEE,6,Mid,Graduate,Urban,Low,Yes,no
ST5346,75.25,92.8,59.92,State,75.28,1,Allen,4.5,Low,12th,Semi-Urban,High,Yes,yes
ST5347,51.73,61.6,78.65,ICSE,84.79,1,Local,7.5,Low,12th,Rural,Medium,Yes,no
ST5348,52.3,30.78,84.78,CBSE,68.57,1,No Coaching,4.6,Mid,Graduate,Urban,Medium,No,no
ST5349,61.94,34.02,77.37,State,62.73,1,Local,4.5,Low,12th,Urban,Low,Yes,no
ST5350,69.01,66.54,65.42,ICSE,73.14,1,Local,5.8,High,Upto 10th,Semi-Urban,Low,Yes,no
ST5351,76.35,75.82,69.69,State,74.39,2,Allen,6.9,High,Upto 10th,Semi-Urban,Low,No,no
ST5352,92.65,72.01,49.7,CBSE,65.91,2,FIITJEE,1.8,Mid,12th,Rural,High,No,yes
ST5353,84.01,68.68,66.39,State,95.96,2,FIITJEE,2.3,Mid,Graduate,Semi-Urban,Low,Yes,no
ST5354,69.76,84.6,57.67,State,70.21,1,Allen,3.9,Low,12th,Semi-Urban,High,Yes,no
ST5355,71.73,57.37,76.33,State,63.46,1,No Coaching,10,Low,12th,Rural,Low,Yes,yes
ST5356,57.96,80.32,98.87,CBSE,74.06,2,Local,4,Mid,Upto 10th,Semi-Urban,Low,No,no
ST5357,71.74,39.89,74,ICSE,84.08,1,FIITJEE,4.3,Low,PG,Semi-Urban,Medium,Yes,yes
ST5358,67.96,51.52,44.11,ICSE,75.17,2,FIITJEE,5.7,Mid,PG,Semi-Urban,Medium,No,no
ST5359,76.52,37.09,63.67,ICSE,79.86,1,Local,6.5,Mid,12th,Semi-Urban,High,No,no
ST5360,60.42,61.6,69.47,ICSE,66.28,2,No Coaching,4.8,High,Graduate,Rural,Low,No,no
ST5361,79.27,65.26,69.05,CBSE,89.88,2,Local,6.8,Low,Upto 10th,Rural,High,Yes,yes
ST5362,93.46,67.83,59.23,State,80.62,1,Allen,2.1,Mid,PG,Semi-Urban,Medium,No,no
ST5363,70.48,66.99,70.94,ICSE,85.48,1,Allen,3,High,12th,Urban,Medium,Yes,no
ST5364,77.62,51.16,53.09,ICSE,78.65,1,No Coaching,6.8,Mid,Graduate,Rural,Medium,No,no
ST5365,81.66,62.96,56.66,CBSE,83.25,1,FIITJEE,4.5,Low,Upto 10th,Urban,Medium,Yes,yes
ST5366,66.38,42.04,75.75,State,66.27,1,FIITJEE,2,High,PG,Semi-Urban,High,Yes,no
ST5367,75.14,87.81,55.81,State,70.09,2,No Coaching,1.9,Low,PG,Semi-Urban,Low,Yes,no
ST5368,72.18,61.14,74.46,ICSE,88.46,1,No Coaching,2.9,High,PG,Rural,High,Yes,no
ST5369,73.37,58.18,51.57,ICSE,90.6,2,Allen,4.5,Low,Graduate,Urban,Low,No,no
ST5370,61.18,91.42,89.18,State,63.53,1,Allen,5.4,Mid,Graduate,Rural,Medium,Yes,no
ST5371,72.34,46.12,58.71,CBSE,77.5,2,No Coaching,3.8,Mid,Graduate,Rural,High,No,no
ST5372,78.97,47.99,65.32,State,70.69,2,FIITJEE,5.3,Mid,12th,Rural,Low,No,no
ST5373,92.32,48.46,71.97,State,68.03,2,Local,3.6,Low,Upto 10th,Semi-Urban,Low,No,no
ST5374,85.43,64.91,61.22,ICSE,77.85,1,Local,6.9,High,12th,Urban,Medium,No,no
ST5375,100,72.91,69.72,CBSE,86.41,2,Local,9.6,Low,Upto 10th,Semi-Urban,Low,No,yes
ST5376,61.26,77.83,74.9,CBSE,79.52,1,Allen,3.7,Mid,Graduate,Semi-Urban,Low,Yes,no
ST5377,84.21,100,79.53,CBSE,71.8,2,No Coaching,5.5,Low,PG,Semi-Urban,High,No,yes
ST5378,74.57,30.01,77.5,ICSE,80.15,1,FIITJEE,5.3,High,Graduate,Rural,Medium,Yes,no
ST5379,100,75.74,65.94,CBSE,71.4,2,Allen,4.8,Mid,12th,Semi-Urban,Medium,Yes,no
ST5380,60.68,57.09,66.24,CBSE,79.12,1,No Coaching,5.8,Low,Graduate,Semi-Urban,Low,Yes,no
ST5381,60.24,56.62,96.19,ICSE,88.96,1,No Coaching,5.5,Mid,Graduate,Semi-Urban,Low,Yes,no
ST5382,63.61,56.08,79.4,State,54.23,2,Local,3.6,Low,Graduate,Semi-Urban,Medium,No,no
ST5383,42.27,51.46,56.94,CBSE,82.97,2,Local,7.1,Low,PG,Semi-Urban,Medium,No,yes
ST5384,64.64,92.95,69.2,State,59.61,1,FIITJEE,4.9,Mid,Upto 10th,Semi-Urban,Medium,No,no
ST5385,61.37,79.48,63.98,CBSE,87.28,2,FIITJEE,3.7,High,Upto 10th,Urban,Low,Yes,no
ST5386,74.11,66.37,66.38,State,68.63,1,Local,9.4,Mid,12th,Rural,Low,Yes,no
ST5387,76.78,87.62,53.25,State,62.82,1,Local,4.3,High,Upto 10th,Semi-Urban,Medium,No,no
ST5388,98.27,41.8,63.06,ICSE,81.95,2,No Coaching,5,Mid,Graduate,Rural,Medium,No,no
ST5389,85.31,44.71,89.74,ICSE,78.64,1,FIITJEE,4.9,Mid,PG,Urban,Low,Yes,no
ST5390,63.92,31.15,74.95,CBSE,65.01,2,No Coaching,4.2,Mid,Graduate,Urban,Low,No,no
ST5391,59.42,54.81,38.11,CBSE,62.47,1,FIITJEE,5.4,Low,Graduate,Rural,Low,Yes,yes
ST5392,78.89,68.59,82.6,ICSE,73.13,1,FIITJEE,2.8,Low,12th,Urban,High,Yes,no
ST5393,53.52,67.65,81.08,CBSE,62.96,1,Allen,5.7,High,Graduate,Semi-Urban,Medium,No,no
ST5394,97.64,68.39,63.69,CBSE,64.39,1,Local,1,Mid,Graduate,Urban,High,No,yes
ST5395,88.51,43.42,76.61,ICSE,76.16,2,Allen,1.9,Low,12th,Semi-Urban,High,Yes,yes
ST5396,65.43,78.85,57.69,State,65.34,1,FIITJEE,8.2,Low,Upto 10th,Rural,Low,Yes,no
ST5397,48.02,69.83,62.36,CBSE,79.27,2,No Coaching,2,Mid,Upto 10th,Rural,Medium,No,no
ST5398,90.95,77.73,85.98,ICSE,89.9,1,FIITJEE,0.6,Mid,Upto 10th,Rural,Low,No,no
ST5399,70.4,35.72,64.74,CBSE,73.51,1,Allen,2,Mid,12th,Rural,Low,No,no
ST5400,89.33,70.98,45.56,CBSE,76.3,2,Local,8,High,12th,Rural,Low,No,no
ST5401,49.68,47,67.24,ICSE,95.18,1,No Coaching,0.9,Mid,PG,Rural,Low,Yes,yes
ST5402,63.61,59.64,67.06,ICSE,63.12,1,FIITJEE,2.6,Low,PG,Semi-Urban,Medium,Yes,yes
ST5403,72.07,74.55,82.38,CBSE,86.91,2,FIITJEE,1.6,Low,Graduate,Rural,Medium,Yes,no
ST5404,72.66,67.46,68.17,CBSE,85.71,1,Local,4,Mid,Graduate,Urban,Low,Yes,no
ST5405,65.7,52.38,62.94,State,83.54,1,FIITJEE,3.6,High,12th,Semi-Urban,High,Yes,no
ST5406,80.72,66.1,80.54,State,87.92,1,FIITJEE,3.5,High,12th,Semi-Urban,Low,No,no
ST5407,57.05,41.5,69.45,ICSE,77.81,2,Local,8.2,Low,PG,Semi-Urban,High,Yes,yes
ST5408,70.01,84.4,59,CBSE,69.17,2,Allen,2.1,High,Graduate,Semi-Urban,High,Yes,no
ST5409,73.68,62.72,81.86,ICSE,85.95,2,Allen,4.3,Mid,Graduate,Rural,Low,No,no
ST5410,79.2,83.9,70.32,ICSE,86.33,2,Allen,5.2,High,Graduate,Rural,Medium,Yes,no
ST5411,81.96,57.58,68.04,CBSE,86.05,2,Allen,2.5,High,Upto 10th,Rural,Low,No,no
ST5412,56.26,57.62,70.13,State,75.45,2,No Coaching,5.5,Low,PG,Urban,Medium,No,no
ST5413,50.52,53.77,55.15,ICSE,67.84,2,No Coaching,3.7,Low,Upto 10th,Rural,High,Yes,no
ST5414,89.89,80.02,61.67,ICSE,76.91,2,Local,5.2,Low,Graduate,Rural,Medium,Yes,no
ST5415,76.65,54.65,68.04,CBSE,84.42,1,Local,4.3,High,12th,Urban,Medium,Yes,no
ST5416,61.52,76.31,65.66,State,85.24,2,Local,0.4,Low,PG,Rural,Medium,Yes,no
ST5417,93.72,59.88,83.27,State,70.7,1,No Coaching,7.1,Low,Upto 10th,Rural,Low,No,no
ST5418,73.62,34.38,70.61,CBSE,78.15,1,FIITJEE,8.6,High,Graduate,Semi-Urban,High,No,no
ST5419,88.51,56.87,78.26,ICSE,61.91,1,No Coaching,4.1,High,Upto 10th,Rural,High,No,no
ST5420,72.95,47.13,68.11,CBSE,84.85,1,Allen,2.7,High,12th,Urban,Medium,Yes,no
ST5421,100,66.54,80.68,CBSE,67.17,1,Allen,7.5,Mid,PG,Semi-Urban,High,No,no
ST5422,96.57,46.95,72.77,State,82.85,2,FIITJEE,8.3,Mid,12th,Urban,Medium,Yes,no
ST5423,68.51,80.82,68.16,ICSE,63.51,2,Local,4.2,High,12th,Urban,Medium,No,no
ST5424,85.6,64.54,67.84,ICSE,85.31,1,No Coaching,4.1,Low,PG,Rural,Medium,No,no
ST5425,81.04,63.16,56.55,State,78.22,2,FIITJEE,4.3,High,Graduate,Semi-Urban,Medium,Yes,no
ST5426,91.16,76.49,74.08,ICSE,67.19,2,FIITJEE,1.2,Mid,Graduate,Rural,Low,No,no
ST5427,58.49,81.42,67.52,ICSE,81.91,2,No Coaching,3.9,Low,Upto 10th,Semi-Urban,Medium,Yes,no
ST5428,81.6,65.68,61.98,CBSE,69.1,2,FIITJEE,7.9,Mid,Graduate,Semi-Urban,High,No,no
ST5429,86.82,53.66,81.28,CBSE,82.5,2,Local,4.2,Mid,Graduate,Semi-Urban,Low,No,no
ST5430,47.38,37.62,53,CBSE,72.26,1,No Coaching,2.4,Mid,Graduate,Urban,High,Yes,yes
ST5431,55.43,55.02,62.93,ICSE,57.79,1,No Coaching,5.5,Mid,Upto 10th,Rural,Low,No,no
ST5432,43.45,56.12,80.33,ICSE,65.18,1,FIITJEE,3.2,Low,PG,Semi-Urban,Medium,No,yes
ST5433,68.23,67.71,71.79,ICSE,70.7,1,Local,4.4,High,Graduate,Semi-Urban,Low,No,no
ST5434,82.05,60.48,67.43,ICSE,88.68,1,Local,2,Low,12th,Urban,High,Yes,yes
ST5435,93.03,77.01,71.01,State,84.01,2,Allen,2.4,High,Graduate,Semi-Urban,Low,Yes,no
ST5436,73.04,56.19,70.15,State,91.24,2,No Coaching,6,High,Graduate,Semi-Urban,Low,Yes,no
ST5437,94.8,65.09,49.8,ICSE,91.54,1,Allen,4.7,Low,PG,Rural,Medium,Yes,yes
ST5438,52.68,84.94,63.81,CBSE,69.65,1,Local,2.9,High,12th,Urban,Medium,No,no
ST5439,48.15,71.47,87.4,CBSE,73.12,2,Local,4.7,Low,Upto 10th,Urban,Low,No,no
ST5440,71.22,65.04,60.09,State,70.89,2,Allen,3.3,Low,Graduate,Semi-Urban,Medium,Yes,yes
ST5441,77.38,56.37,64.18,State,68.28,1,No Coaching,2.9,High,Graduate,Semi-Urban,Medium,Yes,no
ST5442,71.54,55.87,61.5,ICSE,56.59,1,Allen,6.8,High,Graduate,Urban,Low,No,no
ST5443,43.06,52.39,66.96,ICSE,74.85,2,Local,6.1,Mid,Graduate,Semi-Urban,High,Yes,no
ST5444,70.75,57.34,61,ICSE,62.14,2,Local,4.5,High,12th,Semi-Urban,Medium,Yes,no
ST5445,53.74,78.09,73.84,ICSE,74.66,1,FIITJEE,4.8,High,PG,Urban,Low,Yes,no
ST5446,81.38,62.45,70.37,ICSE,96.16,2,FIITJEE,4.5,High,PG,Semi-Urban,Low,Yes,no
ST5447,77.13,44.4,77.28,CBSE,69.91,2,Allen,5.5,Low,Graduate,Rural,Low,No,yes
ST5448,58.84,94.29,55.39,CBSE,76.95,1,FIITJEE,2.9,Mid,Upto 10th,Semi-Urban,High,No,no
ST5449,64.81,71.12,63.92,ICSE,84.07,2,Local,6.2,Mid,12th,Urban,High,Yes,no
ST5450,57.17,43.49,65.29,CBSE,77.8,1,No Coaching,5.2,Low,12th,Rural,High,Yes,no
ST5451,71.12,58.93,73.47,ICSE,77.92,2,No Coaching,4,High,Upto 10th,Semi-Urban,Medium,No,no
ST5452,85.37,67.77,58.48,ICSE,71.38,1,Allen,3.5,High,Graduate,Rural,Low,No,no
ST5453,58.2,93.27,78.99,State,72.68,2,FIITJEE,6.2,Low,Graduate,Urban,Low,Yes,yes
ST5454,79.06,48.27,82.24,CBSE,65.4,2,Allen,4.2,Mid,Graduate,Rural,High,No,no
ST5455,64.58,81.62,56.13,CBSE,83.46,1,FIITJEE,3.1,Low,Upto 10th,Semi-Urban,Medium,No,no
ST5456,60.9,88.39,62.11,State,57.59,1,No Coaching,3.7,Low,12th,Semi-Urban,Medium,No,no
ST5457,70.5,55.94,61.62,CBSE,84.71,2,FIITJEE,6,High,PG,Urban,Low,No,no
ST5458,57.51,61.56,99.59,State,60.96,1,FIITJEE,1.3,Low,Graduate,Rural,High,No,yes
ST5459,64.25,49.42,62.84,CBSE,84.63,1,Allen,3.8,Low,Upto 10th,Rural,Low,No,no
ST5460,55.23,62.74,88.13,ICSE,71.46,2,No Coaching,6.6,Low,Upto 10th,Urban,High,Yes,yes
ST5461,99.51,65.41,52.8,State,62.68,2,FIITJEE,4.2,High,Graduate,Urban,High,No,no
ST5462,72.49,76.55,56.12,ICSE,80.79,2,No Coaching,5,High,Upto 10th,Urban,Low,No,no
ST5463,62.2,83.44,59.76,ICSE,84.29,1,FIITJEE,6.7,Mid,Graduate,Urban,High,Yes,no
ST5464,75,54.03,57.85,CBSE,70.62,2,No Coaching,6.3,Mid,Graduate,Semi-Urban,High,Yes,no
ST5465,70.43,34.52,64.79,State,82.21,2,FIITJEE,3.6,Mid,Graduate,Semi-Urban,High,Yes,no
ST5466,68.91,65.66,59.49,ICSE,52.15,1,Local,4.2,High,12th,Urban,High,Yes,no
ST5467,80.6,70.7,58.17,ICSE,61.79,1,No Coaching,6.3,Mid,Upto 10th,Urban,Medium,Yes,no
ST5468,82.61,69.99,81.9,State,87.92,1,Local,6.4,Low,PG,Rural,High,Yes,yes
ST5469,64.57,60.77,82.69,CBSE,72.76,2,Local,4.3,Mid,12th,Semi-Urban,High,Yes,no
ST5470,63.94,68,79.39,ICSE,56.38,1,Local,4.4,Low,Graduate,Rural,High,Yes,no
ST5471,68.15,90.25,74.29,CBSE,68.01,2,FIITJEE,5,Mid,Upto 10th,Rural,Low,Yes,no
ST5472,39.77,72.11,69.11,State,65.77,2,No Coaching,7.2,High,PG,Semi-Urban,Medium,No,no
ST5473,50.79,60.03,62.04,CBSE,73.34,2,FIITJEE,6.6,Low,Graduate,Urban,High,Yes,yes
ST5474,91.14,58,56.56,State,71.29,2,FIITJEE,5.9,Low,Upto 10th,Semi-Urban,High,Yes,no
ST5475,95.03,63.28,72.36,CBSE,76.79,1,No Coaching,2.3,High,Graduate,Rural,Low,No,no
ST5476,68.51,92.19,53.92,CBSE,74.31,1,Allen,4,Low,PG,Semi-Urban,Medium,No,yes
ST5477,80.07,63.07,56.07,ICSE,88.6,1,FIITJEE,4.1,Mid,Upto 10th,Urban,Medium,Yes,no
ST5478,76.36,65.68,81.83,CBSE,79.25,1,Local,7.3,High,PG,Semi-Urban,Medium,Yes,no
ST5479,100,58.28,90.81,ICSE,79.58,2,FIITJEE,4,Low,Graduate,Urban,High,No,yes
ST5480,87.67,83.58,72.72,State,86.65,1,Allen,7,High,Graduate,Urban,Medium,Yes,no
ST5481,70.21,97.36,81.28,State,71.11,2,Local,3.4,Low,PG,Rural,Low,Yes,yes
ST5482,58.62,73.21,65.05,ICSE,62.38,1,FIITJEE,3.5,Low,12th,Rural,Low,Yes,no
ST5483,49.51,67.32,51.95,CBSE,87.07,1,No Coaching,5.5,High,12th,Urban,High,Yes,no
ST5484,74.85,66.59,75.35,State,76.36,2,Local,7.6,Low,Upto 10th,Urban,High,Yes,yes
ST5485,61.41,27.85,74.83,State,76.39,2,Allen,4.1,Mid,Upto 10th,Rural,High,Yes,no
ST5486,52.09,77.92,68.86,State,68.67,2,FIITJEE,0,Mid,12th,Urban,High,Yes,yes
ST5487,62.95,68.15,65.09,ICSE,68.83,1,No Coaching,1.4,Low,PG,Semi-Urban,Low,Yes,no
ST5488,56.86,72.85,79.55,State,83.47,2,Local,5.1,Low,Graduate,Urban,High,No,no
ST5489,95.62,54.62,56.17,State,84.85,1,Local,1.6,Mid,Graduate,Urban,High,No,yes
ST5490,84.34,59.85,58.71,State,82.84,2,No Coaching,2.8,Low,Upto 10th,Rural,High,Yes,yes
ST5491,71.89,59.42,55.9,State,82.93,1,Allen,4.5,Low,Upto 10th,Rural,High,Yes,no
ST5492,92.72,82.35,69.02,ICSE,80.69,2,Local,0,High,Graduate,Rural,Low,Yes,no
ST5493,73.08,59.94,54.95,ICSE,76.32,2,Allen,3.7,High,12th,Semi-Urban,Medium,Yes,no
ST5494,59.94,99.32,59.79,CBSE,73.25,2,Allen,2.2,Mid,Upto 10th,Urban,High,Yes,no
ST5495,93.32,72.89,59.53,State,87.1,2,No Coaching,1.5,Mid,Graduate,Urban,Low,Yes,no
ST5496,79.54,45.59,64.87,ICSE,71.26,1,Local,2.9,High,Upto 10th,Rural,Medium,No,no
ST5497,57.48,63.94,50.15,CBSE,78.7,1,FIITJEE,2.4,High,12th,Urban,Low,No,no
ST5498,69.34,55.57,69.05,CBSE,66.96,1,No Coaching,5.4,Mid,PG,Urban,Medium,No,no
ST5499,59.74,30.89,82.97,State,68.41,1,No Coaching,6.9,Mid,Upto 10th,Semi-Urban,Low,Yes,no
ST5500,52.64,91.59,69.63,CBSE,72.64,2,Allen,3.8,Mid,Graduate,Urban,High,Yes,no
ST5501,84.97,77.25,86.5,ICSE,66.96,2,FIITJEE,3.3,High,12th,Semi-Urban,Medium,Yes,no
ST5502,98.73,74.53,84.01,CBSE,82.98,1,No Coaching,3.7,High,Graduate,Urban,Low,No,no
ST5503,52.42,68.65,77.33,CBSE,61.52,1,Allen,2.3,Low,12th,Rural,High,No,yes
ST5504,79.88,43.89,68.9,ICSE,75.99,1,Local,1.9,Mid,PG,Rural,High,No,yes
ST5505,62.89,58.26,68.27,CBSE,76.33,1,Allen,1.2,Low,PG,Urban,Medium,Yes,yes
ST5506,65.18,79.47,77.17,CBSE,56.89,1,FIITJEE,1.8,Mid,Graduate,Rural,Low,No,no
ST5507,63.71,49.18,63.3,CBSE,70.59,2,FIITJEE,7.8,High,PG,Semi-Urban,High,No,no
ST5508,59.9,25.49,45.41,CBSE,77.56,2,Allen,3.1,Mid,Upto 10th,Rural,Low,No,no
ST5509,72.68,62.37,73.9,State,79.29,1,Local,0,Mid,12th,Semi-Urban,High,No,yes
ST5510,60.37,63.73,54.43,State,72.96,1,FIITJEE,3.3,High,12th,Urban,High,Yes,no
ST5511,75.79,68.17,56.45,ICSE,81.77,2,FIITJEE,1.3,High,12th,Urban,High,Yes,yes
ST5512,71.3,77.66,68,CBSE,73.91,1,Local,4.6,Mid,PG,Rural,Medium,Yes,no
ST5513,68.65,76.2,66.86,ICSE,75.14,1,No Coaching,4.4,Mid,PG,Urban,Low,No,no
ST5514,59.29,70.14,51.06,State,77.52,2,FIITJEE,4.6,Mid,Upto 10th,Urban,Medium,No,no
ST5515,63.93,85.13,69.99,CBSE,84.27,2,Allen,4.4,Mid,PG,Semi-Urban,Medium,No,no
ST5516,82.58,41.7,79.59,CBSE,68.24,2,Local,3.8,Mid,12th,Semi-Urban,Medium,Yes,no
ST5517,79.01,74.07,54.46,State,70.13,1,FIITJEE,1.6,High,Upto 10th,Urban,Medium,Yes,no
ST5518,58.31,76.02,83.27,CBSE,68.31,1,No Coaching,4.4,Mid,Upto 10th,Rural,Medium,Yes,no
ST5519,73.39,46.17,49.28,CBSE,71.68,2,FIITJEE,6.5,High,12th,Rural,High,Yes,no
ST5520,82.52,41.95,93.41,State,89.26,1,No Coaching,8.1,Low,Graduate,Rural,High,No,no
ST5521,48.63,54.06,63.06,ICSE,80.73,1,FIITJEE,4,Low,PG,Urban,High,No,no
ST5522,79.61,55.42,69.75,ICSE,63.69,1,FIITJEE,4.2,Mid,PG,Rural,Medium,Yes,no
ST5523,62.72,78.05,45.3,CBSE,69,1,Allen,5.5,Low,12th,Rural,High,No,no
ST5524,79.99,56.17,67.25,State,78.73,1,Local,7.5,High,Graduate,Urban,High,Yes,no
ST5525,61.31,52.3,70.74,ICSE,65.93,2,Local,3.5,Low,PG,Semi-Urban,High,Yes,no
ST5526,46.73,56.21,66.97,ICSE,67.75,1,Allen,5.9,Low,Graduate,Semi-Urban,Medium,Yes,yes
ST5527,49.21,83.9,61.24,CBSE,88.45,2,Local,2.9,High,12th,Urban,Low,Yes,no
ST5528,72.67,66.21,56.64,ICSE,68.87,2,Local,5.2,Mid,12th,Semi-Urban,Low,Yes,no
ST5529,75.64,63.13,81.57,State,84.55,1,Local,6.4,High,Graduate,Rural,High,Yes,no
ST5530,59.34,64.24,68.37,ICSE,87.55,2,FIITJEE,1.9,High,12th,Urban,Medium,No,no
ST5531,80.94,86.67,86.49,State,67.67,2,FIITJEE,3.4,Mid,12th,Urban,Low,Yes,no
ST5532,48.74,54.01,61.68,State,66.1,1,No Coaching,6.4,High,Upto 10th,Semi-Urban,High,No,no
ST5533,71.07,87.05,62.78,CBSE,72.24,2,No Coaching,5.7,Mid,Graduate,Urban,Medium,Yes,no
ST5534,55.05,69.37,77.79,ICSE,64.11,1,Local,6.6,High,PG,Urban,Low,Yes,no
ST5535,62.87,63.43,48.52,CBSE,76.21,1,Local,6.2,Low,PG,Rural,Low,Yes,yes
ST5536,72.66,100,53.44,ICSE,72.94,2,Local,3.8,Mid,Upto 10th,Urban,Medium,Yes,no
ST5537,59.95,49.11,81.17,CBSE,78.61,1,Allen,8.9,Mid,12th,Urban,Low,No,no
ST5538,66.62,60.34,53.94,CBSE,88.97,2,FIITJEE,4.8,Low,12th,Urban,High,Yes,yes
ST5539,86.09,46.28,46.17,CBSE,83.17,2,Local,0,Low,Upto 10th,Urban,High,No,yes
ST5540,63.92,81.24,90.42,ICSE,79.89,1,Local,3.9,Mid,Upto 10th,Semi-Urban,Medium,Yes,no
ST5541,83.7,93.03,51.27,CBSE,55.34,1,FIITJEE,3.6,Low,12th,Urban,Medium,Yes,yes
ST5542,56.18,92.72,70.21,State,79.43,1,No Coaching,6.1,High,Graduate,Rural,High,No,no
ST5543,79.42,85.58,68.83,ICSE,92.23,1,Local,3.6,High,Upto 10th,Semi-Urban,Medium,No,no
ST5544,92.18,62.84,34.27,State,50,1,Local,6.7,High,Graduate,Urban,Low,No,no
ST5545,37.4,60.16,64.79,CBSE,81.89,1,Local,5.6,Low,PG,Semi-Urban,Low,No,no
ST5546,60.84,39.26,73.38,CBSE,73.41,1,Local,2.5,Low,12th,Urban,Low,Yes,no
ST5547,80.08,98.57,72.25,State,66.5,1,FIITJEE,4.2,Low,Graduate,Urban,Low,No,no
ST5548,69.16,73.5,78.84,CBSE,83.01,1,FIITJEE,2.9,Mid,Graduate,Semi-Urban,Medium,No,no
ST5549,77.2,58.13,63.35,ICSE,92.1,1,FIITJEE,4.9,High,12th,Semi-Urban,Low,No,no
ST5550,63.54,87.25,76.55,State,82.75,2,No Coaching,2.9,Mid,12th,Semi-Urban,Medium,Yes,no
ST5551,73.21,50.44,59.73,ICSE,71.29,2,Local,4.6,Mid,PG,Semi-Urban,High,No,no
ST5552,69.82,72.51,51.07,ICSE,65.57,1,No Coaching,4,Mid,12th,Rural,Low,Yes,no
ST5553,88.35,63.24,52.43,ICSE,76.45,1,No Coaching,4.2,High,Graduate,Semi-Urban,Medium,No,no
ST5554,75.56,76.22,50.45,CBSE,83.73,1,FIITJEE,8.6,High,Upto 10th,Rural,High,Yes,no
ST5555,76.73,64.98,80.12,CBSE,71.13,1,Local,3.8,High,12th,Urban,Low,No,no
ST5556,66.23,42.79,49.83,State,72.1,1,Local,0.6,Low,12th,Urban,Low,No,no
ST5557,65.17,67.21,71.29,State,100,2,No Coaching,6.5,High,Upto 10th,Semi-Urban,Low,Yes,no
ST5558,65.94,82.78,64.81,ICSE,85.79,1,Allen,6.5,Low,12th,Urban,Medium,Yes,no
ST5559,77.52,65.53,66.77,CBSE,86.5,1,Allen,0.5,Low,12th,Rural,Medium,Yes,no
ST5560,66.11,78.4,84.36,CBSE,60.4,2,Local,3.1,Low,Upto 10th,Rural,High,Yes,no
ST5561,76.06,49.27,62.74,CBSE,67.93,1,Local,5.4,High,Graduate,Semi-Urban,Low,No,no
ST5562,100,65.58,75.34,State,75.75,1,No Coaching,5.5,High,PG,Semi-Urban,High,No,no
ST5563,84.2,56.01,68.45,CBSE,64.99,2,No Coaching,4.5,High,PG,Semi-Urban,Medium,No,no
ST5564,67.44,77.95,66.18,ICSE,91,1,FIITJEE,4.5,High,PG,Rural,Low,No,no
ST5565,88.82,66.5,95.6,ICSE,89.1,1,No Coaching,2.6,Mid,Graduate,Semi-Urban,High,No,no
ST5566,66.29,77.04,50.7,ICSE,69.66,2,No Coaching,0,High,PG,Rural,Low,No,no
ST5567,43.47,83.4,83.47,CBSE,92.84,1,Allen,8.6,High,Graduate,Rural,Medium,No,no
ST5568,57.89,77.07,75.88,ICSE,74.96,2,Allen,2.6,High,12th,Urban,High,Yes,no
ST5569,45.81,70.37,62.25,ICSE,100,1,Allen,4.9,High,PG,Urban,Low,Yes,no
ST5570,67.08,50.03,87.55,State,76.45,2,Allen,4.2,High,Upto 10th,Semi-Urban,Low,No,no
ST5571,72.26,65.96,45.82,State,80.76,2,No Coaching,6.3,Mid,Graduate,Semi-Urban,Low,No,no
ST5572,95.47,57.47,61.74,CBSE,89,1,Local,4.7,Mid,PG,Semi-Urban,High,Yes,no
ST5573,76.58,60.49,53.5,CBSE,87.78,2,Allen,4.8,Low,Upto 10th,Semi-Urban,Medium,No,yes
ST5574,68.93,60.01,72.95,CBSE,80.11,2,FIITJEE,0,Low,PG,Rural,Medium,Yes,no
ST5575,83.61,50.32,54.64,CBSE,73.59,1,FIITJEE,2.8,High,Graduate,Semi-Urban,High,No,no
ST5576,41.04,34.68,73.2,CBSE,80.14,2,No Coaching,6,Low,Graduate,Urban,Low,Yes,yes
ST5577,75.3,55.31,65.76,State,66.84,2,FIITJEE,5.8,Mid,12th,Semi-Urban,High,Yes,no
ST5578,82.79,69.09,62.25,State,76.52,1,Allen,2.6,High,Graduate,Rural,High,Yes,no
ST5579,51.3,44.43,72.66,State,63.91,2,Local,1.3,Low,PG,Urban,Medium,Yes,no
ST5580,88.01,66.25,64.78,ICSE,57.19,1,Local,4.8,Low,Graduate,Urban,High,Yes,yes
ST5581,76.74,96.4,54.94,ICSE,75.5,2,Allen,0,Mid,Upto 10th,Semi-Urban,Low,Yes,no
ST5582,66.19,82.37,100,State,87.62,2,FIITJEE,2.2,High,12th,Urban,Medium,Yes,no
ST5583,80.86,92.3,62.15,State,84.26,2,No Coaching,8,Low,12th,Urban,Medium,Yes,yes
ST5584,100,72.26,41.39,CBSE,74.18,2,Local,7.4,Mid,Graduate,Semi-Urban,Low,No,no
ST5585,74.55,84.68,57.89,State,92.47,1,Allen,5.5,High,PG,Semi-Urban,High,Yes,no
ST5586,75.48,54.42,52.79,CBSE,69.31,2,Allen,5.1,Mid,12th,Rural,Medium,Yes,no
ST5587,65.57,55.69,77.91,State,55.82,1,FIITJEE,0.6,High,PG,Urban,High,No,yes
ST5588,60.1,22.17,71.86,CBSE,53.18,1,No Coaching,3,High,PG,Semi-Urban,Low,No,no
ST5589,83.62,84.98,72.78,State,63.19,2,No Coaching,3.9,High,Upto 10th,Urban,Medium,No,no
ST5590,60.01,90.65,63.56,CBSE,83.17,1,FIITJEE,3.1,Mid,12th,Semi-Urban,Low,No,no
ST5591,73,57.15,64.65,ICSE,68.65,2,Allen,3.8,High,Graduate,Rural,Medium,No,no
ST5592,65.31,61.94,63.55,ICSE,79.61,1,FIITJEE,7.1,Low,PG,Semi-Urban,Low,No,no
ST5593,78.71,53.94,67.03,CBSE,91.46,2,FIITJEE,3.4,High,12th,Semi-Urban,High,Yes,no
ST5594,76.67,72.12,78.02,CBSE,64,1,FIITJEE,3.8,High,12th,Rural,Low,No,no
ST5595,86.53,84,72.03,ICSE,79.78,1,Allen,6,Mid,PG,Semi-Urban,Low,No,no
ST5596,64.86,38.12,74,State,80.39,2,Local,1.7,High,Graduate,Rural,Low,No,no
ST5597,68.22,72.55,73.99,CBSE,66.39,2,Allen,2.8,Low,12th,Urban,Low,No,no
ST5598,58.3,61.57,78.61,State,88.54,1,Local,3,Low,12th,Urban,Low,No,yes
ST5599,65.78,67.81,71.46,ICSE,72.12,1,Local,4.6,High,Graduate,Urban,High,Yes,no
ST5600,77.28,73.34,72.31,ICSE,71.16,1,FIITJEE,3.8,Mid,PG,Semi-Urban,High,No,no
ST5601,82.6,62.99,82.27,CBSE,96.12,1,No Coaching,3.9,Low,PG,Rural,Medium,Yes,yes
ST5602,59.09,64.34,60.02,State,80.23,1,FIITJEE,3.2,Mid,PG,Semi-Urban,Low,Yes,no
ST5603,84.17,62.58,57.73,ICSE,84.25,1,Allen,2.4,High,PG,Semi-Urban,High,Yes,no
ST5604,90.98,81.53,53.77,State,88.55,2,No Coaching,5.7,Mid,Graduate,Semi-Urban,Low,Yes,no
ST5605,77.79,72.7,70.19,ICSE,68.5,2,No Coaching,3.8,High,Upto 10th,Rural,Low,No,no
ST5606,98.28,69.53,45.76,CBSE,87.5,2,Allen,5.7,High,Graduate,Semi-Urban,Medium,Yes,no
ST5607,61.17,45.66,73.55,State,69.98,1,Allen,2.3,Mid,Graduate,Semi-Urban,Low,No,no
ST5608,54.57,59.94,66.69,State,69.55,1,FIITJEE,3.2,Low,PG,Rural,High,Yes,no
ST5609,47.1,80.38,81.62,CBSE,72.28,2,Allen,4.1,High,12th,Rural,Medium,No,no
ST5610,92.94,66.6,59.94,CBSE,68.78,2,Local,4.2,High,Graduate,Urban,Medium,No,no
ST5611,81.16,76.55,65.56,CBSE,83.22,2,Local,6,High,PG,Rural,Medium,No,no
ST5612,71.22,94.26,81.47,CBSE,77.67,2,No Coaching,3.6,Low,12th,Urban,Low,Yes,no
ST5613,75.92,82.62,84.6,ICSE,70.09,2,FIITJEE,6,Low,Graduate,Urban,Medium,No,yes
ST5614,56.24,67.49,59.84,State,81.75,2,FIITJEE,5.2,High,Upto 10th,Semi-Urban,High,Yes,no
ST5615,100,57.82,70.18,ICSE,72.25,2,No Coaching,4.3,Low,Upto 10th,Semi-Urban,High,Yes,yes
ST5616,73.81,25.14,71.53,CBSE,71.72,2,Allen,2.6,Mid,PG,Semi-Urban,Medium,No,no
ST5617,73.53,63.31,72.48,ICSE,75.49,1,FIITJEE,6,Mid,12th,Semi-Urban,Medium,Yes,no
ST5618,82.16,60.78,64.85,ICSE,79.63,2,No Coaching,2.6,Mid,12th,Semi-Urban,Medium,No,no
ST5619,78.73,72.25,83.38,State,78.9,2,No Coaching,4.5,Mid,PG,Semi-Urban,Low,No,no
ST5620,75.13,63.54,45.32,State,71.37,2,Local,4.4,High,PG,Semi-Urban,Medium,No,no
ST5621,60.93,60.87,62.95,State,83.47,1,No Coaching,4.1,Mid,12th,Urban,Medium,Yes,no
ST5622,78.6,37.53,73.38,CBSE,72.78,2,Allen,3.7,Low,Upto 10th,Urban,Low,No,yes
ST5623,98.35,50.96,73.49,CBSE,68.45,1,Allen,2.9,High,Upto 10th,Semi-Urban,Medium,No,no
ST5624,90.84,73.63,84.23,State,60.32,1,Allen,1.3,Low,Graduate,Semi-Urban,Medium,Yes,yes
ST5625,94.3,93.45,82.38,ICSE,84.83,1,Allen,7.3,Mid,Graduate,Urban,High,Yes,no
ST5626,64.84,64.44,64.57,State,75.12,1,No Coaching,3.5,High,12th,Urban,High,Yes,no
ST5627,58.15,71.24,83.6,CBSE,77.11,1,FIITJEE,4.2,High,Upto 10th,Rural,High,Yes,no
ST5628,70.24,81.24,59.43,ICSE,85.46,2,No Coaching,4.2,High,Graduate,Rural,Low,No,no
ST5629,72.78,53.03,79.17,CBSE,70.23,2,FIITJEE,6.7,Mid,Upto 10th,Semi-Urban,High,Yes,no
ST5630,87.32,71.87,89.73,State,61.26,1,FIITJEE,8.4,Low,Upto 10th,Semi-Urban,High,Yes,no
ST5631,48.31,54.15,82.58,State,75.7,1,FIITJEE,4.8,High,12th,Semi-Urban,Medium,Yes,no
ST5632,93.41,79.84,69.27,ICSE,78.08,1,Local,4.2,Low,Upto 10th,Urban,Low,Yes,no
ST5633,69.79,68.42,64.02,State,72.37,1,Allen,2.3,Mid,12th,Semi-Urban,Medium,No,no
ST5634,66.02,70.78,49.66,CBSE,89.74,1,Local,1.6,Mid,Graduate,Semi-Urban,Medium,Yes,no
ST5635,57.83,53.48,71.73,CBSE,50.14,2,No Coaching,1,Low,PG,Semi-Urban,Low,Yes,yes
ST5636,48.83,77.31,54.62,CBSE,86.2,1,Local,2.9,High,Upto 10th,Rural,Low,No,no
ST5637,83.52,99.36,58.48,ICSE,82.91,1,FIITJEE,0.3,Low,PG,Rural,Medium,Yes,no
ST5638,73.03,49.87,53.71,CBSE,79.57,1,No Coaching,6.7,High,PG,Semi-Urban,Medium,No,no
ST5639,53.94,60.56,62.48,State,50,2,Allen,5.3,High,12th,Urban,Medium,Yes,no
ST5640,53.87,69.71,67.66,ICSE,87.84,2,FIITJEE,4,Low,Upto 10th,Rural,Low,No,yes
ST5641,67.3,78.58,71.28,CBSE,64.74,2,Allen,6.7,High,Upto 10th,Semi-Urban,Medium,No,no
ST5642,95.37,57.05,60.79,CBSE,69.92,1,Local,2.4,High,Graduate,Rural,Medium,Yes,no
ST5643,68.37,20.67,80.83,State,73.29,1,Allen,2.9,High,PG,Urban,High,No,no
ST5644,50.96,87.75,65.5,State,79.07,2,No Coaching,0.6,Mid,PG,Urban,High,No,yes
ST5645,68.56,78.17,58.55,ICSE,81.39,2,FIITJEE,6,High,12th,Urban,High,No,no
ST5646,68.18,38.11,70.72,CBSE,83.93,2,Allen,2.9,Low,Upto 10th,Urban,High,No,yes
ST5647,34.24,56.28,91.56,CBSE,83.16,1,Local,4.5,Mid,Upto 10th,Semi-Urban,High,No,no
ST5648,71.24,91.09,72.02,State,77.53,1,No Coaching,6.5,High,PG,Urban,Medium,Yes,no
ST5649,68.77,89.16,63.65,ICSE,79.16,2,FIITJEE,7.2,Mid,Graduate,Semi-Urban,Medium,Yes,no
ST5650,81.75,81.02,49.67,State,64.09,2,Local,4.4,Low,PG,Urban,Low,Yes,no
ST5651,97.89,63.18,65.37,State,67.49,1,FIITJEE,5.3,Mid,Upto 10th,Semi-Urban,Low,Yes,no
ST5652,87.77,67.33,70.82,ICSE,83.95,2,Allen,2.7,Mid,12th,Urban,Low,No,no
ST5653,68.24,63.91,63.35,CBSE,83.37,1,Local,7.9,High,12th,Semi-Urban,Medium,Yes,no
ST5654,56.51,84.05,48.02,CBSE,82.24,2,Local,4.2,Low,12th,Rural,High,Yes,no
ST5655,100,51.99,57.79,CBSE,69.86,1,Allen,4.7,Low,Upto 10th,Semi-Urban,Medium,Yes,yes
ST5656,72.83,53.11,85.45,ICSE,84.1,1,Local,3.7,Mid,Upto 10th,Semi-Urban,Medium,Yes,no
ST5657,72.2,82.16,85.21,ICSE,63.39,2,Local,6.9,High,12th,Urban,Low,No,no
ST5658,71.66,65.29,57.36,ICSE,85.77,1,Local,4.9,Mid,Upto 10th,Urban,Low,No,no
ST5659,74.77,88.06,76.07,ICSE,72.39,1,Allen,6,Mid,Graduate,Rural,Low,Yes,no
ST5660,69.98,55.26,53.86,ICSE,91.84,2,Allen,5.2,Mid,12th,Urban,Low,Yes,no
ST5661,63.97,65.12,84.85,State,59.79,1,FIITJEE,4.1,High,Graduate,Semi-Urban,Medium,No,no
ST5662,64.34,51.24,70.94,CBSE,92.63,2,Allen,6.4,Mid,Graduate,Urban,Low,Yes,no
ST5663,71.54,66.12,79.4,ICSE,71.39,1,Local,5.2,High,Upto 10th,Urban,High,Yes,no
ST5664,64.39,42.34,47.42,CBSE,71.21,2,Allen,2.6,Low,Upto 10th,Semi-Urban,Medium,Yes,yes
ST5665,62.02,58.2,76.13,ICSE,76.95,1,Local,2.5,Mid,12th,Rural,High,Yes,no
ST5666,73.49,43.02,67.91,CBSE,68.03,1,Local,4.8,Low,Upto 10th,Urban,Medium,Yes,no
ST5667,68.43,77.1,78.22,State,74.28,2,Local,6.3,Mid,Graduate,Urban,Medium,Yes,no
ST5668,93.06,77.47,78.98,CBSE,67.62,2,Allen,7.8,Low,Upto 10th,Semi-Urban,Low,No,no
ST5669,34.89,38.32,68.79,CBSE,67.99,1,Local,0.9,High,12th,Rural,High,No,yes
ST5670,87.28,87.34,60.79,ICSE,79.87,2,FIITJEE,4.6,Mid,PG,Rural,Medium,No,no
ST5671,89.45,100,77.36,CBSE,65.98,2,No Coaching,5.5,Mid,PG,Urban,High,Yes,no
ST5672,42.97,66.74,67.28,State,67.32,1,No Coaching,5.1,High,Upto 10th,Semi-Urban,Medium,No,no
ST5673,67.2,55.74,57.53,State,61.27,2,FIITJEE,6.5,Low,PG,Urban,Medium,Yes,no
ST5674,66.8,100,56.96,State,69.96,1,No Coaching,5.8,Low,Graduate,Semi-Urban,Medium,No,no
ST5675,52.29,44.9,50.27,ICSE,88.12,2,FIITJEE,2.5,High,PG,Semi-Urban,High,No,no
ST5676,61.11,66.32,61.88,ICSE,66.54,1,Allen,2.5,Low,PG,Urban,Medium,No,yes
ST5677,56.45,68.87,81.23,ICSE,67.68,2,No Coaching,5.1,High,Graduate,Semi-Urban,High,No,no
ST5678,96.53,87.52,70.13,ICSE,76.94,1,FIITJEE,6.5,Low,12th,Urban,High,No,yes
ST5679,85.1,71.76,61.64,ICSE,71.29,1,FIITJEE,4.8,High,PG,Rural,Low,Yes,no
ST5680,89.8,58.02,77.66,State,97.28,2,Local,1.3,High,PG,Rural,High,No,yes
ST5681,82.1,50.78,58.01,CBSE,73.37,2,Allen,2.4,High,PG,Urban,Medium,Yes,no
ST5682,56.19,60.53,69.14,State,78.35,1,FIITJEE,5.9,High,12th,Rural,Medium,Yes,no
ST5683,64.66,49.89,65.84,ICSE,84.44,2,No Coaching,3.8,Low,Upto 10th,Rural,Medium,No,no
ST5684,78.85,66.77,77.35,State,84.25,1,Local,4.7,Mid,Upto 10th,Rural,Medium,Yes,no
ST5685,54.89,56.97,49.07,CBSE,77.33,1,Local,6.6,Low,12th,Rural,High,Yes,no
ST5686,81.98,42.1,57.8,ICSE,73.39,2,Local,2.1,High,Graduate,Semi-Urban,Low,No,no
ST5687,68.64,86.08,48.34,State,95.24,2,Allen,3.7,Mid,Upto 10th,Urban,High,Yes,no
ST5688,66.75,58.04,64.88,State,74,2,FIITJEE,3.5,Mid,12th,Urban,Medium,No,no
ST5689,81.95,45.71,82.54,CBSE,70.58,1,Allen,5.2,Low,12th,Rural,High,No,no
ST5690,78.22,63.31,61.93,ICSE,68.54,2,FIITJEE,6,High,Graduate,Urban,Low,No,no
ST5691,66.95,67.09,61.87,ICSE,57.73,2,Local,1.5,High,12th,Urban,Low,No,no
ST5692,88.23,38.06,78.46,CBSE,83.22,2,No Coaching,4.5,High,Upto 10th,Urban,Low,No,no
ST5693,56.87,71.31,80.82,CBSE,51.52,1,No Coaching,6.2,High,Upto 10th,Semi-Urban,Low,Yes,no
ST5694,80.62,49.25,66.94,CBSE,74.94,2,Allen,0.8,High,12th,Rural,Low,No,no
ST5695,80.3,93.38,76.22,CBSE,72.95,2,Local,4.4,Mid,12th,Urban,High,No,no
ST5696,67.67,74.38,55.08,ICSE,97.4,1,FIITJEE,2.1,Low,Graduate,Semi-Urban,Low,Yes,no
ST5697,76.57,59.6,84.54,ICSE,56.68,2,Allen,3.2,Low,Graduate,Rural,Low,Yes,yes
ST5698,54.48,54.08,93.78,State,65.99,1,Local,0,Low,PG,Semi-Urban,Medium,Yes,yes
ST5699,84.94,64.32,74.25,State,73.64,2,Allen,7.3,Mid,12th,Semi-Urban,Low,No,no
ST5700,69.41,75.8,42.99,State,73.02,1,No Coaching,3.8,Mid,PG,Semi-Urban,High,No,no
ST5701,64.68,65.59,61.3,ICSE,69.5,1,Local,2.9,Low,PG,Urban,Medium,No,no
ST5702,86.69,62.53,75.35,ICSE,74.19,1,Allen,5.2,Mid,PG,Rural,High,Yes,no
ST5703,62.14,66.93,62.94,ICSE,62.4,2,FIITJEE,2.4,Mid,PG,Rural,Medium,No,no
ST5704,52.28,56.34,83.27,State,78.57,2,No Coaching,2.2,Low,Upto 10th,Urban,Low,Yes,yes
ST5705,50.21,60.51,75.06,CBSE,51.79,1,FIITJEE,7.5,Mid,Graduate,Rural,High,Yes,no
ST5706,80.48,32.63,59.52,CBSE,74.74,2,Allen,8.1,High,12th,Rural,Medium,No,no
ST5707,54.07,81.58,68.39,CBSE,69,2,Local,3.3,Low,Graduate,Semi-Urban,High,No,yes
ST5708,96.57,70.78,57.27,CBSE,85.16,2,No Coaching,6.6,Low,Graduate,Urban,Medium,Yes,no
ST5709,42.85,53.62,65.81,CBSE,92.55,1,FIITJEE,5.2,Low,Graduate,Semi-Urban,Low,No,yes
ST5710,95.75,96.38,61.34,ICSE,71.69,2,FIITJEE,1.7,Low,Graduate,Rural,High,No,yes
ST5711,74.95,67.39,82.1,State,88.91,1,Local,2.6,Mid,Graduate,Rural,High,Yes,no
ST5712,70.65,49.42,93.39,CBSE,71.84,1,Allen,7.6,Low,Graduate,Urban,High,Yes,no
ST5713,64.37,79.71,50.83,CBSE,65.34,2,FIITJEE,1.6,High,Upto 10th,Semi-Urban,Low,No,no
ST5714,77.59,72.37,44.92,CBSE,92.46,2,Allen,9.1,Mid,Graduate,Semi-Urban,Low,No,no
ST5715,71.47,72.31,65.06,ICSE,80.21,1,Allen,3.4,Mid,12th,Semi-Urban,Medium,Yes,no
ST5716,87.45,59.19,49.78,CBSE,75.04,2,Allen,7.7,Low,12th,Urban,High,No,yes
ST5717,73.6,73.21,68.55,State,81.87,2,Local,3.9,Mid,PG,Semi-Urban,Medium,Yes,no
ST5718,74.1,61.81,76.99,ICSE,77.74,1,Allen,6.1,Mid,PG,Semi-Urban,Medium,Yes,no
ST5719,66.91,74.9,85.93,ICSE,74.31,2,No Coaching,7.3,Mid,Graduate,Rural,Low,No,no
ST5720,71.2,35.52,70.42,ICSE,61.74,1,Local,7.3,Low,PG,Rural,High,No,yes
ST5721,76.31,59.06,65.68,CBSE,72.29,1,FIITJEE,3.3,High,PG,Semi-Urban,Low,Yes,no
ST5722,48.06,93.55,44.26,CBSE,81.23,2,Local,2.8,Low,Graduate,Semi-Urban,High,No,no
ST5723,53.13,53.73,68.31,CBSE,73.77,1,FIITJEE,4.3,High,PG,Rural,Medium,Yes,no
ST5724,82.41,56.34,68.86,CBSE,84.02,2,No Coaching,1.9,Mid,12th,Urban,Low,Yes,no
ST5725,74.39,58.83,75.67,State,78.84,2,Allen,5,High,Graduate,Rural,Low,Yes,no
ST5726,69.42,46.56,59.5,ICSE,66.22,2,Allen,2.9,Low,12th,Semi-Urban,High,No,no
ST5727,72.26,30.67,62.78,CBSE,61.81,1,Allen,6.7,Low,12th,Urban,Medium,Yes,no
ST5728,76.87,62.31,50.26,State,73.43,1,Allen,3.4,Low,Upto 10th,Semi-Urban,Low,No,no
ST5729,64.44,68.17,40.5,ICSE,69.76,1,Local,1,Mid,Upto 10th,Semi-Urban,Medium,Yes,no
ST5730,61.1,65.16,54.7,ICSE,78.36,2,No Coaching,7.3,High,PG,Semi-Urban,Low,Yes,no
ST5731,74.74,63.68,49.16,ICSE,67.82,2,FIITJEE,4.9,Low,12th,Urban,Low,Yes,no
ST5732,58.3,66.69,72.04,CBSE,68.85,1,Local,4.6,Low,PG,Semi-Urban,Low,No,yes
ST5733,77.72,82.37,61.78,ICSE,85.53,2,Allen,6.7,Low,Graduate,Urban,Medium,No,no
ST5734,48.16,62.95,61.54,CBSE,76.48,2,Allen,6.2,Mid,12th,Rural,Medium,No,no
ST5735,86.41,56.81,56.19,State,67.97,1,Allen,3,Low,PG,Urban,Medium,No,yes
ST5736,78.62,61.5,29.21,ICSE,75.18,1,FIITJEE,3.6,Mid,12th,Semi-Urban,Medium,No,no
ST5737,75.58,75.27,86.1,State,88.79,1,FIITJEE,2.3,Mid,PG,Semi-Urban,Medium,No,no
ST5738,85.76,88.59,56,CBSE,77.94,2,Local,1.6,Low,Graduate,Rural,Medium,No,yes
ST5739,95.32,55.95,63.05,CBSE,80.93,2,No Coaching,5.7,Mid,Upto 10th,Rural,Medium,No,no
ST5740,86.2,67.58,50.54,CBSE,67.48,2,FIITJEE,5.3,Mid,12th,Rural,High,No,no
ST5741,46.23,71.41,79.66,ICSE,85.26,1,Local,6,Low,PG,Urban,Medium,No,yes
ST5742,54.09,50.12,69.72,ICSE,98.18,1,FIITJEE,7.1,Low,Upto 10th,Urban,Medium,No,yes
ST5743,63.25,66.33,58.08,State,67.09,1,Local,6,High,Graduate,Urban,High,Yes,no
ST5744,72.37,42.55,63.29,CBSE,63.18,1,Allen,6.2,Low,Upto 10th,Urban,High,Yes,no
ST5745,79.25,37.7,88.14,State,76.76,2,FIITJEE,0.3,High,Graduate,Rural,Medium,No,no
ST5746,61.84,71.87,67.12,CBSE,83.76,1,Allen,3.9,High,PG,Semi-Urban,Medium,Yes,no
ST5747,74.61,59.86,65.82,CBSE,74.09,2,No Coaching,6.4,High,Graduate,Semi-Urban,Medium,No,no
ST5748,61.42,69.24,56.7,State,64.47,1,Allen,2.2,Low,Upto 10th,Urban,High,Yes,yes
ST5749,63.44,65.71,45.27,CBSE,73.91,2,No Coaching,4.7,High,PG,Rural,Low,Yes,no
ST5750,52.31,50.38,66.08,State,80.98,1,FIITJEE,5.5,High,PG,Rural,Low,No,no
ST5751,59.07,65.28,71.91,ICSE,70.93,2,No Coaching,5.4,High,12th,Rural,Low,Yes,no
ST5752,53.08,46.27,81.2,State,81.07,2,Allen,5.2,Low,PG,Semi-Urban,Low,Yes,yes
ST5753,58.34,88.26,41.02,State,86.65,1,FIITJEE,5.7,Low,PG,Semi-Urban,Low,No,no
ST5754,86.75,44.3,54.5,CBSE,77.4,2,Local,4.9,Low,PG,Urban,Medium,Yes,no
ST5755,58.71,62.87,61.03,State,74.72,1,FIITJEE,1.6,Low,12th,Semi-Urban,Low,No,no
ST5756,100,49.32,67.96,ICSE,83.29,2,Local,5.5,Mid,Graduate,Rural,Medium,No,no
ST5757,78.91,75.13,66.26,ICSE,66.44,1,Allen,5.1,Low,Upto 10th,Semi-Urban,High,Yes,no
ST5758,74.59,60.7,66.54,ICSE,65.45,1,FIITJEE,1.6,High,PG,Semi-Urban,High,No,yes
ST5759,59.98,57.7,72.9,ICSE,72.33,1,Local,7.3,Low,Upto 10th,Semi-Urban,Low,No,yes
ST5760,81.8,79.65,57.16,State,70.08,2,Allen,5.6,Mid,Upto 10th,Urban,High,No,no
ST5761,63.94,66.47,79.21,ICSE,66.97,2,No Coaching,1.7,Mid,PG,Semi-Urban,Medium,Yes,no
ST5762,73.71,74.27,73.2,State,93.3,1,Local,2.9,Mid,Upto 10th,Urban,Low,Yes,no
ST5763,100,50.3,64.16,State,96.72,2,No Coaching,3.4,Low,Graduate,Semi-Urban,Low,Yes,yes
ST5764,70.66,43.52,87.21,CBSE,71.46,1,FIITJEE,3.4,Mid,Upto 10th,Urban,Medium,Yes,no
ST5765,88.09,67.72,86.68,State,75.92,2,Local,5.1,Mid,Upto 10th,Rural,Medium,Yes,no
ST5766,62.16,60.9,79.19,State,73.12,1,Allen,2.5,Mid,12th,Rural,Medium,No,no
ST5767,71.51,76.02,31.78,CBSE,86.07,1,Allen,6.8,Low,Graduate,Rural,Low,No,yes
ST5768,96.79,64.72,86.95,ICSE,88.06,1,No Coaching,6.6,Mid,Upto 10th,Urban,High,Yes,no
ST5769,63.22,69.28,77.54,ICSE,57.23,1,Allen,5.7,Mid,PG,Rural,High,Yes,no
ST5770,97.37,40.03,92.08,State,79.76,1,FIITJEE,4.6,High,Upto 10th,Urban,High,No,no
ST5771,81.91,96.21,82.85,CBSE,61.93,2,FIITJEE,6.4,High,PG,Urban,High,Yes,no
ST5772,64.13,63.37,86.94,State,92.58,2,No Coaching,3.9,High,Graduate,Urban,Low,No,no
ST5773,80.85,77.16,78.54,State,79.4,2,Local,3.1,Mid,Graduate,Rural,Medium,Yes,no
ST5774,85.62,52.62,84.18,ICSE,66.77,2,Allen,6.9,High,12th,Urban,High,Yes,no
ST5775,80.71,70.93,91.93,CBSE,72.59,1,FIITJEE,5.1,Low,PG,Semi-Urban,Low,No,yes
ST5776,50.02,45.15,70.6,State,72.11,1,Local,3.1,High,PG,Rural,Low,Yes,no
ST5777,61.82,73.23,49.13,ICSE,80.25,1,FIITJEE,3.7,Low,Graduate,Semi-Urban,High,No,yes
ST5778,68.53,60.3,64.31,State,85.42,2,FIITJEE,3,High,PG,Rural,Medium,No,no
ST5779,70.96,66.47,72.68,ICSE,63.52,1,Local,8.5,High,PG,Urban,Medium,No,no
ST5780,80.69,77.17,68.9,CBSE,93.39,2,Local,4.5,High,Upto 10th,Urban,Low,No,no
ST5781,74.49,46.28,53.04,State,91.06,2,Allen,4.8,Low,12th,Urban,Medium,No,no
ST5782,53.31,55.05,48.43,CBSE,66.25,2,No Coaching,5.9,Low,Upto 10th,Rural,Low,No,yes
ST5783,77.32,73.32,59.11,ICSE,75.73,1,No Coaching,2.1,High,Graduate,Rural,Medium,Yes,no
ST5784,80.55,99.57,77.69,CBSE,92.11,2,FIITJEE,6.7,Low,PG,Urban,High,No,no
ST5785,79.84,63.79,86.96,CBSE,87.33,2,No Coaching,3.3,High,PG,Rural,Medium,No,no
ST5786,87.13,75.46,79,CBSE,71.63,2,FIITJEE,8.2,Mid,Graduate,Semi-Urban,High,Yes,no
ST5787,83.67,64.29,80.69,State,83.14,2,Local,3.9,Mid,PG,Urban,High,No,no
ST5788,78.43,97.08,67.03,ICSE,100,2,FIITJEE,6.6,Mid,Graduate,Semi-Urban,Low,Yes,no
ST5789,71.02,38.04,47.1,CBSE,76.05,1,Allen,0,Low,12th,Semi-Urban,High,No,yes
ST5790,48.75,67.51,62.54,State,68.67,2,FIITJEE,2.1,Mid,PG,Rural,Low,No,no
ST5791,78.01,39.99,64.89,ICSE,76.72,2,FIITJEE,3.9,High,Upto 10th,Semi-Urban,High,No,no
ST5792,74.91,25.89,62.04,ICSE,77.47,2,Allen,0.4,High,Upto 10th,Urban,High,No,yes
ST5793,75.8,70.76,68.66,ICSE,69.75,1,Allen,5.7,Low,12th,Semi-Urban,High,Yes,yes
ST5794,54.13,68.23,73.3,CBSE,79.42,2,No Coaching,5.1,High,Graduate,Rural,Medium,Yes,no
ST5795,56.87,61.44,78.24,CBSE,62.46,1,Local,2.5,Mid,PG,Rural,Medium,Yes,no
ST5796,86.74,64.3,64.66,CBSE,68.34,2,Local,4.5,High,PG,Urban,High,Yes,no
ST5797,71.45,100,45.15,ICSE,82.58,1,Allen,6.1,Low,Upto 10th,Urban,Low,Yes,no
ST5798,81.54,61.87,62.21,ICSE,57.45,1,Local,0.3,High,Graduate,Urban,High,Yes,yes
ST5799,72.4,74.16,68.52,CBSE,84.03,1,FIITJEE,2,High,Graduate,Urban,Low,Yes,no
ST5800,72.42,55.61,82.67,CBSE,54.88,2,Local,3.8,Mid,PG,Urban,High,Yes,no
ST5801,85.14,70.72,61.19,ICSE,57.69,2,Allen,4.5,Low,PG,Semi-Urban,High,Yes,yes
ST5802,64.78,62.19,74.15,ICSE,70.01,2,Local,4.4,Mid,Upto 10th,Semi-Urban,Low,No,no
ST5803,73.35,59.43,71.48,State,77.87,2,Allen,6.3,High,Graduate,Rural,Low,Yes,no
ST5804,65.53,95.1,68.53,State,88.25,1,No Coaching,5.5,Low,PG,Semi-Urban,Medium,No,yes
ST5805,65.92,84.83,79.17,CBSE,75.58,2,Allen,5.9,High,PG,Urban,Low,Yes,no
ST5806,67.67,68.19,60.07,ICSE,72.53,2,FIITJEE,1.7,High,Upto 10th,Urban,High,No,yes
ST5807,75.11,29.13,61.1,ICSE,80.8,1,FIITJEE,4.8,Mid,Upto 10th,Rural,Low,Yes,no
ST5808,65.3,60.22,67.86,State,66.29,1,FIITJEE,3.9,High,PG,Urban,Medium,No,no
ST5809,89.58,100,60.32,ICSE,76.39,1,Allen,7.4,Low,12th,Rural,High,Yes,no
ST5810,59.48,62.31,74.1,CBSE,63.01,1,Allen,4.8,Low,Upto 10th,Semi-Urban,High,Yes,no
ST5811,69.38,83.65,59.44,State,75.83,2,FIITJEE,3.2,Mid,PG,Semi-Urban,High,Yes,no
ST5812,65.84,89.07,70.72,ICSE,73.7,2,Local,6.2,Mid,12th,Semi-Urban,Low,No,no
ST5813,92.26,69.5,66.8,ICSE,66.96,1,Allen,5.6,Low,PG,Rural,High,Yes,no
ST5814,74.75,52.53,70.58,CBSE,76.65,1,Local,2.9,Mid,Graduate,Urban,High,No,no
ST5815,86.45,27.04,62.48,ICSE,76.59,2,No Coaching,3.8,High,12th,Rural,Low,No,no
ST5816,51.2,76.95,63.93,State,86.75,1,No Coaching,3.8,Low,Graduate,Semi-Urban,High,No,yes
ST5817,75.74,52.96,69.15,State,58.94,1,No Coaching,7,Mid,PG,Rural,Low,Yes,no
ST5818,84.45,68.82,70.42,ICSE,74.24,1,No Coaching,4.9,Low,12th,Urban,Low,No,no
ST5819,73.15,46,67.95,ICSE,67.4,2,FIITJEE,6,High,Graduate,Rural,Medium,No,no
ST5820,86.92,61.76,88.46,ICSE,83.7,2,Allen,3.5,Mid,Upto 10th,Semi-Urban,High,No,no
ST5821,64.76,66.54,56.11,ICSE,82.54,2,No Coaching,5.2,Low,12th,Urban,Low,No,yes
ST5822,91.73,70.3,67.23,State,80.08,1,FIITJEE,7.1,High,Upto 10th,Semi-Urban,Medium,No,no
ST5823,100,48.16,49.12,CBSE,67.96,2,No Coaching,3.8,Mid,Upto 10th,Urban,Low,No,no
ST5824,66.92,85.15,72.46,State,83.85,1,Allen,4.7,Low,Graduate,Urban,High,No,no
ST5825,65.76,56.45,54.62,ICSE,59.7,2,No Coaching,1.8,High,PG,Semi-Urban,Medium,No,no
ST5826,92.35,39.21,64.66,ICSE,57.65,1,No Coaching,3,High,Graduate,Semi-Urban,Low,No,no
ST5827,94.11,64.26,63.54,State,62.24,1,Local,3.8,High,PG,Semi-Urban,Medium,Yes,no
ST5828,64.68,66.55,71.37,State,74.67,2,Local,2.4,High,Graduate,Rural,High,No,no
ST5829,66.12,68.57,61.37,ICSE,81.75,2,Local,7.1,High,Graduate,Semi-Urban,Low,No,no
ST5830,68.06,87.79,60.86,State,50,1,Local,2.8,Mid,12th,Urban,High,No,no
ST5831,53.18,62.22,85.23,ICSE,88.23,1,No Coaching,6.1,High,PG,Rural,Low,No,no
ST5832,59.14,64.09,71.41,State,76.31,1,No Coaching,4.9,Mid,Upto 10th,Rural,Medium,Yes,no
ST5833,57.94,48.35,61.27,ICSE,59.32,1,Local,4.6,Mid,PG,Rural,High,Yes,no
ST5834,61.25,79.13,64.99,State,76.01,1,Allen,7.5,Low,PG,Rural,Medium,Yes,no
ST5835,71.51,68.95,87.74,ICSE,85.93,2,FIITJEE,0,Low,Graduate,Rural,Low,No,no
ST5836,75.28,59.28,65.18,CBSE,80.99,1,No Coaching,4.1,Mid,Upto 10th,Rural,Low,Yes,no
ST5837,93.71,35.53,59.73,CBSE,85.99,2,Local,2.3,High,12th,Semi-Urban,High,Yes,no
ST5838,58.02,89.11,59.78,State,61.34,2,FIITJEE,0.6,High,Graduate,Urban,High,No,yes
ST5839,85.78,46.36,61.41,CBSE,70.86,2,Local,2.1,Mid,12th,Semi-Urban,Low,No,no
ST5840,69,56.54,60.87,ICSE,65.75,2,Local,4.5,High,12th,Urban,Medium,No,no
ST5841,71.31,71.73,52.64,State,92.18,1,Allen,3,Mid,PG,Rural,Low,No,no
ST5842,81.45,46.86,54.51,State,81.39,2,Allen,6.3,Low,Upto 10th,Semi-Urban,Medium,Yes,no
ST5843,56.28,42.1,58.05,ICSE,100,2,No Coaching,4.1,High,PG,Semi-Urban,High,No,no
ST5844,77.35,32.02,75.1,ICSE,70.32,2,Local,3.9,High,Upto 10th,Semi-Urban,Medium,No,no
ST5845,74.33,77.54,63.43,ICSE,67.75,1,FIITJEE,3.9,High,12th,Urban,Low,Yes,no
ST5846,78.89,57.28,65.51,State,73.57,2,No Coaching,4.3,Low,PG,Rural,Medium,Yes,yes
ST5847,76.05,100,83.24,ICSE,88.78,2,Allen,3.7,High,12th,Rural,High,No,no
ST5848,100,50.09,83.54,CBSE,71.34,2,No Coaching,2.8,Mid,Graduate,Rural,Medium,Yes,no
ST5849,63.07,51.26,64.61,State,76.24,1,No Coaching,6.5,High,Upto 10th,Urban,Low,No,no
ST5850,64.57,56.95,60.43,ICSE,75.97,1,Local,3.3,Mid,12th,Semi-Urban,Low,No,no
ST5851,63.28,69.89,57.63,State,75.39,1,FIITJEE,3.7,High,12th,Urban,Medium,No,no
ST5852,64.22,58.48,76.31,CBSE,68.48,2,Allen,5.4,Mid,Upto 10th,Rural,Low,No,no
ST5853,63.08,75.8,65.54,CBSE,73.63,1,No Coaching,5.1,Low,12th,Urban,High,No,no
ST5854,88.65,50.34,63.36,ICSE,73.2,1,No Coaching,2.7,High,Graduate,Urban,Medium,Yes,no
ST5855,91.89,43.89,58.24,State,74.92,1,Local,6,Low,12th,Urban,Medium,Yes,yes
ST5856,64.01,37.23,58.76,ICSE,84.44,2,No Coaching,5.6,Low,12th,Rural,Medium,Yes,no
ST5857,60.35,30.42,71.84,State,92.61,1,FIITJEE,4.9,High,Upto 10th,Semi-Urban,Low,Yes,no
ST5858,78.6,57.71,52.21,ICSE,66.6,2,Local,3.6,High,Upto 10th,Rural,Medium,Yes,no
ST5859,64.27,61.18,79.94,ICSE,71.08,2,Allen,3.7,Mid,Graduate,Urban,Medium,No,no
ST5860,80.86,55.9,61.59,State,66.75,2,No Coaching,4.1,High,12th,Semi-Urban,Medium,No,no
ST5861,74.84,85.89,66.2,State,76.87,2,No Coaching,2,High,PG,Semi-Urban,Medium,No,no
ST5862,50.78,85.65,51.96,CBSE,69.62,1,Local,4.4,Mid,Graduate,Rural,High,Yes,no
ST5863,93.67,60.64,67.85,CBSE,77.4,1,No Coaching,6.3,Mid,PG,Rural,Low,Yes,no
ST5864,97.14,37.3,64.06,State,86.04,2,Allen,6.3,High,12th,Semi-Urban,High,Yes,no
ST5865,63.42,56.93,67.4,CBSE,50,2,FIITJEE,3.7,High,12th,Urban,Medium,Yes,no
ST5866,66.57,56.4,85.66,CBSE,79.92,2,FIITJEE,6.6,High,Upto 10th,Rural,Low,No,no
ST5867,76,55.49,70.13,State,70.4,2,Local,8.3,Low,Graduate,Semi-Urban,Medium,No,no
ST5868,76.68,54.84,58.46,State,79.6,1,No Coaching,3.9,Low,PG,Semi-Urban,High,Yes,no
ST5869,81.22,55.54,59.46,State,66.04,1,Local,5.9,High,12th,Urban,Medium,Yes,no
ST5870,100,59.82,75.14,ICSE,86.96,2,Local,0,Mid,12th,Semi-Urban,High,No,yes
ST5871,69.52,55.83,83.58,State,84.13,1,Local,2,High,Upto 10th,Rural,High,Yes,no
ST5872,60.82,69.33,71.38,State,80.68,1,Local,4.7,High,Upto 10th,Semi-Urban,Low,No,no
ST5873,52.69,71.77,76.26,State,82.93,1,Local,2.5,Low,Upto 10th,Urban,Medium,Yes,yes
ST5874,61.77,51.43,75.32,CBSE,67.54,1,No Coaching,8.6,High,Graduate,Urban,Medium,Yes,no
ST5875,71.54,86.34,85.03,State,68.8,2,FIITJEE,5.7,High,Graduate,Urban,Medium,Yes,no
ST5876,97.12,50.32,44.6,CBSE,82.52,1,FIITJEE,6.4,Low,12th,Rural,Low,Yes,no
ST5877,64.75,40.12,76.01,ICSE,67.32,2,FIITJEE,4.4,Low,PG,Rural,High,Yes,yes
ST5878,75.13,72.09,79.8,State,89.46,1,No Coaching,2.5,Mid,Graduate,Rural,Low,Yes,no
ST5879,71.77,52.92,51.94,State,71.76,1,No Coaching,3.5,Mid,Upto 10th,Semi-Urban,Low,No,no
ST5880,88.64,71.14,57.37,CBSE,80.02,2,Local,5,Mid,Upto 10th,Urban,High,No,no
ST5881,100,27.54,57.79,ICSE,95.99,1,FIITJEE,3.2,High,Graduate,Urban,Medium,Yes,no
ST5882,64.57,88.28,59.25,State,67.94,2,Local,5.8,Mid,12th,Urban,High,Yes,no
ST5883,65.15,76.76,62.22,ICSE,75.69,1,FIITJEE,5.9,Low,12th,Rural,High,No,yes
ST5884,86.62,41.99,70.91,ICSE,85.54,2,Allen,4.5,Mid,12th,Urban,High,No,no
ST5885,81.55,42.34,78.39,State,84.51,1,No Coaching,0.8,High,12th,Semi-Urban,Medium,No,no
ST5886,97.85,92.76,80.98,ICSE,71.72,2,Allen,7.9,High,Upto 10th,Semi-Urban,High,Yes,no
ST5887,80.17,54.2,57.95,ICSE,69.83,1,FIITJEE,4.1,Mid,Graduate,Rural,Low,Yes,no
ST5888,66.97,52.65,57.86,State,72.67,2,Local,9.9,High,Upto 10th,Rural,High,No,no
ST5889,80.27,29.74,83.79,CBSE,89.48,1,No Coaching,5.8,High,PG,Rural,High,Yes,no
ST5890,87.52,60.39,75.76,State,72.21,2,No Coaching,4.1,High,12th,Urban,Low,No,no
ST5891,83.49,62.36,68.99,ICSE,75.78,2,Local,5.4,Mid,12th,Urban,Medium,Yes,no
ST5892,79.1,77.45,73.68,State,70.73,1,Allen,0.5,High,PG,Urban,Low,No,no
ST5893,86.93,43.61,67.64,CBSE,82.06,2,Allen,6.6,Mid,PG,Semi-Urban,Medium,Yes,no
ST5894,88.37,41.68,74.3,ICSE,76.56,2,Allen,9.6,Mid,Upto 10th,Semi-Urban,Medium,No,no
ST5895,91.35,73.22,63.97,ICSE,64.97,1,Allen,0.3,High,PG,Urban,Medium,No,no
ST5896,81.08,82.11,71.23,CBSE,65.31,1,No Coaching,3.9,Mid,12th,Semi-Urban,Medium,Yes,no
ST5897,69.66,40.86,49.87,CBSE,55.01,1,FIITJEE,4.3,Mid,PG,Semi-Urban,Low,No,no
ST5898,74.05,83.3,59.75,ICSE,66.69,2,Local,6.3,High,Upto 10th,Rural,Medium,No,no
ST5899,88.89,66.6,59.88,CBSE,82.94,2,FIITJEE,8.7,High,PG,Urban,Low,No,no
ST5900,60.56,83.47,63.51,State,88.24,1,FIITJEE,5.3,Mid,PG,Semi-Urban,High,No,no
ST5901,77.16,64.88,56.88,CBSE,81.86,2,Allen,8.8,Low,Upto 10th,Semi-Urban,Low,Yes,yes
ST5902,66.49,25.64,61.6,State,80.55,1,FIITJEE,4.8,Low,Upto 10th,Urban,High,No,no
ST5903,72.4,63.57,49.83,ICSE,73.73,2,Allen,5.4,Low,Upto 10th,Urban,Low,Yes,yes
ST5904,89.9,82.96,74.58,ICSE,82.75,1,Allen,5.2,Low,12th,Rural,High,No,yes
ST5905,74.68,51.7,67.01,ICSE,77.86,2,FIITJEE,6.9,Mid,12th,Rural,Low,No,no
ST5906,72.65,59.79,47.54,ICSE,93.04,1,Local,3.7,High,PG,Urban,Low,Yes,no
ST5907,52.96,63.18,57.98,ICSE,74.02,1,FIITJEE,6.1,Low,12th,Semi-Urban,Low,No,yes
ST5908,82.45,19.61,72.04,CBSE,88.43,1,FIITJEE,2,High,Graduate,Rural,Low,Yes,no
ST5909,81.04,92.74,61.48,CBSE,83.74,2,No Coaching,3.9,Low,Upto 10th,Urban,High,No,no
ST5910,100,51.58,59.64,ICSE,82.35,2,Allen,3.2,Low,Graduate,Rural,Medium,No,no
ST5911,67.69,74.09,67.1,CBSE,54.89,2,No Coaching,4.7,Low,Upto 10th,Semi-Urban,Low,No,yes
ST5912,75.07,64.61,72.12,CBSE,84.29,1,Local,3.9,High,PG,Semi-Urban,High,No,no
ST5913,75.49,86.12,50.76,ICSE,73.72,2,FIITJEE,6.8,High,Upto 10th,Urban,Low,Yes,no
ST5914,94.08,72.5,74.6,CBSE,70.56,2,No Coaching,2.7,Low,12th,Rural,Medium,No,yes
ST5915,70.67,62.24,58.4,ICSE,60.17,1,No Coaching,1,High,PG,Semi-Urban,High,No,yes
ST5916,75.91,51.7,67.78,ICSE,74.94,1,FIITJEE,1.8,Low,Upto 10th,Semi-Urban,High,No,yes
ST5917,80.51,78.77,67.57,ICSE,75.34,1,FIITJEE,6.5,Mid,PG,Rural,High,No,no
ST5918,74.61,36.02,61.68,ICSE,61.97,1,Allen,2.6,High,PG,Urban,Low,Yes,no
ST5919,65.75,76.33,55.72,CBSE,60.27,2,Allen,5.3,Low,PG,Rural,Low,No,no
ST5920,74.72,48.42,64.57,CBSE,79.87,1,No Coaching,3.9,Mid,Graduate,Rural,Medium,Yes,no
ST5921,87.03,86.04,87.5,State,83.72,2,FIITJEE,6.1,Mid,12th,Rural,Medium,No,no
ST5922,57.63,68.58,51.66,State,76.9,1,Allen,4,Low,PG,Rural,Low,Yes,no
ST5923,73.86,76.31,88.31,ICSE,86.51,2,Allen,10,Mid,12th,Rural,Low,No,no
ST5924,62.2,67.31,64.88,State,74.14,1,Local,8.3,Mid,Upto 10th,Semi-Urban,High,Yes,no
ST5925,88.73,37.96,68.42,CBSE,74.46,1,No Coaching,3.9,Low,PG,Urban,Low,No,yes
ST5926,50.68,52.23,54.96,CBSE,65.83,1,No Coaching,3.6,Mid,12th,Urban,High,Yes,no
ST5927,64.18,76.76,58.74,State,59.4,1,No Coaching,10,Mid,PG,Semi-Urban,Medium,Yes,no
ST5928,77.28,68.67,61.97,State,93.55,1,FIITJEE,2.3,Low,Graduate,Urban,Low,No,yes
ST5929,93.92,84.9,55.45,CBSE,86.31,2,Local,4.4,Low,Upto 10th,Urban,Medium,No,no
ST5930,71.08,72.45,65.49,State,61.07,2,Allen,4.5,Mid,Graduate,Rural,Low,No,no
ST5931,64.23,50.53,63.12,CBSE,76.56,2,Local,4.5,High,PG,Urban,Low,Yes,no
ST5932,98.34,53.26,90.21,CBSE,74,2,Allen,1,Low,12th,Rural,High,Yes,yes
ST5933,51.73,67.65,54.01,State,72.26,2,Allen,5.5,High,PG,Urban,Low,No,no
ST5934,41.22,28.98,69.23,State,70.91,1,Local,2.6,Low,PG,Semi-Urban,Medium,Yes,yes
ST5935,78.16,92.78,70.97,ICSE,78.81,1,No Coaching,7.4,High,PG,Urban,Low,No,no
ST5936,64.97,73.07,55.16,ICSE,83.18,2,FIITJEE,1.6,Low,Graduate,Semi-Urban,Medium,Yes,no
ST5937,57.7,85.63,76.24,ICSE,79.02,2,Local,4.6,Mid,Graduate,Rural,Low,No,no
ST5938,81.92,40.71,63.22,ICSE,73.79,2,No Coaching,0.1,Mid,12th,Rural,Medium,Yes,no
ST5939,75.41,85.91,38.09,ICSE,73.43,2,No Coaching,0.2,High,Upto 10th,Rural,Medium,No,no
ST5940,64.1,100,75.92,CBSE,84.37,2,FIITJEE,2.8,High,Upto 10th,Rural,Medium,Yes,no
ST5941,54.08,44.87,54.6,State,79.63,1,FIITJEE,3.1,Low,12th,Semi-Urban,Low,No,yes
ST5942,84.21,78.34,55.43,CBSE,75.73,2,No Coaching,7.4,Low,PG,Urban,High,Yes,yes
ST5943,81.1,66.02,76.25,ICSE,74.64,1,FIITJEE,4.4,High,Upto 10th,Rural,Medium,No,no
ST5944,70.61,41.29,63.83,ICSE,78.45,2,No Coaching,7.1,High,Graduate,Rural,Medium,Yes,no
ST5945,97.85,73.89,79.01,State,70.32,1,Allen,3.7,Mid,12th,Rural,High,No,no
ST5946,57.02,79.34,82.52,CBSE,83.22,2,FIITJEE,5.7,High,12th,Semi-Urban,Medium,No,no
ST5947,50.64,56.38,60.26,ICSE,64.24,2,Allen,3,Mid,PG,Semi-Urban,Medium,Yes,no
ST5948,62.31,84.65,77.52,ICSE,70.89,1,FIITJEE,2.9,High,Upto 10th,Semi-Urban,Low,No,no
ST5949,71.36,39.33,58.93,ICSE,81.11,1,No Coaching,0.9,Mid,Upto 10th,Urban,High,Yes,yes
ST5950,75.41,42.08,94.8,ICSE,63.67,1,No Coaching,5.2,Mid,PG,Urban,Medium,No,no
ST5951,68.62,68.19,59.68,CBSE,59.27,2,No Coaching,5,Mid,12th,Rural,Low,Yes,no
ST5952,76.93,66.41,80.31,CBSE,75.63,2,No Coaching,6.1,Low,12th,Semi-Urban,Low,No,no
ST5953,54.48,54.53,78.13,ICSE,58.04,2,No Coaching,4.9,Mid,12th,Urban,Low,Yes,no
ST5954,92.21,78.95,71.79,CBSE,62.01,2,No Coaching,8.6,High,12th,Urban,Low,No,no
ST5955,70.85,74.49,59.95,ICSE,82.57,1,FIITJEE,4.9,High,Graduate,Semi-Urban,High,No,no
ST5956,87.64,79.73,66.18,State,72.95,1,FIITJEE,6.5,High,Graduate,Urban,High,Yes,no
ST5957,76.8,64.03,42.16,State,87.85,1,Allen,3.9,Low,12th,Semi-Urban,Low,Yes,no
ST5958,78.39,75.64,70.69,State,62.95,1,Local,2.7,Mid,12th,Semi-Urban,High,No,no
ST5959,79.98,58.87,72.2,CBSE,74.06,1,FIITJEE,5.9,Low,12th,Semi-Urban,Low,No,yes
ST5960,78.27,98.86,69.6,ICSE,79,1,FIITJEE,4.3,Mid,Graduate,Rural,Medium,Yes,no
ST5961,81,53,32.32,State,63.29,1,Local,6.2,High,PG,Urban,Medium,Yes,no
ST5962,90.61,99.68,52.81,State,85.32,2,Local,5.2,Mid,Upto 10th,Rural,Low,Yes,no
ST5963,74.75,66.56,59.02,CBSE,80.11,2,Allen,2.9,Low,Graduate,Semi-Urban,Medium,No,no
ST5964,81.93,43.99,71.5,CBSE,58.91,1,Allen,6.6,Low,12th,Urban,Low,Yes,no
ST5965,70.74,87.89,71.47,State,74.62,1,No Coaching,2.8,Low,12th,Urban,Medium,Yes,yes
ST5966,92.16,68.01,65.96,ICSE,78.86,2,Allen,5.8,Low,12th,Rural,Medium,Yes,no
ST5967,62.53,79.62,75.62,ICSE,69.1,1,Allen,7.1,High,12th,Rural,High,No,no
ST5968,97.21,85.58,55.69,ICSE,60.2,2,Local,3.7,Low,PG,Urban,Low,Yes,yes
ST5969,71.44,71.41,75.32,State,77.78,2,FIITJEE,6.8,Low,Graduate,Rural,High,Yes,no
ST5970,51.97,56.52,73.7,CBSE,97.11,1,No Coaching,5.3,Low,Upto 10th,Rural,Low,Yes,yes
ST5971,73.79,81.61,72.53,ICSE,71.13,2,Allen,6.2,High,12th,Semi-Urban,Medium,Yes,no
ST5972,62.47,66.01,65.82,State,90.69,2,Local,2.8,Mid,PG,Urban,Low,No,no
ST5973,83.77,76.97,89.97,State,67.48,2,No Coaching,4.9,High,PG,Semi-Urban,Low,No,no
ST5974,62.86,31.54,73.92,CBSE,77.16,1,No Coaching,1.7,High,12th,Semi-Urban,Low,Yes,no
ST5975,65.75,73.15,56.38,ICSE,82.72,1,Local,7.9,High,12th,Urban,Low,Yes,no
ST5976,45.55,55.78,70.98,State,74.92,2,Allen,0.5,Mid,Upto 10th,Urban,Medium,No,no
ST5977,65.67,92.45,77.03,ICSE,72.02,1,Allen,3.8,Low,Graduate,Semi-Urban,Medium,No,no
ST5978,38.07,75.97,60.94,ICSE,82.26,2,Allen,2.6,High,Upto 10th,Urban,High,No,no
ST5979,49.83,69.84,81.07,ICSE,93.91,2,Allen,5.8,Low,Graduate,Semi-Urban,Low,No,no
ST5980,82.65,73.78,72.58,State,78.01,1,No Coaching,8.3,Low,PG,Semi-Urban,High,No,yes
ST5981,83,50.02,39.89,ICSE,69.84,2,FIITJEE,5.8,Mid,PG,Rural,Medium,No,no
ST5982,77.96,91.97,71.6,CBSE,73.1,2,No Coaching,10,Mid,12th,Semi-Urban,Medium,Yes,no
ST5983,58.46,97.86,63.13,State,100,2,No Coaching,1.7,High,Upto 10th,Urban,Low,Yes,no
ST5984,71.33,72.29,74.45,State,76.35,2,Local,1.9,Mid,Upto 10th,Semi-Urban,Low,Yes,no
ST5985,71.95,91.45,79.33,ICSE,69.06,2,No Coaching,2.7,Mid,12th,Semi-Urban,High,Yes,no
ST5986,55.78,56.89,70.34,ICSE,63.55,2,Allen,4.7,Mid,Upto 10th,Urban,Medium,No,no
ST5987,93.05,53.25,87.98,ICSE,56.74,2,Local,2.4,Low,PG,Urban,High,Yes,yes
ST5988,84.28,66.65,65.86,State,78.64,1,Local,3,Mid,PG,Rural,Medium,No,no
ST5989,68.91,72.96,75.5,CBSE,81.55,1,Local,5.7,High,12th,Urban,Medium,No,no
ST5990,72.38,59.7,77.66,CBSE,71.03,2,Local,2,Mid,12th,Semi-Urban,High,No,no
ST5991,74.92,74.6,66.83,State,74.85,1,Local,2.2,High,Graduate,Urban,Medium,Yes,no
ST5992,43.42,70.9,77.35,CBSE,63.3,2,Allen,3.7,High,PG,Urban,Medium,No,no
ST5993,68.54,50.03,60.86,ICSE,76.33,2,FIITJEE,3.9,Mid,PG,Rural,High,Yes,no
ST5994,62.45,74.3,62.93,State,79.81,2,FIITJEE,6.5,Low,PG,Semi-Urban,Medium,No,yes
ST5995,57.98,79.82,52.25,CBSE,69.65,2,Local,2.7,High,PG,Rural,High,Yes,no
ST5996,68.06,68.74,70.9,State,91.9,1,FIITJEE,3.1,High,PG,Rural,Low,No,no
ST5997,97.17,84.44,71.9,CBSE,66.63,2,No Coaching,5.7,High,Graduate,Semi-Urban,Medium,Yes,no
ST5998,80.97,46.52,82.15,State,77.83,2,FIITJEE,6.1,Mid,12th,Urban,High,No,no
ST5999,64,73.49,77.49,CBSE,83.48,1,No Coaching,7.4,High,12th,Semi-Urban,Medium,No,no
ST6000,80.02,47.28,64.58,State,74.23,1,Allen,5.4,Mid,Upto 10th,Rural,Medium,Yes,no
ST6001,91.59,48.17,53.86,State,73.12,1,Local,4.8,High,PG,Rural,High,No,no
ST6002,84.94,55.91,73.19,State,60.71,1,No Coaching,5.7,Low,PG,Semi-Urban,Low,Yes,no
ST6003,72.83,50.93,81.33,State,88.57,1,Allen,4,High,12th,Rural,High,Yes,no
ST6004,62.94,57.23,77.06,State,73.3,1,Allen,4,Mid,PG,Urban,Medium,No,no
ST6005,81.78,62.57,81.01,ICSE,80.37,2,Local,1,Mid,PG,Urban,Low,Yes,no
ST6006,77.51,79.39,65.46,State,81.73,2,FIITJEE,6.3,High,PG,Semi-Urban,Low,Yes,no
ST6007,84.53,60.86,62.4,State,68.72,1,Allen,4.9,Mid,12th,Semi-Urban,Medium,Yes,no
ST6008,80.89,40.63,59.16,State,73.02,1,FIITJEE,6.1,Low,Upto 10th,Urban,High,No,yes
ST6009,86.69,84.24,67.33,CBSE,88.34,2,FIITJEE,0,Mid,12th,Semi-Urban,High,No,yes
ST6010,64.51,52.61,67.06,State,63.83,1,FIITJEE,4.4,High,PG,Urban,Medium,Yes,no
ST6011,90.44,65.06,70.48,ICSE,96.28,1,No Coaching,2.8,Low,12th,Urban,High,Yes,yes
ST6012,74.77,73.14,66.45,State,67.55,1,FIITJEE,7.5,Mid,Graduate,Urban,High,No,no
ST6013,100,69.19,66.4,CBSE,63.2,2,FIITJEE,5.7,High,PG,Urban,High,No,no
ST6014,62.35,83.51,58.68,CBSE,76.32,1,Allen,5,Mid,12th,Semi-Urban,Low,Yes,no
ST6015,96.3,73.66,79.3,State,97.08,2,Local,3.6,High,12th,Urban,Low,No,no
ST6016,74.77,52.22,68.92,State,55.89,2,No Coaching,5.3,Mid,Upto 10th,Urban,High,Yes,no
ST6017,62.88,100,65.91,State,73.59,2,FIITJEE,2.6,Mid,PG,Rural,Medium,Yes,no
ST6018,65.23,69.11,59.03,State,79.76,1,Local,4.3,Low,Graduate,Rural,Medium,No,yes
ST6019,67.52,63.64,52.02,CBSE,75.34,1,FIITJEE,3.3,Low,Graduate,Rural,Medium,Yes,yes
ST6020,77.94,81.42,83.7,State,78.82,2,FIITJEE,9,Mid,PG,Rural,Medium,Yes,no
ST6021,79.32,69.99,74.66,CBSE,67.82,2,Allen,7.4,High,12th,Semi-Urban,High,No,no
ST6022,63.97,72.39,48.51,CBSE,69,1,Local,6.6,High,Graduate,Rural,High,No,no
ST6023,71.66,100,77.16,ICSE,73.52,2,Allen,1.5,Mid,PG,Rural,Medium,No,no
ST6024,100,61.6,79.07,CBSE,63.7,1,Allen,6.2,Mid,Graduate,Rural,High,Yes,no
ST6025,96.19,60.92,69.49,State,74.55,2,FIITJEE,4.9,Low,PG,Semi-Urban,Medium,No,yes
ST6026,78.11,67.87,87.18,State,71.11,1,FIITJEE,6.9,Mid,Graduate,Urban,Medium,Yes,no
ST6027,72.53,83.14,70.6,State,70.3,1,FIITJEE,5.1,Mid,Upto 10th,Rural,Low,Yes,no
ST6028,73.68,41.9,51,State,78.21,2,Local,4.5,High,PG,Urban,Medium,Yes,no
ST6029,80.59,34.55,72.38,ICSE,56.79,2,Local,5,Low,Upto 10th,Rural,Low,Yes,no
ST6030,57.68,56.61,70.94,ICSE,72.71,1,Local,0.9,Low,PG,Semi-Urban,Medium,No,no
ST6031,68.4,39.86,60.76,ICSE,98.17,2,Local,3,Mid,Graduate,Semi-Urban,High,No,no
ST6032,48.64,59.2,74.88,ICSE,64.14,2,FIITJEE,5.2,Low,Graduate,Semi-Urban,Low,Yes,no
ST6033,77.59,74.04,47.99,CBSE,87.86,2,FIITJEE,6.8,High,12th,Urban,High,Yes,no
ST6034,81.06,51.75,79.89,ICSE,75.55,1,Allen,3.4,Mid,Graduate,Semi-Urban,Medium,No,no
ST6035,65.24,43.17,57.46,CBSE,68.97,2,FIITJEE,4.4,Mid,Upto 10th,Urban,Low,Yes,no
ST6036,94.04,67.11,56.18,State,61.79,2,Local,1.3,High,12th,Semi-Urban,Medium,Yes,no
ST6037,54.84,79.8,66.63,CBSE,76.4,2,No Coaching,7.4,Low,Upto 10th,Rural,Medium,Yes,yes
ST6038,51.5,38.88,73.2,CBSE,89.53,2,FIITJEE,6.7,Low,Upto 10th,Rural,High,Yes,no
ST6039,75.14,79.12,69.97,ICSE,71.11,1,Local,5.8,High,Upto 10th,Rural,Low,Yes,no
ST6040,86.66,79.08,59.09,State,74.19,2,Allen,5.3,High,Upto 10th,Rural,High,No,no
ST6041,95.57,81.27,61.93,State,85.1,1,FIITJEE,7.6,High,Upto 10th,Urban,High,No,no
ST6042,65.58,85.5,54.4,ICSE,78.41,1,No Coaching,2.9,High,PG,Semi-Urban,Low,No,no
ST6043,87.1,100,65.3,CBSE,59.28,2,Local,2.7,Low,PG,Urban,High,No,yes
ST6044,71.46,60.3,80.9,ICSE,75.99,2,FIITJEE,6.6,Low,12th,Urban,Medium,Yes,yes
ST6045,69.58,67.75,67.95,CBSE,90.12,1,Local,6.5,High,Upto 10th,Rural,Low,No,no
ST6046,84.37,59.34,78.31,ICSE,74.63,2,No Coaching,2.1,High,PG,Semi-Urban,Low,Yes,no
ST6047,81.13,66.03,85.46,ICSE,50,2,No Coaching,3.4,Mid,Graduate,Urban,Low,Yes,no
ST6048,49.93,90.53,60.94,State,78.88,1,Allen,7.9,Mid,12th,Urban,Low,No,no
ST6049,92.67,44.48,65.76,State,73.02,2,No Coaching,5.3,Low,PG,Urban,Low,No,yes
ST6050,91.32,52.22,94.05,State,56.71,2,FIITJEE,6.1,Mid,Graduate,Urban,Low,Yes,no
ST6051,63.24,88.03,85.33,ICSE,58.21,2,No Coaching,2.2,Mid,12th,Semi-Urban,Medium,No,no
ST6052,77.54,82.32,47.93,State,84.75,1,FIITJEE,5.8,Mid,Graduate,Rural,Low,Yes,no
ST6053,78.92,60.19,72.65,State,67.68,2,FIITJEE,1.7,Low,Upto 10th,Rural,High,Yes,yes
ST6054,75.65,79.67,68.01,ICSE,65.93,1,Local,0.5,Mid,Graduate,Urban,High,Yes,yes
ST6055,64.3,71.46,77.92,State,74.64,1,FIITJEE,6,High,Upto 10th,Semi-Urban,High,No,no
ST6056,62.6,90,59.06,CBSE,68.56,1,FIITJEE,7.4,Low,12th,Semi-Urban,Low,Yes,yes
ST6057,71.64,67.19,57.92,State,76,2,Allen,4,Mid,Upto 10th,Urban,High,No,no
ST6058,88.42,82.41,59.89,CBSE,72.97,2,Local,3.4,Low,Graduate,Semi-Urban,Medium,No,yes
ST6059,79.61,100,61.14,State,63,1,FIITJEE,7.9,Mid,Upto 10th,Urban,High,No,no
ST6060,66.81,75.57,77.78,ICSE,69.89,1,Allen,4.1,Low,Upto 10th,Rural,Low,Yes,no
ST6061,82.8,66.79,53.83,ICSE,79.43,2,Local,4.4,High,12th,Rural,Medium,Yes,no
ST6062,32.12,77.56,60.53,State,75.42,2,No Coaching,7.9,Mid,Upto 10th,Rural,Medium,Yes,no
ST6063,88.08,60.16,46.53,CBSE,74.18,1,FIITJEE,3.8,Mid,PG,Urban,Medium,No,no
ST6064,47.64,100,80.09,State,94.37,2,No Coaching,3.2,Low,12th,Urban,High,Yes,yes
ST6065,66.93,68.88,83.25,ICSE,82.31,1,Local,6.1,High,Graduate,Rural,High,Yes,no
ST6066,56.32,61.63,64.08,State,83.52,1,Local,3.1,Mid,12th,Urban,Low,No,no
ST6067,53.87,52.63,64.42,ICSE,73.34,2,Allen,4.2,High,Graduate,Semi-Urban,Medium,Yes,no
ST6068,88.25,83.56,73.44,CBSE,77.2,2,FIITJEE,1.9,Mid,Graduate,Rural,Low,Yes,no
ST6069,65.45,79.87,85.69,CBSE,70.69,2,FIITJEE,4.9,High,Upto 10th,Semi-Urban,Low,No,no
ST6070,76.85,58.04,72.9,ICSE,82.78,1,Allen,4.6,Mid,12th,Semi-Urban,Low,Yes,no
ST6071,71.34,75.22,59.63,CBSE,73.9,2,No Coaching,6.4,Low,Graduate,Urban,Medium,Yes,yes
ST6072,78.68,41.86,48.57,ICSE,77.22,2,Local,6.2,Low,PG,Urban,Medium,Yes,no
ST6073,73.08,68.96,54.62,ICSE,76.61,1,Allen,5.6,High,Upto 10th,Rural,Low,Yes,no
ST6074,54.04,73.24,68.88,ICSE,74.82,1,Local,5.3,Mid,Upto 10th,Urban,Medium,Yes,no
ST6075,85.95,93.32,60.14,State,100,2,No Coaching,4.4,Mid,Graduate,Urban,High,No,no
ST6076,65.09,53.67,70.34,CBSE,68.33,2,No Coaching,5.7,High,PG,Semi-Urban,Medium,Yes,no
ST6077,50.21,45.55,61.36,State,68.24,1,No Coaching,2.3,Mid,Upto 10th,Urban,High,Yes,no
ST6078,66.01,51.67,55.3,State,81.94,1,FIITJEE,0,Low,12th,Rural,Medium,Yes,yes
ST6079,93.01,44.61,53.88,CBSE,69.05,2,Local,6.8,Mid,Graduate,Urban,Low,Yes,no
ST6080,83.9,87.39,86.75,State,72.09,2,Local,5.8,Low,PG,Rural,Low,Yes,no
ST6081,67.12,90.78,78.67,ICSE,64.14,1,Allen,4.2,High,Graduate,Semi-Urban,High,Yes,no
ST6082,67.11,71.12,88.77,State,79.92,2,Local,6.6,Mid,Upto 10th,Semi-Urban,High,No,no
ST6083,67.5,85.54,74.48,ICSE,80.04,1,FIITJEE,3,High,PG,Semi-Urban,Medium,No,no
ST6084,100,68.14,62.84,CBSE,71.85,1,Allen,3.1,Low,Graduate,Rural,High,No,no
ST6085,77.35,64.48,83.88,State,82.15,2,No Coaching,2.8,High,Graduate,Semi-Urban,Low,Yes,no
ST6086,78.02,60.67,67.6,CBSE,56.42,2,Local,5.6,High,Graduate,Semi-Urban,Medium,Yes,no
ST6087,86.42,61.03,70.65,ICSE,67.93,1,FIITJEE,1.3,Mid,12th,Urban,High,Yes,yes
ST6088,75.34,41.24,67.49,State,73.3,1,FIITJEE,3,High,12th,Rural,Low,No,no
ST6089,68.37,70.23,32.64,ICSE,63.28,1,Local,5.1,High,12th,Semi-Urban,Low,No,no
ST6090,69.25,65.35,87.26,ICSE,57.51,2,FIITJEE,2.1,Mid,12th,Urban,Medium,No,no
ST6091,71,77.93,73.89,ICSE,71.92,1,No Coaching,3.2,High,Upto 10th,Urban,Medium,No,no
ST6092,71.48,67.5,71.96,CBSE,81.94,1,Local,0.1,Low,Graduate,Semi-Urban,Medium,No,no
ST6093,82.19,63.4,67.26,CBSE,87.82,1,Local,5.7,Mid,12th,Rural,Medium,Yes,no
ST6094,72.73,52.06,69.96,CBSE,69.53,2,Local,3.1,Low,Upto 10th,Semi-Urban,High,No,no
ST6095,82.26,67.15,60.83,State,82.33,1,Allen,2.3,Mid,12th,Urban,Medium,No,no
ST6096,70.87,77.81,75.4,ICSE,81.37,2,No Coaching,1.9,High,Upto 10th,Rural,High,No,yes
ST6097,73.1,47.71,52.31,CBSE,87.19,2,FIITJEE,3.7,Low,PG,Urban,Low,No,yes
ST6098,44.03,67.4,70.23,ICSE,71.5,1,Local,1.3,Low,12th,Semi-Urban,Medium,No,no
ST6099,84.83,69.73,74.74,CBSE,57.01,1,Local,8.4,Low,12th,Rural,Medium,Yes,yes
ST6100,76.85,54.51,65.62,ICSE,75.7,1,FIITJEE,0,High,Graduate,Semi-Urban,Medium,Yes,no
ST6101,85.97,56.59,72.45,CBSE,64.86,2,No Coaching,3.6,Low,12th,Semi-Urban,Medium,No,no
ST6102,31.45,69.69,56.1,CBSE,67.76,1,FIITJEE,4.7,Low,12th,Semi-Urban,Medium,Yes,no
ST6103,100,47.87,56.41,CBSE,71.99,2,FIITJEE,2.9,High,Upto 10th,Urban,Medium,No,no
ST6104,70.05,71.6,70.84,CBSE,71.61,2,Local,4.9,High,Graduate,Rural,Medium,Yes,no
ST6105,87.51,51.67,76.14,ICSE,76.42,2,Allen,2.9,High,Graduate,Rural,High,No,no
ST6106,57.44,83.01,45.5,CBSE,82.03,2,Allen,7.6,Low,PG,Urban,Medium,No,yes
ST6107,80.58,100,74.26,CBSE,71.32,2,Allen,2.3,Low,Upto 10th,Rural,Medium,No,no
ST6108,57.25,52.23,61.48,CBSE,78.96,2,Allen,0,Low,12th,Rural,Medium,Yes,yes
ST6109,63.27,74.55,65.69,ICSE,75.15,1,Allen,1.9,Mid,Upto 10th,Semi-Urban,High,No,yes
ST6110,98.8,54.37,51.93,CBSE,84.35,1,Local,5.3,Low,12th,Semi-Urban,Medium,Yes,no
ST6111,69.33,82.66,57.78,ICSE,73.11,2,Allen,4.3,Low,PG,Urban,Medium,No,no
ST6112,75.04,45.76,79.59,State,74.21,2,FIITJEE,6,Mid,12th,Rural,Low,No,no
ST6113,84.18,73.69,68.39,ICSE,71.26,1,Local,5.5,Mid,Graduate,Urban,Medium,Yes,no
ST6114,78.94,52.03,63.41,State,73.38,1,FIITJEE,3.2,Low,PG,Urban,Low,No,no
ST6115,74.11,62.69,66.6,CBSE,67.17,1,Allen,3.5,Mid,12th,Urban,Low,Yes,no
ST6116,77.11,49.5,73.87,CBSE,66.17,1,No Coaching,3.7,Low,PG,Urban,Medium,No,yes
ST6117,100,79.16,73.29,ICSE,82.76,2,Allen,8.3,High,Graduate,Semi-Urban,Medium,Yes,no
ST6118,71.19,52.61,67.1,CBSE,64.17,1,Local,5.9,High,Graduate,Urban,Medium,Yes,no
ST6119,74.82,74.83,81.12,CBSE,71.81,2,FIITJEE,8.3,High,Upto 10th,Rural,Low,No,no
ST6120,86.71,60.49,79.65,ICSE,85.15,2,No Coaching,6.2,High,12th,Semi-Urban,High,No,no
ST6121,87.48,64.17,72.96,CBSE,71.47,1,No Coaching,4.4,Mid,PG,Semi-Urban,High,No,no
ST6122,88.62,68.36,68.66,State,83.29,1,No Coaching,2.5,Low,Upto 10th,Urban,Medium,No,no
ST6123,80.94,53.81,75.89,State,69.09,2,FIITJEE,4.9,Mid,PG,Semi-Urban,Medium,Yes,no
ST6124,56,69.37,71.77,CBSE,64.49,2,Local,4.4,High,Upto 10th,Semi-Urban,Low,Yes,no
ST6125,94.87,90.49,80.73,CBSE,59.05,2,No Coaching,4.3,High,Upto 10th,Semi-Urban,Low,Yes,no
ST6126,55.95,53.55,78.79,State,88.13,2,FIITJEE,4.1,Low,Upto 10th,Semi-Urban,High,Yes,no
ST6127,76.24,84.75,55.78,CBSE,63.63,1,FIITJEE,0.4,Mid,Graduate,Semi-Urban,Low,Yes,no
ST6128,61.44,89.97,54.97,State,82.47,1,Allen,7,High,Graduate,Semi-Urban,High,No,no
ST6129,71.1,52.94,59.59,ICSE,65,1,FIITJEE,4.4,Mid,Graduate,Rural,Medium,No,no
ST6130,76.6,42.72,79.71,State,88.17,1,Local,1.7,Low,Graduate,Semi-Urban,High,Yes,yes
ST6131,76.5,70.83,49.08,CBSE,97.07,1,Local,5.5,Low,PG,Semi-Urban,High,No,no
ST6132,77.91,57.24,72.74,CBSE,58.13,2,No Coaching,2.8,Mid,12th,Urban,Medium,Yes,no
ST6133,94.59,95.9,72.35,State,64.15,2,FIITJEE,5.6,Low,Graduate,Semi-Urban,High,Yes,yes
ST6134,78.35,66.56,81.95,State,82.73,1,FIITJEE,6.3,Mid,12th,Semi-Urban,Low,No,no
ST6135,68.58,53.16,70.16,CBSE,80.13,1,Allen,6.5,Mid,Upto 10th,Urban,Low,Yes,no
ST6136,85.5,47.65,51.88,CBSE,82.77,2,Allen,4.2,Mid,12th,Rural,Medium,No,no
ST6137,88.65,83.44,56.49,CBSE,69.26,2,FIITJEE,3.7,High,Graduate,Rural,Medium,No,no
ST6138,54.81,56.86,53.82,ICSE,94.88,1,FIITJEE,3.2,High,PG,Semi-Urban,Low,Yes,no
ST6139,80.36,66.7,61.54,ICSE,76.18,1,FIITJEE,3.1,Mid,Graduate,Rural,Low,Yes,no
ST6140,81.82,81.29,65.81,State,62.83,2,Allen,4.5,Low,PG,Rural,Low,Yes,no
ST6141,67.83,58.25,54.01,State,72.47,1,Allen,4.1,Low,Graduate,Rural,Low,No,yes
ST6142,91.26,65.27,85.65,ICSE,62.96,1,Local,2.8,High,Upto 10th,Rural,High,Yes,no
ST6143,69.9,65.73,52.1,ICSE,90.91,2,No Coaching,2.2,Mid,PG,Semi-Urban,Low,Yes,no
ST6144,73.76,76.93,84.15,State,68.4,2,No Coaching,4.3,High,Upto 10th,Semi-Urban,Medium,No,no
ST6145,69.58,75.45,82.22,ICSE,79.92,2,No Coaching,3.6,Mid,Graduate,Urban,Medium,No,no
ST6146,72.22,62.48,78.78,State,70.29,1,No Coaching,2.2,Low,Upto 10th,Semi-Urban,Low,No,no
ST6147,56.65,67.02,59.67,CBSE,68.85,2,Allen,6.2,Low,12th,Semi-Urban,High,No,yes
ST6148,51.84,60.05,72.11,State,55.9,1,Allen,8,High,12th,Rural,Low,No,no
ST6149,94.32,42.36,52.67,ICSE,80.98,2,FIITJEE,6.4,Low,PG,Rural,Low,No,no
ST6150,60.14,70.12,78.93,ICSE,87.99,1,Local,3.1,Mid,12th,Semi-Urban,Medium,Yes,no
ST6151,58.12,96.28,67.11,ICSE,65.84,1,Local,4.4,Low,12th,Semi-Urban,Medium,No,no
ST6152,41.85,51.86,63.09,State,59.55,2,No Coaching,7.6,Low,Graduate,Rural,High,No,yes
ST6153,63.05,53.63,53.32,ICSE,83.03,1,FIITJEE,2.2,High,Graduate,Semi-Urban,High,Yes,no
ST6154,53.48,52.07,38.27,State,58.54,1,FIITJEE,6.1,Mid,12th,Semi-Urban,High,No,no
ST6155,94.99,77.59,55.54,CBSE,87.2,2,Allen,1.6,High,PG,Rural,Medium,Yes,no
ST6156,86.14,73.18,81.35,CBSE,65.96,1,FIITJEE,7.9,High,12th,Rural,High,Yes,no
ST6157,62.37,63.46,63.17,ICSE,63.97,2,Local,3.6,Low,Graduate,Urban,Low,Yes,no
ST6158,100,51.31,65.97,State,77.48,1,Local,9,Mid,Upto 10th,Semi-Urban,Low,Yes,no
ST6159,85.74,67.48,75.87,State,64.62,2,FIITJEE,8,Mid,PG,Rural,Medium,No,no
ST6160,67.45,40.97,89.67,ICSE,67.93,2,Allen,4.3,High,PG,Rural,Low,No,no
ST6161,37.01,68.29,83.9,State,78.54,1,Local,3.1,High,12th,Semi-Urban,High,No,no
ST6162,100,79.94,56.33,ICSE,50.71,2,Allen,4.9,Low,Upto 10th,Semi-Urban,Low,No,no
ST6163,52.55,45.98,44.69,ICSE,91.42,2,Allen,4.1,Mid,PG,Rural,High,No,no
ST6164,48.96,41.48,96.32,CBSE,75.44,1,Local,3.7,Mid,PG,Semi-Urban,High,Yes,yes
ST6165,86.32,91.27,95.23,ICSE,62.07,2,Allen,1.2,Low,Graduate,Urban,High,No,yes
ST6166,100,56.21,70.26,State,64.83,2,No Coaching,3.5,High,12th,Rural,Low,No,no
ST6167,91.38,84.18,52.75,ICSE,84.92,2,No Coaching,2.3,Mid,12th,Rural,Medium,No,no
ST6168,79.89,63.54,79.56,CBSE,81.01,2,No Coaching,5.6,Low,PG,Semi-Urban,High,No,yes
ST6169,80.33,63.41,66.7,CBSE,88.87,1,FIITJEE,6.5,High,Upto 10th,Rural,Low,Yes,no
ST6170,83.95,73.01,66.64,State,68.17,2,Local,6,Low,Upto 10th,Semi-Urban,Medium,Yes,no
ST6171,82.63,51.86,78.73,ICSE,77.97,2,No Coaching,5.2,Mid,Upto 10th,Urban,Low,Yes,no
ST6172,75.94,68.12,72.01,State,79.27,2,Allen,2.8,High,Upto 10th,Urban,Medium,Yes,no
ST6173,73.46,59.9,53.77,State,81.95,1,No Coaching,4.9,Low,12th,Urban,Low,Yes,yes
ST6174,71.12,44.87,64.1,ICSE,86.27,1,Allen,6.1,Low,Graduate,Rural,High,Yes,no
ST6175,61.44,71.4,75.93,CBSE,67.83,2,Local,3.3,Low,Upto 10th,Urban,Low,Yes,yes
ST6176,68.07,61.79,74.12,State,73.86,2,No Coaching,4.7,Mid,Upto 10th,Semi-Urban,Medium,No,no
ST6177,48.3,63.49,71.14,State,68.9,1,Local,4.2,Mid,Graduate,Semi-Urban,High,No,no
ST6178,70.62,46.64,79.2,CBSE,74.47,2,No Coaching,7.8,Mid,12th,Urban,High,No,no
ST6179,58.16,91.46,63.66,ICSE,81.98,2,Allen,6.2,Low,Graduate,Urban,Low,Yes,no
ST6180,56.55,80.03,70.14,ICSE,58.46,2,Allen,5.7,Mid,Graduate,Semi-Urban,High,No,no
ST6181,74.52,81.43,27.49,ICSE,86.09,2,FIITJEE,1.1,Low,Upto 10th,Urban,Medium,No,yes
ST6182,91.49,61.11,62.6,CBSE,63.61,1,FIITJEE,4.8,Low,Graduate,Urban,High,Yes,no
ST6183,84.86,38.33,77.17,State,71.93,1,FIITJEE,4.2,Low,Graduate,Urban,Medium,No,yes
ST6184,50.01,97.25,63.32,CBSE,87.44,1,No Coaching,4.2,High,12th,Semi-Urban,Medium,No,no
ST6185,58.15,65.02,62.41,State,78.28,1,Local,1.4,Low,Upto 10th,Semi-Urban,Medium,Yes,no
ST6186,85.17,54.02,55.5,State,78.4,1,No Coaching,2.3,Mid,Upto 10th,Urban,High,Yes,no
ST6187,58.25,72.67,80.04,ICSE,63.19,2,Allen,4.4,Low,PG,Semi-Urban,High,Yes,yes
ST6188,68.86,84.67,74.58,ICSE,64.56,1,Local,6.7,Mid,Upto 10th,Urban,Low,No,no
ST6189,79.7,65.63,77.9,ICSE,84.41,2,Allen,3.3,High,12th,Urban,Medium,Yes,no
ST6190,58.44,86.46,47.29,CBSE,69.11,1,FIITJEE,3.7,High,12th,Urban,Medium,No,no
ST6191,73.48,83.33,66.07,ICSE,70.05,2,Allen,8.1,Low,12th,Rural,Low,No,no
ST6192,53.32,48.78,64.64,CBSE,84.64,1,No Coaching,3.9,Mid,PG,Rural,Low,No,no
ST6193,63.58,55.22,64.63,ICSE,64.5,1,Allen,4.2,High,PG,Urban,Medium,No,no
ST6194,76.48,81.32,60.61,ICSE,77.69,2,Allen,4.3,High,12th,Rural,Medium,No,no
ST6195,49.7,22.6,63.85,ICSE,75.43,2,Allen,1.8,High,Upto 10th,Urban,Low,No,no
ST6196,78.17,63.61,78.2,CBSE,74.97,2,Local,5.6,Mid,PG,Rural,High,Yes,no
ST6197,71.73,43.11,45.05,State,69.82,1,Allen,3.2,Low,Upto 10th,Urban,Low,No,yes
ST6198,79.73,58.38,89.33,CBSE,69.2,1,Allen,4.4,Low,PG,Rural,Medium,No,yes
ST6199,75.13,61.22,73.81,CBSE,64.22,2,FIITJEE,5.4,High,Graduate,Semi-Urban,Medium,No,no
ST6200,91.1,60.27,67.49,CBSE,79.83,1,FIITJEE,8.4,Low,12th,Semi-Urban,High,Yes,yes
ST6201,73.75,57.16,78.88,State,68.32,2,No Coaching,1.9,High,Graduate,Rural,Medium,No,no
ST6202,65.99,48.45,50.58,CBSE,84.69,1,FIITJEE,6.2,Mid,12th,Urban,Medium,Yes,no
ST6203,73.71,100,60.02,ICSE,72.75,2,Allen,6.2,Low,Graduate,Rural,Low,Yes,yes
ST6204,79.61,95.88,66.55,State,64.42,2,FIITJEE,3.2,Mid,Upto 10th,Rural,High,Yes,no
ST6205,72.68,47.41,84.39,CBSE,72.62,1,Local,5.7,Low,Upto 10th,Semi-Urban,Low,No,no
ST6206,72.57,91.31,67.44,CBSE,70.89,2,No Coaching,7.8,Mid,12th,Semi-Urban,High,No,no
ST6207,62.17,59.61,73.4,State,85.09,1,FIITJEE,3,Mid,Upto 10th,Semi-Urban,Medium,Yes,no
ST6208,62.72,68.07,60.93,CBSE,71.31,1,No Coaching,5,Low,12th,Rural,Low,Yes,yes
ST6209,52.36,64.99,73.84,State,72.24,1,No Coaching,5.3,High,Graduate,Semi-Urban,Low,Yes,no
ST6210,96.49,55.44,88.13,ICSE,89.12,2,No Coaching,5.6,High,12th,Semi-Urban,Low,Yes,no
ST6211,54.59,81.74,79.95,CBSE,80.08,2,Local,6,Mid,PG,Semi-Urban,High,No,no
ST6212,62.3,68.01,67.02,CBSE,91.63,2,Allen,4.8,Mid,Graduate,Urban,Medium,Yes,no
ST6213,61.94,58.38,76.11,ICSE,87.59,1,Local,5.5,High,Graduate,Urban,Medium,No,no
ST6214,84.53,45.13,74.93,CBSE,66.13,1,No Coaching,2.7,Low,12th,Rural,High,Yes,yes
ST6215,67.87,51.7,74.08,CBSE,84.9,2,FIITJEE,4.8,Low,PG,Semi-Urban,Low,Yes,no
ST6216,89.47,39.74,81.34,State,90.25,1,FIITJEE,3.5,Mid,PG,Rural,Medium,No,no
ST6217,62.57,66.2,81.25,CBSE,90.33,1,Local,2,Low,Upto 10th,Rural,Medium,Yes,yes
ST6218,75.91,46.85,66.47,ICSE,84.88,1,FIITJEE,3.5,Mid,Graduate,Semi-Urban,Low,Yes,no
ST6219,60.31,61.75,75.7,CBSE,84.68,2,No Coaching,5,Low,Upto 10th,Rural,High,No,yes
ST6220,100,87.92,63.4,State,71.97,2,No Coaching,5.4,Mid,Graduate,Semi-Urban,Medium,No,no
ST6221,55.37,85.19,56.92,ICSE,66.63,2,Allen,2,Low,Graduate,Semi-Urban,Low,No,no
ST6222,76.34,65.48,64.77,ICSE,71.48,1,No Coaching,2.6,Mid,Graduate,Urban,Low,Yes,no
ST6223,80.87,64.61,67.08,ICSE,58.35,1,FIITJEE,5.9,High,Graduate,Rural,Low,No,no
ST6224,77.79,96.08,48.06,ICSE,88.43,2,Allen,5.5,High,12th,Rural,High,No,no
ST6225,69.41,74.33,78.32,State,72.17,2,FIITJEE,6.3,High,PG,Semi-Urban,Medium,No,no
ST6226,70.18,60.76,34.79,State,87.91,2,Local,7.2,High,Graduate,Urban,High,Yes,no
ST6227,72.61,43.18,100,State,62.69,1,Allen,5.6,Mid,Upto 10th,Urban,High,No,no
ST6228,69.94,72.3,86.02,State,85.83,2,No Coaching,3.7,Low,Upto 10th,Rural,Low,Yes,yes
ST6229,85.49,79.27,64.87,CBSE,70.05,2,Allen,4.7,Mid,12th,Urban,Low,No,no
ST6230,100,55.89,68.11,State,62.16,2,No Coaching,7.8,Mid,PG,Rural,Low,Yes,no
ST6231,64.2,70.66,71.64,CBSE,91.27,1,No Coaching,10,Mid,Graduate,Rural,High,Yes,no
ST6232,52.82,60.18,60.93,ICSE,86.07,2,FIITJEE,5.4,Low,12th,Urban,Medium,No,yes
ST6233,70.76,63.06,70.31,CBSE,77.12,1,No Coaching,5.6,Mid,Upto 10th,Semi-Urban,Low,Yes,no
ST6234,100,26.19,66.27,CBSE,75.34,2,No Coaching,6,High,PG,Rural,Medium,No,no
ST6235,60.75,62.45,66.87,CBSE,79.4,1,No Coaching,4.5,High,Graduate,Rural,Medium,Yes,no
ST6236,94.95,81.51,70.18,State,76.95,2,FIITJEE,6.8,Mid,PG,Rural,Medium,Yes,no
ST6237,95.49,55.9,52.24,State,67.08,2,No Coaching,6.5,High,Upto 10th,Rural,Low,Yes,no
ST6238,64.25,66.84,68.47,ICSE,70.88,1,Local,5.2,High,12th,Urban,Medium,Yes,no
ST6239,79.97,53.9,69.96,State,94.61,2,FIITJEE,3.9,Low,12th,Urban,High,Yes,no
ST6240,94.8,71.77,69.55,CBSE,100,2,Local,1.5,Mid,Upto 10th,Urban,High,Yes,yes
ST6241,66.69,62.54,65.41,State,90.63,2,Allen,6,Mid,Graduate,Urban,High,No,no
ST6242,69.15,50.97,81.65,State,79.78,2,FIITJEE,4.9,High,Graduate,Rural,Low,No,no
ST6243,63.86,87.32,63.76,CBSE,71.62,1,Local,3,Mid,PG,Semi-Urban,High,No,no
ST6244,57.79,80.86,70.73,ICSE,67.02,1,FIITJEE,2.2,Mid,Upto 10th,Semi-Urban,Medium,Yes,no
ST6245,62.91,56.32,83.57,State,67.68,1,No Coaching,5.8,High,Upto 10th,Urban,Low,Yes,no
ST6246,54.86,73.96,67.05,ICSE,69.47,1,FIITJEE,1.3,High,Graduate,Rural,Low,No,no
ST6247,72.48,74.6,70.57,CBSE,96.51,1,Allen,5.1,Mid,Upto 10th,Urban,Medium,Yes,no
ST6248,61.22,76.28,66.84,State,93.06,1,Local,6.2,Low,12th,Semi-Urban,High,No,no
ST6249,75.27,38.89,82.85,ICSE,82.46,1,FIITJEE,5.6,High,Graduate,Urban,Medium,No,no
ST6250,50.22,82.11,64.91,ICSE,65.39,1,No Coaching,3.7,Mid,Graduate,Rural,Medium,No,no
ST6251,76.63,56.88,83.4,CBSE,83.93,2,Local,2,High,12th,Rural,Low,Yes,no
ST6252,83.67,60.27,66.76,State,72.61,2,Local,5.7,Mid,Upto 10th,Rural,High,No,no
ST6253,44.09,100,57.69,ICSE,53.47,1,Local,6.9,Mid,Graduate,Urban,High,Yes,no
ST6254,77.24,70.83,76.15,ICSE,77.87,1,Allen,3.4,Low,Graduate,Semi-Urban,High,No,no
ST6255,89.19,59.82,64.34,ICSE,66.58,1,No Coaching,5.5,High,Graduate,Rural,Medium,Yes,no
ST6256,55.07,30.72,75.45,ICSE,66.92,2,No Coaching,7.7,Low,Upto 10th,Semi-Urban,Low,Yes,no
ST6257,95.42,88.24,35.25,ICSE,72.5,1,Local,5.2,High,Graduate,Semi-Urban,Low,No,no
ST6258,77.87,44.48,68.06,ICSE,70.02,1,FIITJEE,3.7,Low,Upto 10th,Urban,Low,Yes,no
ST6259,62.13,49.94,62.48,ICSE,74.66,1,Local,6.6,High,PG,Urban,High,Yes,no
ST6260,71.22,60.7,55.24,ICSE,74.18,1,No Coaching,3,Low,12th,Semi-Urban,High,No,yes
ST6261,79.82,88.66,61.36,ICSE,56.24,2,Allen,1.9,Low,Upto 10th,Rural,Low,No,yes
ST6262,73.06,78.37,61.12,ICSE,90.2,1,Allen,6.1,High,Upto 10th,Rural,Medium,No,no
ST6263,79.54,63.47,67.42,State,65.17,2,Local,3.7,Low,12th,Urban,Low,Yes,no
ST6264,59.11,70.93,51.59,CBSE,65.48,2,Allen,3.9,Low,Upto 10th,Rural,Medium,No,no
ST6265,74.37,56.39,71.8,CBSE,71.71,2,Allen,3.2,High,12th,Semi-Urban,Low,Yes,no
ST6266,52.21,68.23,84.39,CBSE,73.92,1,FIITJEE,3.6,High,PG,Rural,Medium,No,no
ST6267,70.44,67.17,71.37,ICSE,89.59,2,Allen,7.3,Mid,Graduate,Urban,Low,No,no
ST6268,59.35,81.5,77.71,CBSE,77.69,1,FIITJEE,7.8,High,12th,Semi-Urban,High,No,no
ST6269,61.7,81.47,81.13,ICSE,80.66,1,Local,8.1,Mid,12th,Semi-Urban,High,No,no
ST6270,89.31,73.9,82.84,State,77.75,1,No Coaching,6.7,Low,Graduate,Rural,High,Yes,yes
ST6271,87.28,60.2,90.44,CBSE,77.31,1,No Coaching,5.4,High,Graduate,Rural,High,Yes,no
ST6272,80.53,77.87,62.01,State,78.1,1,FIITJEE,1.6,Mid,Upto 10th,Semi-Urban,Low,Yes,no
ST6273,56.71,64.53,59.38,State,55.67,1,No Coaching,4.1,High,Upto 10th,Urban,High,No,no
ST6274,67.57,48.69,77.4,ICSE,72.5,1,Local,8.8,Mid,Upto 10th,Urban,Medium,Yes,no
ST6275,88.98,59.55,76.5,CBSE,86.62,1,No Coaching,3.6,Mid,Graduate,Rural,Medium,Yes,no
ST6276,73.98,67.35,77.31,State,100,2,Allen,7.5,High,Graduate,Urban,High,Yes,no
ST6277,100,80.56,90.67,CBSE,62.96,1,Local,4.6,Low,Graduate,Semi-Urban,High,Yes,yes
ST6278,77.51,63.06,68.14,State,79.23,2,Local,0,Low,Upto 10th,Urban,High,Yes,yes
ST6279,74.69,46.65,73.11,State,69.29,1,No Coaching,5.8,Mid,Graduate,Semi-Urban,Low,No,no
ST6280,67.67,66.91,56.24,ICSE,95.48,2,No Coaching,7,Mid,Graduate,Rural,Medium,Yes,no
ST6281,73.87,67.82,93.62,CBSE,61.46,2,FIITJEE,4.4,Low,PG,Urban,Medium,Yes,no
ST6282,69.87,68.97,63.96,ICSE,81.25,1,Allen,7,High,12th,Semi-Urban,Medium,No,no
ST6283,81.91,80.72,64.3,ICSE,60.93,2,No Coaching,1.2,High,12th,Rural,Low,Yes,no
ST6284,85.39,82.3,63.84,ICSE,71.81,1,No Coaching,1.7,Low,Graduate,Semi-Urban,Low,No,no
ST6285,61,56.49,60.26,ICSE,74.66,2,FIITJEE,4.9,Low,Upto 10th,Urban,Medium,Yes,yes
ST6286,53.36,56.14,59.25,ICSE,85.7,1,No Coaching,5.5,Low,PG,Semi-Urban,Medium,Yes,no
ST6287,46.29,49.36,61.72,State,64.23,2,Allen,7.2,Mid,PG,Rural,Medium,Yes,yes
ST6288,79.11,77.18,51.61,CBSE,81.63,2,Allen,5.8,Low,12th,Rural,High,No,yes
ST6289,56.55,89.18,58.58,CBSE,75.19,1,Local,2.1,Low,PG,Urban,Low,Yes,yes
ST6290,41.86,60.96,91.39,ICSE,77.73,2,Local,4.9,Low,PG,Rural,Medium,No,yes
ST6291,77.44,62.14,76.83,CBSE,84.58,1,Allen,5.7,Low,PG,Urban,High,No,no
ST6292,100,89.47,79.11,State,62.17,1,FIITJEE,0.8,High,Graduate,Rural,Medium,Yes,no
ST6293,71.92,74.09,82.13,ICSE,83.11,2,Local,4.4,High,12th,Urban,Medium,Yes,no
ST6294,83.74,72.98,90.01,State,69.31,2,Allen,3.8,Low,12th,Rural,Low,Yes,yes
ST6295,73.15,46.95,46.74,State,85.96,2,Allen,3.2,Mid,Upto 10th,Urban,Medium,No,no
ST6296,70.62,76.86,53.24,ICSE,78.35,1,Local,5.5,Mid,Graduate,Semi-Urban,Low,Yes,no
ST6297,84.87,51.13,58.36,State,72.9,1,Allen,2.2,High,PG,Semi-Urban,Low,No,no
ST6298,67.94,47.86,62.36,ICSE,69.1,1,Allen,5.3,Mid,Graduate,Urban,Medium,No,no
ST6299,75.74,60.45,64.39,State,83.23,1,Allen,5.6,Mid,PG,Rural,High,Yes,no
ST6300,76.5,56.63,62.64,CBSE,87.61,2,Allen,6.7,High,PG,Rural,Medium,No,no
ST6301,62.65,62.45,70.63,CBSE,69.67,1,Local,2.3,Low,Upto 10th,Urban,Medium,No,yes
ST6302,85.89,42.94,68.42,CBSE,63.67,1,FIITJEE,1.5,Low,Upto 10th,Rural,Medium,Yes,yes
ST6303,69.55,81.34,59.33,ICSE,81.94,2,Allen,5.1,High,Upto 10th,Urban,High,Yes,no
ST6304,61.42,84.04,41.89,State,60.51,2,No Coaching,3.9,Low,PG,Semi-Urban,Low,No,yes
ST6305,79.51,34.84,56.09,State,61.94,2,FIITJEE,10,Low,PG,Urban,High,Yes,yes
ST6306,59.42,81.66,61.41,CBSE,64.37,1,No Coaching,5.4,High,Graduate,Rural,High,No,no
ST6307,72.39,53.03,65.04,CBSE,70.85,2,No Coaching,4.6,High,12th,Rural,Medium,No,no
ST6308,71.87,79.71,54.44,ICSE,61.64,2,Allen,4.2,High,PG,Urban,Medium,No,no
ST6309,87.2,64.9,62.11,ICSE,55.61,1,Local,2.1,Mid,Graduate,Urban,High,No,no
ST6310,78.65,66.46,54.43,State,63.65,1,No Coaching,5.6,High,Graduate,Urban,Low,No,no
ST6311,71.65,63.04,66.49,ICSE,81.42,1,No Coaching,4.3,High,PG,Urban,Low,Yes,no
ST6312,83.45,85.39,55.12,ICSE,62.28,1,No Coaching,4.3,High,PG,Semi-Urban,Medium,Yes,no
ST6313,91.46,46.17,57.81,ICSE,71.6,2,Allen,4.7,High,Upto 10th,Rural,Low,No,no
ST6314,79.81,75.73,52.3,CBSE,94.47,1,Allen,4.9,Low,Upto 10th,Rural,Low,Yes,no
ST6315,72.14,83.62,66.16,CBSE,74.51,2,Local,1,High,Upto 10th,Urban,Low,Yes,no
ST6316,53.63,77.46,57.6,State,78.43,2,Allen,6.2,High,Graduate,Urban,High,Yes,no
ST6317,57.09,100,78.88,ICSE,65.54,1,FIITJEE,2.8,Mid,Upto 10th,Urban,High,Yes,no
ST6318,67.73,57.54,72.87,CBSE,96.63,1,Local,4.2,Mid,PG,Semi-Urban,Medium,No,no
ST6319,63.47,81.32,67.16,ICSE,69.59,1,Allen,7.1,Low,Upto 10th,Semi-Urban,Low,No,no
ST6320,69.38,64.3,58.43,State,72.72,1,Allen,8.1,High,PG,Urban,Medium,Yes,no
ST6321,72.79,85.73,72.57,ICSE,88.17,2,No Coaching,1.1,High,PG,Rural,High,No,yes
ST6322,79.42,65.88,76.29,State,73.18,1,Allen,4.6,High,12th,Semi-Urban,Medium,No,no
ST6323,71.01,59.79,69.71,State,75.48,1,No Coaching,5,Mid,12th,Rural,High,No,no
ST6324,78.81,86.9,87.24,CBSE,72.18,2,Allen,1.5,Low,Upto 10th,Semi-Urban,High,No,yes
ST6325,72.9,58.14,73.52,ICSE,72.25,2,Allen,6.1,Mid,PG,Urban,Medium,No,no
ST6326,44.34,43.4,78.96,CBSE,78.71,2,Allen,4.7,High,12th,Urban,Low,Yes,yes
ST6327,58.85,57.73,69.6,ICSE,80.53,1,Allen,4.9,Mid,Graduate,Rural,Medium,No,no
ST6328,69.98,75.9,76.11,ICSE,68.57,2,Allen,2.7,High,12th,Urban,Low,No,no
ST6329,55.06,88.27,58.44,State,67.34,2,Local,5.3,High,Upto 10th,Rural,Medium,No,no
ST6330,80.4,67.78,62.5,State,68.91,2,Allen,6.2,High,Graduate,Urban,Medium,Yes,no
ST6331,93.43,87.09,72.19,ICSE,60.99,1,Allen,4.8,Low,Graduate,Urban,Medium,Yes,yes
ST6332,89.06,44.27,72.11,CBSE,59.1,2,No Coaching,3.5,Mid,PG,Rural,High,No,no
ST6333,69.01,58.91,74.09,State,77.97,1,FIITJEE,3.6,High,PG,Urban,Medium,No,no
ST6334,92.87,61.38,81.2,State,84.39,2,FIITJEE,4.9,High,PG,Semi-Urban,High,Yes,no
ST6335,74.08,64.17,50.9,ICSE,83.71,2,Local,4.6,Low,PG,Urban,High,No,no
ST6336,67.28,67.35,56.31,ICSE,51.18,2,Allen,6.3,Low,12th,Rural,High,Yes,no
ST6337,63.41,77.05,70.75,State,72.55,2,FIITJEE,3.5,High,Upto 10th,Urban,Medium,No,no
ST6338,67.77,58.88,59.31,CBSE,63.98,2,No Coaching,2.1,High,Upto 10th,Semi-Urban,Medium,No,no
ST6339,66.57,68.22,100,State,76.44,2,No Coaching,5.2,High,PG,Urban,Medium,No,no
ST6340,74.39,65.28,74.19,ICSE,70.82,1,Local,3.5,High,12th,Urban,Medium,No,no
ST6341,74.25,51.19,67.06,State,80.92,1,No Coaching,6.1,Low,12th,Semi-Urban,High,Yes,yes
ST6342,72.04,64.18,61.81,ICSE,74.81,1,FIITJEE,4.5,Mid,12th,Urban,Low,No,no
ST6343,78.12,63.7,62.24,State,56.04,2,FIITJEE,5.8,Low,Upto 10th,Urban,Low,Yes,no
ST6344,88.67,63.36,68.36,ICSE,65.33,1,FIITJEE,2.5,Low,PG,Rural,High,Yes,no
ST6345,85.29,66.51,69.34,ICSE,75.06,2,Allen,4.8,Mid,12th,Rural,High,Yes,no
ST6346,51.21,67.21,62.52,CBSE,75.9,1,No Coaching,3.1,High,12th,Rural,Low,Yes,no
ST6347,36.25,59.08,64.72,ICSE,60.94,2,No Coaching,2.1,High,PG,Rural,Low,Yes,no
ST6348,85.08,86.36,84.13,State,59.64,1,Allen,2.8,Mid,12th,Semi-Urban,Low,No,no
ST6349,52.86,47.29,84.61,ICSE,75.56,2,FIITJEE,3.4,Low,Upto 10th,Rural,Low,Yes,yes
ST6350,68.85,54.46,71.02,State,60.96,2,No Coaching,7,High,Graduate,Rural,Low,Yes,no
ST6351,55.62,100,51.9,CBSE,58.31,1,FIITJEE,3.4,Mid,Upto 10th,Urban,Medium,No,no
ST6352,46.77,49.39,74.46,State,70.55,2,Allen,2,Mid,PG,Semi-Urban,Low,Yes,yes
ST6353,79.58,44.34,86.65,CBSE,70.12,1,FIITJEE,4.8,Mid,PG,Semi-Urban,Medium,Yes,no
ST6354,82.63,77.75,84.44,CBSE,66.22,1,Local,4.6,High,Upto 10th,Rural,Medium,No,no
ST6355,63.93,32.77,76.81,ICSE,67.96,1,Allen,3.5,Mid,Graduate,Urban,High,Yes,no
ST6356,35.73,62.24,85.07,CBSE,75.14,1,FIITJEE,4.2,Low,PG,Semi-Urban,High,Yes,yes
ST6357,64.35,100,68.64,State,67.8,2,Allen,6.5,Low,PG,Semi-Urban,Low,No,no
ST6358,77.49,41.28,75.54,CBSE,75.71,1,No Coaching,5.8,Mid,Upto 10th,Rural,High,Yes,no
ST6359,51.3,34.29,59.83,CBSE,71.2,2,Local,5.7,Mid,Graduate,Rural,Low,Yes,no
ST6360,74.57,42.01,71.51,ICSE,76.68,2,Allen,2.1,Mid,Graduate,Rural,High,No,no
ST6361,71.79,80.37,83.95,State,83.78,2,FIITJEE,10,Low,Graduate,Urban,High,No,no
ST6362,80.11,84,60.93,CBSE,83.39,1,No Coaching,6.6,High,PG,Rural,Low,Yes,no
ST6363,73.67,57.8,57.66,ICSE,87.88,2,FIITJEE,5.5,Low,Graduate,Semi-Urban,High,No,no
ST6364,58.38,76.93,69.17,ICSE,83.38,2,FIITJEE,2.2,Mid,Upto 10th,Semi-Urban,Low,Yes,no
ST6365,88.75,88.24,65.28,State,77.39,1,Allen,6.4,High,PG,Rural,High,Yes,no
ST6366,69.78,94.6,75.79,ICSE,70.67,2,Allen,3.5,High,Graduate,Semi-Urban,Low,No,no
ST6367,71.62,62.06,62.56,CBSE,71.12,2,FIITJEE,4.1,Mid,12th,Urban,Medium,Yes,no
ST6368,58.93,29.18,88.62,ICSE,66.22,2,Allen,1.1,Mid,Graduate,Rural,Low,No,no
ST6369,65.79,52.87,52.52,State,75.05,2,FIITJEE,2,Low,Graduate,Semi-Urban,High,No,yes
ST6370,59.61,59.17,83.04,State,81.97,2,Allen,5.4,Low,PG,Semi-Urban,Medium,No,no
ST6371,69.58,61.86,58.82,ICSE,67.74,1,Local,6.5,Low,Upto 10th,Rural,Medium,No,no
ST6372,95.96,62.99,46.45,CBSE,74.63,1,Allen,5.9,Mid,12th,Semi-Urban,Low,No,no
ST6373,52.79,83.9,70.85,ICSE,68.23,1,FIITJEE,5.8,High,PG,Semi-Urban,Low,Yes,no
ST6374,49.41,86.39,64.94,State,77.09,1,No Coaching,4.4,Low,Graduate,Rural,Medium,Yes,yes
ST6375,92.6,63.25,54.68,ICSE,69.51,1,Allen,3.7,Mid,PG,Urban,Low,Yes,no
ST6376,69.07,83.58,47.82,ICSE,67.6,2,Local,5.1,High,PG,Semi-Urban,Low,No,no
ST6377,62.63,71.72,67.9,CBSE,68.2,1,Local,6.1,Mid,12th,Urban,Low,No,no
ST6378,86.56,67.03,79.71,ICSE,80.03,2,Local,4.5,Mid,Graduate,Urban,High,No,no
ST6379,63.52,80.5,75.02,CBSE,74.03,2,Local,6.9,Mid,PG,Urban,High,No,no
ST6380,97.56,67.16,68.68,ICSE,70.72,1,FIITJEE,4.1,Low,Upto 10th,Urban,Medium,No,yes
ST6381,81.49,98.92,73.75,ICSE,77.61,1,Local,2.5,Mid,12th,Urban,Medium,Yes,no
ST6382,65.17,42.99,67.67,CBSE,70.85,2,No Coaching,4.5,Mid,PG,Semi-Urban,Medium,No,no
ST6383,100,57.76,50.84,CBSE,86.27,2,Allen,4.7,Mid,12th,Semi-Urban,Low,No,no
ST6384,63.52,63.98,50.95,State,65.26,1,Local,4.3,Low,PG,Urban,Low,No,no
ST6385,82.39,73.03,65.56,CBSE,73.13,1,Allen,7.1,Mid,PG,Rural,Low,Yes,no
ST6386,76.19,86.29,66.07,ICSE,60.95,2,FIITJEE,6.1,Mid,PG,Urban,Medium,Yes,no
ST6387,90.22,65.61,78.21,State,71.53,2,Allen,1.6,Low,Upto 10th,Rural,Medium,Yes,no
ST6388,93.86,43.24,77.09,CBSE,58.2,1,FIITJEE,7.6,Mid,Upto 10th,Semi-Urban,High,No,no
ST6389,72.45,79.48,75.26,CBSE,82.46,1,FIITJEE,0,High,Upto 10th,Rural,Low,No,no
ST6390,61.45,78.08,64.64,State,82.67,1,Allen,8.8,Mid,PG,Semi-Urban,Low,No,no
ST6391,78.44,34.93,51.43,ICSE,82.84,2,Local,3.9,Mid,Upto 10th,Rural,High,Yes,no
ST6392,62.51,65.94,72.94,ICSE,75.29,2,No Coaching,4.1,Low,12th,Urban,Medium,No,no
ST6393,100,40.56,74.3,State,66.2,2,Allen,4.4,Low,Upto 10th,Semi-Urban,Medium,No,no
ST6394,73.91,55.37,39.34,ICSE,67,2,No Coaching,5.3,Low,12th,Rural,Medium,Yes,yes
ST6395,66.89,51.56,57.99,CBSE,90.3,1,Allen,4.5,Low,Graduate,Urban,Low,Yes,yes
ST6396,74.59,78.95,59.71,ICSE,89.36,1,No Coaching,4.2,High,Graduate,Rural,High,Yes,no
ST6397,53.14,67.87,69.42,CBSE,76.23,2,Allen,7.1,Mid,Upto 10th,Rural,High,Yes,no
ST6398,58.4,45.43,58.36,ICSE,69.84,2,No Coaching,5.6,Mid,Upto 10th,Rural,Medium,Yes,no
ST6399,88.81,80.08,67.54,CBSE,88.69,1,No Coaching,2.6,High,12th,Semi-Urban,Low,Yes,no
ST6400,62.8,43.06,65.47,State,68.05,2,Allen,6,Low,PG,Semi-Urban,High,Yes,no
ST6401,57.34,71.28,66.09,CBSE,77.29,1,Allen,5.5,Mid,12th,Urban,Low,Yes,no
ST6402,79.51,52.98,59.4,ICSE,88.52,1,FIITJEE,3.4,High,Graduate,Rural,Medium,No,no
ST6403,88.6,60.15,60.33,CBSE,66.64,2,No Coaching,6.1,Mid,PG,Rural,Medium,Yes,no
ST6404,82.07,74.07,55.04,ICSE,83.29,2,Allen,4.2,High,12th,Semi-Urban,High,No,no
ST6405,85.94,74.34,72.56,ICSE,80.21,1,Local,4.1,High,Upto 10th,Semi-Urban,Medium,Yes,no
ST6406,61.4,87.39,74.85,CBSE,74.6,1,Local,4,Mid,Graduate,Rural,High,No,no
ST6407,52.09,64.68,58.75,ICSE,65.07,2,FIITJEE,0,Low,Graduate,Rural,Medium,No,yes
ST6408,93.02,70.9,86.25,State,67.76,2,Local,3.4,Low,Upto 10th,Rural,High,No,no
ST6409,67.48,59,64.22,ICSE,77.89,2,Allen,5.9,High,12th,Semi-Urban,Medium,No,no
ST6410,68.49,68.91,86.36,State,60.77,1,No Coaching,4.5,Low,Upto 10th,Rural,Medium,Yes,yes
ST6411,90.59,73.03,60.29,State,76.31,2,Allen,1.9,Mid,12th,Rural,Low,Yes,no
ST6412,79.79,64.43,43.68,ICSE,80.41,1,Local,6.4,High,Graduate,Semi-Urban,Low,No,no
ST6413,78.38,37.14,72.83,State,84.85,1,Local,3.9,Mid,Upto 10th,Semi-Urban,Medium,No,no
ST6414,100,71.3,70.98,State,61.02,2,Allen,2.1,Mid,Graduate,Semi-Urban,High,Yes,no
ST6415,62.99,71.83,68.41,CBSE,88.16,1,FIITJEE,8.9,Low,Graduate,Semi-Urban,Medium,Yes,yes
ST6416,84.99,55.12,60.29,State,91.95,2,Allen,2.4,Mid,PG,Rural,Low,Yes,no
ST6417,72.8,45.45,67.59,State,79.1,2,FIITJEE,6.3,High,Upto 10th,Semi-Urban,High,No,no
ST6418,75.76,89.61,61.86,State,64.62,2,Local,3,High,Graduate,Semi-Urban,Medium,No,no
ST6419,93.4,73.86,64.37,State,71.72,2,No Coaching,4.8,Mid,12th,Rural,Medium,Yes,no
ST6420,79.11,62.33,78.1,State,74.52,2,No Coaching,2.7,Mid,Upto 10th,Urban,Low,Yes,no
ST6421,79.54,47.81,70.21,ICSE,77.7,1,Allen,2,High,12th,Rural,High,No,no
ST6422,87.02,52.85,75.32,State,75.22,2,FIITJEE,5.5,Low,12th,Rural,High,Yes,no
ST6423,66.89,86.84,65.22,ICSE,77.81,1,Local,5.3,Low,12th,Rural,High,Yes,no
ST6424,60.25,68.2,63.9,ICSE,74.09,2,No Coaching,6.8,Low,Upto 10th,Rural,Medium,Yes,no
ST6425,57.37,57.19,54.16,ICSE,77.65,2,Allen,4.4,Mid,12th,Rural,Low,No,no
ST6426,44.47,74.16,63.56,CBSE,70.39,2,Allen,8.9,Mid,Upto 10th,Rural,Medium,No,no
ST6427,100,52.97,28.15,CBSE,71.62,2,Local,5,High,PG,Rural,Low,Yes,no
ST6428,56.56,90.01,60.92,ICSE,69.24,1,Local,5.6,High,12th,Urban,Low,No,no
ST6429,68.9,87.64,67.02,CBSE,94.17,2,Allen,1.8,High,Upto 10th,Rural,High,Yes,yes
ST6430,68.12,58.53,74.76,State,89.64,2,Allen,3.3,High,12th,Rural,Medium,No,no
ST6431,76.3,55.94,64.78,ICSE,80.55,2,Allen,5.5,Low,Graduate,Rural,High,Yes,no
ST6432,83.42,24.11,72.17,ICSE,88.25,1,FIITJEE,4.3,Mid,12th,Rural,Low,No,no
ST6433,84.05,42.29,41.84,ICSE,82.98,2,Local,4.9,Mid,Graduate,Rural,Low,No,no
ST6434,63.84,44.57,67.32,CBSE,76.81,1,Allen,2.9,Low,Graduate,Urban,High,No,yes
ST6435,69.66,68.16,47.85,CBSE,59.94,2,Local,4.7,High,12th,Semi-Urban,High,Yes,no
ST6436,75.96,60.78,53.5,CBSE,72.38,2,Allen,4.7,High,12th,Semi-Urban,Low,Yes,no
ST6437,68.52,44.47,65.75,State,71.65,2,Allen,2.1,Mid,Graduate,Rural,Medium,No,no
ST6438,94.5,61.5,83.32,CBSE,63.67,2,Allen,5.8,High,PG,Urban,High,Yes,no
ST6439,78.87,74.09,72.45,ICSE,60.14,2,Local,1.1,Mid,Upto 10th,Urban,Medium,Yes,no
ST6440,82.29,74.45,68.22,CBSE,79.93,2,Allen,4.9,Low,12th,Urban,Low,No,yes
ST6441,81.28,35.61,67.77,CBSE,78.25,2,Allen,8,Mid,Graduate,Semi-Urban,High,Yes,no
ST6442,88.43,63.95,59.44,CBSE,63.33,1,Local,5.9,Low,Upto 10th,Semi-Urban,High,No,no
ST6443,74.53,43.87,61.47,CBSE,67.54,2,Allen,5.8,High,12th,Urban,Low,Yes,no
ST6444,53.84,80.43,73.13,ICSE,86.61,2,No Coaching,2.7,Mid,Upto 10th,Semi-Urban,High,No,no
ST6445,77.6,78.55,51.38,CBSE,66.22,1,No Coaching,8,High,Graduate,Semi-Urban,High,No,no
ST6446,62.88,51.63,75.12,ICSE,76.71,2,Allen,7.3,High,12th,Rural,Medium,No,no
ST6447,64.6,53.74,63.34,CBSE,73.1,2,FIITJEE,2.8,High,PG,Rural,High,Yes,no
ST6448,80.21,58.62,77.91,State,80.06,1,Local,3.6,Mid,Upto 10th,Rural,Medium,No,no
ST6449,89.34,29.96,79.53,State,66.44,2,Allen,7,High,12th,Urban,High,No,no
ST6450,72.3,71.38,47.92,ICSE,75.9,2,Local,8.1,Mid,Upto 10th,Rural,High,No,no
ST6451,76.32,61.63,61.02,ICSE,76.69,1,FIITJEE,2,High,Upto 10th,Urban,Low,No,no
ST6452,95.83,81.52,57.73,State,77.3,1,FIITJEE,2.5,Low,12th,Rural,Low,Yes,yes
ST6453,75.37,48.43,46.25,State,75.79,2,Local,4.2,Mid,12th,Urban,High,Yes,no
ST6454,100,56.09,55.61,CBSE,78.45,1,FIITJEE,0.2,Low,12th,Semi-Urban,Medium,No,yes
ST6455,79.92,41.9,97.3,State,96.92,1,FIITJEE,4.5,Low,Graduate,Urban,Low,Yes,yes
ST6456,47.35,49.93,75.31,ICSE,100,1,Local,6.9,Mid,12th,Semi-Urban,Low,Yes,yes
ST6457,82.55,47.09,91.01,ICSE,68.61,2,FIITJEE,1.6,Mid,Upto 10th,Rural,Low,Yes,no
ST6458,77.34,81.94,77.95,State,51.82,2,No Coaching,4.8,Mid,12th,Semi-Urban,High,Yes,no
ST6459,90.06,54.83,59.1,ICSE,80.95,1,Allen,3.3,High,Graduate,Semi-Urban,Medium,No,no
ST6460,81.42,67.99,63.42,CBSE,76.86,1,No Coaching,7.8,High,Graduate,Rural,Medium,No,no
ST6461,70.06,59.91,75.06,CBSE,85.61,1,No Coaching,3.4,Low,12th,Urban,High,Yes,yes
ST6462,54.86,45.69,73.25,State,77.85,1,Allen,7.5,Mid,Upto 10th,Urban,Low,No,no
ST6463,69.07,63.31,61.07,ICSE,75.59,2,No Coaching,3.3,Low,Graduate,Urban,Medium,No,yes
ST6464,60.09,75.59,49.88,State,86.29,2,Allen,6,High,Upto 10th,Rural,Medium,Yes,no
ST6465,63.87,46.68,100,ICSE,87.69,2,Allen,5,Low,PG,Urban,High,Yes,yes
ST6466,80.24,78.95,66.31,ICSE,61.13,2,Local,4.2,Low,Graduate,Semi-Urban,Medium,No,no
ST6467,95.38,52.4,64.09,ICSE,66.83,1,Allen,2.9,Mid,PG,Rural,Medium,Yes,no
ST6468,77.53,58.27,69.36,CBSE,73.94,2,Allen,5.1,Mid,Graduate,Urban,Low,No,no
ST6469,55.26,74.49,65.09,ICSE,75.98,1,FIITJEE,3.6,Low,Upto 10th,Semi-Urban,Low,No,no
ST6470,78.22,55.39,69.47,CBSE,72.74,1,FIITJEE,3.1,High,PG,Semi-Urban,Low,Yes,no
ST6471,88.75,66.6,83.44,ICSE,79.34,1,No Coaching,7.4,Low,Upto 10th,Urban,Medium,Yes,yes
ST6472,63.46,60.96,66.51,State,84.96,1,Allen,5.6,High,Graduate,Rural,Low,Yes,no
ST6473,70.12,68.07,54.05,CBSE,92.23,2,Allen,5.8,Low,Upto 10th,Semi-Urban,High,Yes,yes
ST6474,72.21,27.91,66.06,CBSE,80.79,1,Local,3.7,Low,PG,Semi-Urban,Low,No,yes
ST6475,61.01,36.73,62.43,CBSE,66.48,1,Allen,4.1,Mid,12th,Semi-Urban,Low,Yes,no
ST6476,81.08,75.86,85.09,State,73.53,1,Local,4,Low,12th,Semi-Urban,Medium,No,no
ST6477,70.31,82.59,82.05,CBSE,74.25,1,Allen,5.2,High,Graduate,Urban,Low,Yes,no
ST6478,77.87,51.43,69.29,State,80.15,2,FIITJEE,5.8,Low,12th,Rural,High,Yes,yes
ST6479,59.58,62.1,52.66,ICSE,78.88,1,FIITJEE,4.4,Low,Graduate,Semi-Urban,Low,Yes,no
ST6480,65.88,70.72,53.29,ICSE,95.5,2,FIITJEE,2.9,High,Upto 10th,Semi-Urban,Low,Yes,no
ST6481,82.11,77.09,68.18,State,70.38,1,No Coaching,6,Low,Upto 10th,Semi-Urban,High,Yes,no
ST6482,66.78,33.56,72.04,CBSE,78.85,2,Allen,4.6,Low,PG,Rural,High,Yes,no
ST6483,96.18,51.82,63.5,CBSE,98.55,1,FIITJEE,1.6,Low,PG,Semi-Urban,Low,No,no
ST6484,66.41,60.68,62.24,State,69.15,1,Local,0.2,Low,12th,Rural,Medium,No,no
ST6485,75.15,77.25,60.89,ICSE,76.45,2,FIITJEE,5.1,High,Upto 10th,Rural,High,Yes,no
ST6486,85.06,100,67.72,State,65.55,2,Allen,2.8,High,PG,Rural,High,Yes,no
ST6487,52.14,62.35,39.41,CBSE,75.82,2,FIITJEE,5.4,High,12th,Rural,Medium,Yes,no
ST6488,47.35,43.49,54.78,CBSE,67.2,1,Allen,2.9,High,Graduate,Urban,High,Yes,yes
ST6489,50.64,72.44,60.48,CBSE,85.47,2,Allen,4.8,Low,PG,Urban,High,No,no
ST6490,89.68,87.14,82.49,CBSE,76.47,2,FIITJEE,3.7,High,PG,Urban,Medium,No,no
ST6491,64.27,67.73,58.23,ICSE,65.65,1,Local,8,Low,12th,Semi-Urban,Low,No,no
ST6492,100,51.49,70.17,ICSE,83.41,2,No Coaching,6.4,Mid,PG,Rural,Medium,No,no
ST6493,64.1,81.33,70.72,ICSE,76.8,1,Allen,7.2,Low,12th,Rural,Low,No,yes
ST6494,74.58,76.62,83.57,CBSE,84.53,1,No Coaching,4.5,Low,PG,Urban,High,Yes,no
ST6495,93.59,49.58,83.15,CBSE,63.52,2,FIITJEE,6.1,High,Upto 10th,Urban,High,Yes,no
ST6496,100,72.1,67.31,CBSE,78.69,1,Allen,4.7,High,Upto 10th,Rural,Low,No,no
ST6497,100,81.96,62.29,State,82.73,1,Allen,7.4,High,Upto 10th,Urban,Medium,No,no
ST6498,88.92,84.91,60.03,CBSE,70.77,1,FIITJEE,4.4,Mid,PG,Semi-Urban,High,Yes,no
ST6499,86.34,64.94,65.11,ICSE,62.41,1,No Coaching,1.7,Low,12th,Semi-Urban,Medium,Yes,yes
ST6500,80.3,60.27,62.79,ICSE,74.58,2,Local,0.5,Mid,Upto 10th,Semi-Urban,Low,Yes,no
ST6501,82.9,85.64,74.64,ICSE,87.28,2,FIITJEE,7.8,Low,Graduate,Rural,Low,No,yes
ST6502,64.28,46.64,73.04,State,86.26,1,FIITJEE,5.5,Low,PG,Urban,Low,Yes,yes
ST6503,60.55,73.02,75.1,ICSE,70.72,2,Local,5.6,Mid,12th,Semi-Urban,Medium,No,no
ST6504,71.95,44.08,83.11,State,62.17,1,Local,7.5,Mid,PG,Semi-Urban,Medium,No,no
ST6505,69.62,83.05,90.35,State,70.69,2,Local,1.2,Low,12th,Semi-Urban,Low,No,yes
ST6506,65.65,61.87,69.5,State,70.32,2,Local,3.8,Mid,12th,Semi-Urban,High,No,no
ST6507,81.75,86.3,81.19,CBSE,79.46,1,FIITJEE,4,High,PG,Semi-Urban,Low,No,no
ST6508,85.37,73.86,63.78,CBSE,73.95,1,Local,6,Low,Graduate,Urban,High,No,no
ST6509,73.24,46.43,82.22,ICSE,67.47,1,No Coaching,3.1,High,Graduate,Semi-Urban,High,No,no
ST6510,92.69,88.79,80.74,ICSE,86.04,1,Local,2.1,Mid,PG,Semi-Urban,High,No,no
ST6511,56.02,90.82,80.1,State,76.4,2,Allen,2.1,High,Upto 10th,Semi-Urban,Medium,No,no
ST6512,69.29,80.12,69.13,CBSE,79.35,1,Allen,6.8,Mid,Upto 10th,Rural,High,No,no
ST6513,61.96,53.81,59.98,ICSE,57.75,2,Local,3,High,12th,Urban,High,Yes,no
ST6514,45.87,61.1,51.27,ICSE,50.76,2,FIITJEE,3.4,Mid,Upto 10th,Semi-Urban,Low,Yes,no
ST6515,70.84,68.33,67.52,CBSE,60.62,1,FIITJEE,5.8,Low,PG,Urban,High,Yes,yes
ST6516,70.3,54.74,86.4,State,70.19,2,No Coaching,3.1,Low,PG,Semi-Urban,High,Yes,yes
ST6517,93.19,93.08,64.28,ICSE,80.76,1,FIITJEE,1.1,Low,Graduate,Rural,Low,Yes,no
ST6518,80.83,68.31,77.42,ICSE,51.58,1,No Coaching,1.3,Low,Upto 10th,Rural,Medium,Yes,no
ST6519,57.66,22.75,78.13,CBSE,90.93,2,No Coaching,4.4,Mid,Upto 10th,Rural,High,Yes,no
ST6520,97.96,71.43,64.6,CBSE,76.71,1,No Coaching,5.5,High,12th,Rural,Medium,No,no
ST6521,89.09,60.43,83.8,State,88.6,1,Local,4.1,Low,PG,Semi-Urban,Low,No,no
ST6522,80.15,64.8,33.1,State,66.14,1,FIITJEE,5.4,Mid,PG,Urban,Medium,No,no
ST6523,68.83,60.1,53.33,ICSE,80.04,2,Allen,1.3,Mid,PG,Semi-Urban,High,No,yes
ST6524,58.57,78.91,57.01,State,75.85,2,No Coaching,1.4,Low,Graduate,Rural,Medium,No,no
ST6525,66.79,83.92,58.16,ICSE,83.18,1,Allen,9,Low,Graduate,Rural,Medium,Yes,no
ST6526,87.24,70.53,72.04,ICSE,72.66,1,No Coaching,7,Mid,Graduate,Semi-Urban,Low,Yes,no
ST6527,98.38,60.57,71.48,CBSE,79.73,2,FIITJEE,6,High,PG,Semi-Urban,Low,Yes,no
ST6528,93.61,65.34,72.73,ICSE,86.02,2,Local,3.2,Mid,PG,Urban,Low,Yes,no
ST6529,65.16,66.31,75.15,CBSE,68.49,1,No Coaching,4,Low,Upto 10th,Urban,Low,Yes,no
ST6530,56.33,53.16,56.6,ICSE,77.42,2,No Coaching,4.5,Low,PG,Urban,Low,Yes,no
ST6531,73.97,75.26,53.38,ICSE,56.12,1,Allen,7.1,Low,PG,Urban,Low,Yes,yes
ST6532,47.24,73.36,72.76,ICSE,82.03,1,Local,5.3,High,Graduate,Rural,Low,No,no
ST6533,76.52,90.65,60.44,State,94.55,1,FIITJEE,5.6,High,Upto 10th,Rural,Low,Yes,no
ST6534,69.93,86.09,49.15,State,62.56,2,No Coaching,4.2,High,PG,Urban,Medium,No,no
ST6535,65.48,55.03,79.66,CBSE,74.09,2,FIITJEE,6.1,Mid,12th,Urban,Low,Yes,no
ST6536,49.67,79.12,84.74,ICSE,83.8,2,Local,5.1,Mid,Graduate,Rural,Medium,No,no
ST6537,79.19,50.78,86.69,CBSE,75.31,1,Allen,4.6,High,12th,Rural,High,Yes,no
ST6538,64.54,77.13,70.24,CBSE,76.65,2,Local,3,High,Upto 10th,Rural,Low,Yes,no
ST6539,55.62,57.73,75.51,ICSE,71.09,2,Local,4.3,Low,Graduate,Urban,High,Yes,no
ST6540,31.79,49.63,84.44,State,70.72,1,Local,2.3,Low,Upto 10th,Urban,Low,Yes,yes
ST6541,71.61,70.48,60.3,State,74.13,2,Local,4.4,Mid,PG,Rural,High,No,no
ST6542,96.81,23.21,81.33,CBSE,75.42,1,FIITJEE,4.7,High,Graduate,Rural,Medium,No,no
ST6543,95.26,37.98,71.3,State,63.19,1,FIITJEE,0,High,Upto 10th,Semi-Urban,Low,No,no
ST6544,65.6,63.16,78.96,ICSE,74.34,2,Allen,4,Mid,Upto 10th,Semi-Urban,Medium,No,no
ST6545,63.57,67.32,70.23,ICSE,90.69,2,No Coaching,2.1,High,Upto 10th,Rural,High,No,no
ST6546,78.56,60.09,83.56,State,70.81,1,No Coaching,5.5,Low,12th,Rural,Medium,No,no
ST6547,58.02,40.73,70.68,State,62.63,2,Local,5.8,High,Graduate,Semi-Urban,Low,Yes,no
ST6548,76.23,52.91,50.19,CBSE,73.49,2,Local,3.6,Mid,Upto 10th,Urban,Medium,Yes,no
ST6549,82.73,72.26,85.42,State,67.85,2,FIITJEE,5.6,Mid,Graduate,Rural,Medium,No,no
ST6550,89.18,75.31,56.63,CBSE,61.62,1,No Coaching,5.7,High,PG,Rural,High,No,no
ST6551,70.6,65.74,83.04,ICSE,76.39,1,Allen,4,Mid,PG,Rural,High,No,no
ST6552,69.15,84.51,66.92,ICSE,67.9,2,Local,7.6,Low,Upto 10th,Urban,Low,No,yes
ST6553,59.71,72.36,82.11,ICSE,68.75,1,FIITJEE,3,Low,Graduate,Semi-Urban,High,Yes,no
ST6554,60.42,54.04,81.62,State,76.53,2,Local,7.4,Low,Upto 10th,Urban,Medium,No,yes
ST6555,68.83,61.51,73.16,State,59.67,2,Local,4,High,Upto 10th,Urban,High,Yes,no
ST6556,77.14,43.55,74.1,State,57.58,2,FIITJEE,2.8,Mid,12th,Rural,Low,Yes,no
ST6557,84.79,64.27,73.07,CBSE,81.71,2,No Coaching,3.8,Low,Graduate,Rural,High,Yes,no
ST6558,60.76,83.79,43.83,CBSE,55.69,1,No Coaching,2.3,Mid,12th,Semi-Urban,Low,Yes,no
ST6559,92.9,76.96,69.42,CBSE,65.23,2,Local,6.1,Mid,Upto 10th,Urban,Low,No,no
ST6560,68.2,88.43,54.61,ICSE,57,1,No Coaching,1.3,Mid,12th,Semi-Urban,Medium,Yes,no
ST6561,71.7,61.15,70.05,CBSE,70.14,1,FIITJEE,7.3,Low,12th,Urban,Medium,No,yes
ST6562,61.54,87.54,54.28,State,79.28,2,No Coaching,2.6,Mid,12th,Rural,Medium,No,no
ST6563,38.06,62.91,53.78,State,76.12,2,Local,6.2,Low,PG,Semi-Urban,Low,No,no
ST6564,84.38,89.55,87.26,ICSE,98.92,1,Local,4.5,Low,PG,Urban,High,Yes,yes
ST6565,82.32,65.65,80.83,State,85.87,2,FIITJEE,5,Low,12th,Rural,High,No,no
ST6566,68.06,77.32,67.95,State,65.69,2,Local,3.3,High,Graduate,Rural,Low,No,no
ST6567,72.94,89.6,70.22,State,63.03,1,No Coaching,5.2,Mid,PG,Urban,Low,No,no
ST6568,79.22,62.91,65.03,CBSE,100,1,FIITJEE,4.8,High,12th,Rural,High,Yes,no
ST6569,50.12,69.49,74.84,CBSE,85.63,1,Local,1.6,High,Upto 10th,Urban,High,No,yes
ST6570,64.59,86.62,59.89,State,80.89,2,FIITJEE,2.6,High,PG,Urban,Low,Yes,no
ST6571,83.12,63.87,79.92,State,75.75,2,FIITJEE,3.4,High,Upto 10th,Urban,High,No,no
ST6572,54.44,44.87,64.96,State,77.74,1,No Coaching,3,Low,12th,Urban,High,Yes,yes
ST6573,76.11,100,62.96,State,60.18,1,No Coaching,7,Low,12th,Rural,Low,Yes,yes
ST6574,53.01,58.48,68.26,CBSE,76.57,2,Allen,4.5,Mid,12th,Urban,Low,No,no
ST6575,78.53,68.54,60.91,ICSE,75.71,1,FIITJEE,2.9,Mid,Upto 10th,Urban,Medium,Yes,no
ST6576,71.5,84.5,71.94,State,65.96,1,No Coaching,3.5,Low,PG,Urban,Medium,No,no
ST6577,49.39,56.26,61.55,CBSE,69.61,2,Local,3.5,Mid,12th,Rural,High,No,no
ST6578,88.31,49.87,73.62,State,90.15,1,Allen,3.9,Mid,Graduate,Semi-Urban,Low,No,no
ST6579,61.72,70.06,82.59,ICSE,73.75,2,Allen,2.3,High,12th,Urban,High,No,no
ST6580,60.66,37.31,59.37,CBSE,95.71,1,Local,2.9,High,PG,Semi-Urban,Low,No,no
ST6581,74.81,61.39,66.43,CBSE,57.59,2,No Coaching,6,High,PG,Semi-Urban,High,No,no
ST6582,88.08,69.92,73.54,ICSE,69.78,2,FIITJEE,4.9,High,Graduate,Urban,High,No,no
ST6583,57.78,61.68,62.77,ICSE,59.53,1,Allen,4.2,High,12th,Semi-Urban,Low,Yes,no
ST6584,72.86,41.3,73.57,CBSE,62.91,1,Local,4.5,Low,PG,Semi-Urban,Medium,No,yes
ST6585,78,91.51,74.66,ICSE,66.72,1,Local,4.4,High,PG,Urban,Medium,No,no
ST6586,81.7,67.66,81,State,78.15,2,Local,4.1,High,PG,Rural,Low,Yes,no
ST6587,74.47,88.9,60.73,ICSE,77.67,1,Local,5.5,Low,Upto 10th,Semi-Urban,High,Yes,yes
ST6588,66.86,61.84,56.69,ICSE,68.21,2,Allen,5.4,High,PG,Urban,High,Yes,no
ST6589,60.41,51.92,64.31,CBSE,52.72,1,FIITJEE,1.4,Mid,PG,Urban,High,Yes,yes
ST6590,73.21,70.31,56.39,ICSE,89.78,2,No Coaching,4.2,Low,Upto 10th,Semi-Urban,Low,Yes,yes
ST6591,56.99,62.55,74.77,CBSE,72.14,1,Local,1.5,Mid,12th,Semi-Urban,Medium,No,no
ST6592,31.1,47.16,54.06,State,63.84,2,Local,5.8,Mid,Graduate,Semi-Urban,Low,No,no
ST6593,78.11,89.52,96,ICSE,77.75,2,FIITJEE,6,Low,Upto 10th,Urban,Medium,No,yes
ST6594,84.66,56.04,83.55,ICSE,77.04,2,FIITJEE,3.3,Low,Upto 10th,Urban,Medium,No,no
ST6595,38.92,36.56,68.15,CBSE,71.77,2,No Coaching,4.3,High,Upto 10th,Rural,Low,Yes,yes
ST6596,57.86,87.25,78.41,CBSE,76.49,2,Allen,0.3,Low,PG,Rural,Medium,Yes,no
ST6597,80.67,57.93,48.36,ICSE,63.45,2,FIITJEE,6.4,Low,12th,Urban,Medium,No,yes
ST6598,100,56.27,98.28,CBSE,82.6,1,Allen,5.9,High,12th,Rural,Medium,No,no
ST6599,72.29,37.75,60.92,ICSE,65.03,2,Allen,6.8,High,12th,Semi-Urban,High,No,no
ST6600,61.81,93.86,66.55,State,68.94,1,Local,7.5,Low,Graduate,Rural,Low,No,yes
ST6601,69.44,45.37,45.73,ICSE,81.49,1,Allen,2.1,High,12th,Rural,High,Yes,no
ST6602,91.25,66.94,73.84,State,87.04,1,Local,6.3,High,Graduate,Urban,Low,Yes,no
ST6603,62.96,80.6,54.72,State,90.86,1,Local,7.5,High,PG,Urban,High,No,no
ST6604,60.81,72.75,69.22,CBSE,85.56,1,No Coaching,1.5,Mid,12th,Semi-Urban,Medium,Yes,no
ST6605,65.24,65.05,61.47,CBSE,71.76,1,Allen,4.2,High,Graduate,Rural,High,No,no
ST6606,58.65,38.77,55.07,CBSE,59.59,1,FIITJEE,3.8,Mid,PG,Urban,High,Yes,no
ST6607,73.72,53.04,58.35,CBSE,89.05,2,FIITJEE,6.2,Low,PG,Urban,Low,Yes,yes
ST6608,94.75,69,70.71,ICSE,88.71,1,FIITJEE,0,Mid,Graduate,Urban,Low,Yes,no
ST6609,76.52,53.41,52.62,State,68.28,1,No Coaching,8.1,Mid,PG,Semi-Urban,High,Yes,no
ST6610,68.47,69.25,59.01,ICSE,84.21,2,Local,4.3,Mid,PG,Semi-Urban,Low,No,no
ST6611,67.91,76.91,75.96,State,71.68,2,Local,6.3,Mid,12th,Rural,Medium,No,no
ST6612,50.12,81.4,99.23,State,90.01,1,FIITJEE,4.4,Mid,Graduate,Semi-Urban,Medium,No,no
ST6613,84.36,46.38,73.73,State,69.85,2,Local,5.5,Mid,PG,Rural,Medium,No,no
ST6614,70.91,100,56.99,ICSE,94.79,1,Local,0,Low,Upto 10th,Rural,Low,Yes,yes
ST6615,69.47,78.28,63.59,CBSE,82.86,2,No Coaching,3.7,Low,Upto 10th,Rural,Low,No,no
ST6616,100,65.97,68.38,ICSE,92.98,1,Allen,6.2,Low,PG,Urban,High,No,no
ST6617,76.18,83.43,63.81,State,70.36,2,Allen,5.1,Mid,12th,Urban,Low,No,no
ST6618,61.47,100,78.84,ICSE,79.05,1,No Coaching,1.2,High,Upto 10th,Urban,High,No,yes
ST6619,66.03,42.98,70.61,State,65.31,2,No Coaching,4.6,Mid,12th,Semi-Urban,Low,Yes,no
ST6620,88.08,62.4,78.89,CBSE,83.44,1,Local,2.9,Low,PG,Urban,Low,No,yes
ST6621,73.59,27.95,64.23,CBSE,83.99,2,No Coaching,2.7,Mid,Graduate,Rural,High,Yes,no
ST6622,51.86,69.08,83.91,ICSE,98.97,2,Local,1.5,Low,PG,Semi-Urban,Medium,Yes,yes
ST6623,84.87,71.85,66,CBSE,79.82,2,Allen,5.7,High,PG,Semi-Urban,Low,Yes,no
ST6624,62.65,65.37,56.35,State,82.24,2,No Coaching,6.7,High,Upto 10th,Urban,High,Yes,no
ST6625,98.23,55.53,94.13,State,70.29,2,Local,8.7,Low,Graduate,Urban,Low,Yes,yes
ST6626,87.12,33.21,46.1,CBSE,80.41,1,Allen,1.6,Low,12th,Urban,Low,No,yes
ST6627,65.74,71.98,59.14,CBSE,71.2,1,Allen,6,Mid,12th,Urban,Low,Yes,no
ST6628,89.93,89.29,60.48,CBSE,76.16,1,FIITJEE,6.2,Mid,Graduate,Semi-Urban,Low,Yes,no
ST6629,72.95,56.54,98.1,ICSE,76.75,2,Allen,3.3,Mid,12th,Semi-Urban,Low,Yes,no
ST6630,83.94,73.04,89.68,ICSE,71.48,2,No Coaching,2.7,High,Upto 10th,Rural,High,No,no
ST6631,78.79,40.91,85.93,State,75.63,2,No Coaching,2.3,High,PG,Semi-Urban,Low,Yes,no
ST6632,60.15,73.32,64.03,ICSE,71.25,1,Local,3.4,High,12th,Semi-Urban,High,No,no
ST6633,62.99,59.71,97.11,ICSE,71.2,1,No Coaching,4.9,Mid,Upto 10th,Urban,High,Yes,no
ST6634,86.42,53.8,72.42,State,85.77,1,Allen,7.2,Low,12th,Rural,Medium,No,yes
ST6635,67.31,53.83,79.73,State,76.75,2,Local,6.7,Low,Upto 10th,Semi-Urban,High,Yes,yes
ST6636,66.35,59.7,70.16,CBSE,78.47,2,Allen,1.3,Mid,12th,Urban,High,No,yes
ST6637,58.63,72.12,67.41,CBSE,60.43,2,FIITJEE,2.9,Mid,12th,Urban,Medium,No,no
ST6638,77.93,45.01,64.98,ICSE,79.23,1,Local,7.1,Low,Graduate,Rural,Low,No,no
ST6639,100,59.65,65.48,State,80.3,2,FIITJEE,3,Low,Graduate,Semi-Urban,Medium,No,no
ST6640,57.05,65.34,75.3,ICSE,71.02,2,Local,4.4,High,Upto 10th,Semi-Urban,Low,Yes,no
ST6641,72.34,48.42,72.41,ICSE,95.85,2,No Coaching,1.1,Mid,Graduate,Semi-Urban,Low,No,no
ST6642,91.77,94.75,67.62,State,52.11,1,Allen,6.8,High,PG,Semi-Urban,High,No,no
ST6643,70.89,52.34,86.11,State,82.84,1,Local,0.7,High,Graduate,Rural,Low,Yes,no
ST6644,78.33,55.29,32.4,State,82.13,1,No Coaching,1.2,Low,Upto 10th,Urban,Medium,Yes,no
ST6645,57.13,50.35,74.12,State,80.42,2,No Coaching,6.6,Mid,Graduate,Urban,Medium,No,no
ST6646,78,94.78,76.61,ICSE,76.76,2,No Coaching,8.3,Low,Upto 10th,Rural,Low,Yes,no
ST6647,69.38,74.85,81.76,ICSE,80.51,1,FIITJEE,3.9,High,PG,Semi-Urban,Medium,No,no
ST6648,85.8,51.01,67.22,ICSE,83.68,2,No Coaching,4.4,Mid,Upto 10th,Urban,Medium,No,no
ST6649,88.62,83.7,70.5,State,67.74,2,Local,6.3,High,Upto 10th,Semi-Urban,High,No,no
ST6650,100,69.21,79.83,CBSE,77.99,2,FIITJEE,5.1,High,PG,Urban,High,Yes,no
ST6651,80.11,70.12,85.89,ICSE,73.17,1,Allen,3.8,Low,PG,Semi-Urban,High,Yes,no
ST6652,76.56,60.49,64.39,CBSE,64.06,1,No Coaching,3.5,Mid,Upto 10th,Rural,Low,No,no
ST6653,74.72,54.01,71.2,CBSE,82.17,1,Local,1.4,Mid,12th,Semi-Urban,High,No,yes
ST6654,67.06,71.4,88.14,CBSE,69.36,2,Local,5,Mid,12th,Semi-Urban,Medium,No,no
ST6655,76.74,57.28,42.51,State,60.02,1,FIITJEE,4.3,Mid,Upto 10th,Rural,High,Yes,no
ST6656,67.86,95.07,59.72,State,69.61,1,Allen,3.6,High,Graduate,Rural,Medium,Yes,no
ST6657,74.36,45.69,85.59,ICSE,67.01,1,FIITJEE,2.5,Low,Upto 10th,Semi-Urban,High,Yes,yes
ST6658,90.45,90.58,81.11,ICSE,85.28,1,No Coaching,2.7,Mid,Upto 10th,Semi-Urban,Medium,Yes,no
ST6659,57.91,64.22,74.27,State,76.53,1,Allen,5.7,High,Graduate,Semi-Urban,High,No,no
ST6660,87.96,70.79,62.62,State,88.82,2,Allen,6.3,Low,PG,Urban,High,No,yes
ST6661,90.44,79.33,57.42,CBSE,68.33,2,Allen,3.8,Low,Upto 10th,Semi-Urban,High,No,no
ST6662,70.35,55.92,60.91,State,83.74,2,FIITJEE,3.6,Low,12th,Urban,High,No,no
ST6663,42.29,79.83,86.58,State,100,2,Local,2.8,Mid,PG,Urban,Medium,Yes,no
ST6664,63.49,22.68,60.46,State,78.56,2,FIITJEE,6.4,High,PG,Urban,High,No,no
ST6665,90.16,54.48,69.22,State,83.62,2,Local,4.6,Low,Upto 10th,Rural,Low,Yes,yes
ST6666,71.68,51.21,58.96,CBSE,81.94,1,FIITJEE,5.2,Low,12th,Rural,High,Yes,yes
ST6667,58.01,45.94,78.11,ICSE,60.78,2,Local,5.2,Low,Graduate,Urban,High,Yes,no
ST6668,64.93,62.56,61.54,CBSE,80.86,2,Local,3.9,High,Graduate,Urban,Low,No,no
ST6669,83.77,72.17,66.83,State,78.06,2,Allen,2.2,High,Graduate,Urban,Medium,No,no
ST6670,79.65,77.24,47.8,State,72.4,2,Local,2.5,Mid,12th,Rural,Low,No,no
ST6671,68.65,69.85,48.64,ICSE,66.16,2,No Coaching,6.8,Mid,PG,Rural,Medium,No,no
ST6672,66.86,55.35,68.09,ICSE,81.94,2,No Coaching,3,High,PG,Rural,Low,No,no
ST6673,66.52,71.9,52.1,ICSE,65.28,2,Local,3.7,Mid,Upto 10th,Urban,Low,Yes,no
ST6674,59.09,67.99,93.26,CBSE,96.34,2,Local,2.2,High,PG,Urban,Low,No,no
ST6675,94.62,80.98,43.26,ICSE,76.14,1,Local,2.1,Mid,PG,Semi-Urban,Medium,No,no
ST6676,67.49,78.43,58.4,State,62.77,2,Local,3,Mid,Graduate,Semi-Urban,High,No,no
ST6677,89.04,66.49,68.2,State,69.86,2,Allen,7.9,High,Graduate,Rural,High,No,no
ST6678,93.3,51.64,63.62,State,72.22,2,No Coaching,5.8,Low,Graduate,Rural,Low,Yes,yes
ST6679,85.98,55.55,54.75,CBSE,99.12,2,Allen,3.4,Low,PG,Semi-Urban,Medium,Yes,no
ST6680,65.96,57.2,56.5,ICSE,66.15,2,No Coaching,6.7,Mid,Upto 10th,Rural,Medium,Yes,no
ST6681,77.65,60.96,56.11,ICSE,73.84,1,Local,4.2,Low,PG,Urban,High,No,yes
ST6682,71.66,70.29,64.56,ICSE,69.62,1,No Coaching,7.2,Low,Upto 10th,Semi-Urban,Medium,Yes,no
ST6683,59.35,77.44,91.42,ICSE,79.99,1,No Coaching,8.9,Mid,PG,Urban,Medium,No,no
ST6684,76.54,65.18,68.94,State,69.78,1,FIITJEE,6.6,Low,12th,Semi-Urban,Low,Yes,yes
ST6685,55.49,66.26,82.19,CBSE,63.61,1,FIITJEE,4.7,High,PG,Semi-Urban,Medium,No,no
ST6686,88.63,68.29,74.08,ICSE,73.05,2,Local,5.9,High,12th,Rural,Medium,No,no
ST6687,65.5,57.75,81.37,State,72.01,1,Allen,4.5,Low,Upto 10th,Urban,Low,Yes,no
ST6688,74.82,51.19,34.4,State,69.08,1,FIITJEE,0.8,High,PG,Urban,High,Yes,yes
ST6689,75.97,37.91,64.35,CBSE,69.61,1,Local,3.2,High,PG,Urban,High,Yes,no
ST6690,68.38,54.88,83.69,ICSE,86.85,1,Allen,2.6,Low,Upto 10th,Urban,Medium,No,yes
ST6691,80.21,73.57,61.14,CBSE,71.8,2,FIITJEE,3.1,High,Graduate,Rural,Low,No,no
ST6692,65.35,54.75,89.15,ICSE,63.66,2,No Coaching,8.1,Mid,Graduate,Urban,High,No,no
ST6693,84.2,62.2,85.81,CBSE,70.38,1,FIITJEE,6.7,Mid,12th,Rural,Medium,No,no
ST6694,53.16,73.46,62.37,ICSE,75.54,2,Local,5.4,Mid,PG,Semi-Urban,High,No,no
ST6695,73.77,74.33,61.96,ICSE,61.64,2,FIITJEE,6.1,Low,Graduate,Urban,Medium,Yes,yes
ST6696,99.15,48.73,55.84,CBSE,91.26,2,FIITJEE,0.7,High,Upto 10th,Rural,High,No,yes
ST6697,58,81.95,60.44,ICSE,83.68,2,Allen,6,Low,Upto 10th,Semi-Urban,Low,No,yes
ST6698,62.51,84.04,53.21,CBSE,89.3,1,Allen,6.4,Low,PG,Urban,Low,Yes,no
ST6699,79.19,47.92,73.15,CBSE,78.92,2,No Coaching,0,High,12th,Urban,High,Yes,yes
ST6700,74.51,52.82,50.53,ICSE,54.06,2,Local,6,High,Upto 10th,Rural,Low,No,no
ST6701,76.91,85.06,75.24,ICSE,90.35,1,No Coaching,1.7,High,PG,Semi-Urban,High,No,yes
ST6702,78.85,63.65,75.54,CBSE,66.36,1,No Coaching,0.6,Low,12th,Semi-Urban,High,No,yes
ST6703,80.89,30.48,48.07,State,67.18,2,FIITJEE,7.2,Low,Graduate,Semi-Urban,Low,No,yes
ST6704,87.54,43.61,86.6,CBSE,76.56,1,No Coaching,2.5,Mid,PG,Semi-Urban,Medium,No,no
ST6705,77.74,62.01,74.16,State,88.78,1,Allen,3.1,Low,12th,Urban,Low,Yes,yes
ST6706,68.62,47.39,77,State,85.53,1,No Coaching,6.5,High,Upto 10th,Semi-Urban,Medium,No,no
ST6707,81.42,59.39,58.9,CBSE,84.06,1,Local,3.9,Low,Graduate,Rural,Medium,Yes,yes
ST6708,98.6,66.52,75.47,CBSE,71.88,2,No Coaching,4.1,Mid,Upto 10th,Rural,Medium,Yes,no
ST6709,70.14,89.4,81.52,CBSE,71.72,1,Local,4.1,High,Upto 10th,Urban,High,No,no
ST6710,58.36,61.35,66.82,State,78.46,2,Local,5.2,Mid,Graduate,Rural,Medium,Yes,no
ST6711,87.5,83.16,92.02,CBSE,73.7,1,No Coaching,4,Low,PG,Urban,Medium,No,yes
ST6712,70.31,88.86,68.53,CBSE,83.89,2,No Coaching,4.7,Low,PG,Semi-Urban,Low,No,yes
ST6713,41.58,88.95,81.69,ICSE,83.3,1,No Coaching,3.5,Mid,PG,Urban,High,Yes,no
ST6714,83.86,70.56,71.52,ICSE,80.91,1,Local,5.2,Mid,Upto 10th,Semi-Urban,High,Yes,no
ST6715,64.51,34.59,75.03,ICSE,50,1,Allen,5.1,High,Upto 10th,Rural,Medium,Yes,no
ST6716,70.73,73.37,47.94,CBSE,76.28,2,FIITJEE,8.3,High,PG,Urban,Low,No,no
ST6717,76.65,82.77,72.45,CBSE,73.91,2,No Coaching,3.7,Mid,PG,Semi-Urban,Medium,Yes,no
ST6718,74.67,64.7,59.18,CBSE,76.68,1,FIITJEE,4.1,High,Graduate,Urban,High,Yes,no
ST6719,81.93,93.91,57.84,State,67.46,1,No Coaching,5,Mid,Upto 10th,Semi-Urban,Low,Yes,no
ST6720,65.9,79.76,88.93,State,61.75,1,Local,6.4,Mid,12th,Urban,High,Yes,no
ST6721,79.18,75.09,65.43,ICSE,79.63,2,Local,2.3,Low,PG,Urban,High,Yes,no
ST6722,68.37,83.38,55.96,State,71.44,2,FIITJEE,4.7,Mid,PG,Urban,High,Yes,no
ST6723,82.34,71.33,63.69,State,80.75,2,Allen,0,High,Upto 10th,Urban,High,Yes,yes
ST6724,80.62,26.12,52.39,State,68.29,2,Local,4,Mid,PG,Semi-Urban,High,Yes,no
ST6725,58.9,58.01,85.21,ICSE,89.16,1,FIITJEE,6.6,Low,PG,Semi-Urban,Low,No,yes
ST6726,87.2,85.15,59.65,ICSE,85.01,2,Local,3,High,Upto 10th,Urban,Low,No,no
ST6727,64.5,53.08,74.35,State,77.97,2,No Coaching,4.9,Mid,PG,Urban,High,Yes,no
ST6728,83.31,62.42,84.27,CBSE,72.87,1,FIITJEE,3.4,Low,Graduate,Rural,Medium,No,no
ST6729,77.14,49.28,62,ICSE,83.52,1,FIITJEE,2.8,High,12th,Semi-Urban,Medium,No,no
ST6730,97.73,94.54,74.38,State,78.93,2,No Coaching,6.4,Low,Upto 10th,Semi-Urban,High,No,no
ST6731,68.87,92.9,55.64,CBSE,77.39,2,FIITJEE,2.4,Low,Graduate,Semi-Urban,Low,Yes,yes
ST6732,67.11,51.86,97.35,CBSE,85.43,1,No Coaching,5.1,High,Upto 10th,Semi-Urban,Medium,No,no
ST6733,71.73,68.36,79.24,ICSE,89.27,2,Allen,5.1,Low,Upto 10th,Rural,Low,No,yes
ST6734,67.76,55.11,65.69,CBSE,62.48,1,No Coaching,2.8,Low,Upto 10th,Urban,Low,Yes,yes
ST6735,83.2,75.84,58.73,ICSE,64.5,2,Allen,4.8,Low,12th,Urban,Medium,Yes,yes
ST6736,49.37,74.15,66.63,State,67.2,2,FIITJEE,2.6,High,Graduate,Urban,Medium,No,no
ST6737,57.25,78.99,63.92,ICSE,59.98,2,No Coaching,5.5,Low,12th,Rural,Low,No,yes
ST6738,57.05,71.31,91.44,CBSE,74.37,1,FIITJEE,1.9,Mid,Upto 10th,Rural,Medium,No,no
ST6739,85.3,100,53.29,ICSE,81,2,Allen,3.8,Low,PG,Urban,High,Yes,no
ST6740,95.95,49.55,69.62,ICSE,74.79,1,Local,4,Mid,12th,Rural,Medium,Yes,no
ST6741,70.54,38.63,67.78,State,69.66,1,Local,6.7,Low,PG,Rural,Low,No,yes
ST6742,69.64,59.71,66.59,CBSE,86.26,2,Local,4.8,Mid,Upto 10th,Rural,Low,No,no
ST6743,72.98,40.91,66.7,ICSE,76.41,2,Local,6.4,High,PG,Rural,Low,Yes,no
ST6744,88.27,42.12,66.61,State,78.43,2,Local,5.6,Low,12th,Urban,Low,Yes,no
ST6745,59.02,49.98,78.48,State,86.54,1,Allen,5.6,Mid,Graduate,Rural,Low,Yes,no
ST6746,75.34,51.24,75.31,State,73.77,2,Local,3.8,High,PG,Urban,Low,No,no
ST6747,85.65,50.73,73.03,State,95.6,1,Local,6.5,Low,12th,Semi-Urban,High,No,yes
ST6748,79.02,74.29,31.59,State,70.52,1,FIITJEE,3.8,Low,Graduate,Rural,Low,Yes,yes
ST6749,74.65,57.9,71.6,ICSE,94.98,2,No Coaching,1,Low,Upto 10th,Semi-Urban,Low,Yes,yes
ST6750,86.01,63.13,48.13,ICSE,65.25,2,No Coaching,4.1,High,Graduate,Semi-Urban,High,No,no
ST6751,34.15,80.31,75.76,CBSE,80.17,2,No Coaching,5.4,High,Upto 10th,Rural,Low,No,no
ST6752,81.49,53.74,85.69,ICSE,68.57,2,No Coaching,1.3,Mid,12th,Urban,Low,No,no
ST6753,62.84,61.77,56.89,CBSE,86.2,1,Allen,2.7,Low,12th,Urban,High,No,yes
ST6754,46.37,71.85,64.86,CBSE,70.22,2,No Coaching,2,Mid,Graduate,Urban,Medium,No,no
ST6755,79.16,34.93,60.81,CBSE,77.91,1,FIITJEE,6.1,Mid,12th,Rural,Medium,No,no
ST6756,91.23,27.84,82.83,ICSE,68.49,2,Allen,7.8,Mid,12th,Rural,Low,Yes,no
ST6757,70.08,71.54,69.14,State,84.37,1,Local,4.1,Mid,Upto 10th,Urban,Medium,Yes,no
ST6758,85.34,73.87,88.74,CBSE,68.44,1,FIITJEE,5.6,Mid,12th,Urban,Medium,Yes,no
ST6759,94.57,99.03,72.97,State,91.83,1,FIITJEE,5.5,Low,PG,Semi-Urban,High,No,no
ST6760,90.41,68.53,70.91,CBSE,65.04,1,Local,7.6,High,Upto 10th,Semi-Urban,Medium,No,no
ST6761,94.96,79.12,68.82,ICSE,61.54,2,Local,3.2,Mid,PG,Rural,Low,Yes,no
ST6762,82.39,62.87,77.82,CBSE,84.52,2,FIITJEE,4.1,High,Graduate,Urban,High,No,no
ST6763,73.06,70.76,47.15,ICSE,69.08,2,Allen,3.8,Mid,PG,Urban,Medium,Yes,no
ST6764,49.57,92.68,69.02,State,74.93,2,Local,4.7,Low,12th,Rural,Low,Yes,yes
ST6765,68.56,32.02,67.16,ICSE,71.78,1,No Coaching,9.5,Mid,Graduate,Urban,High,Yes,no
ST6766,60.19,72.62,76.71,State,61.87,2,FIITJEE,4.6,Mid,12th,Rural,Low,Yes,no
ST6767,100,100,65.75,ICSE,74.23,1,FIITJEE,2.8,Mid,Graduate,Semi-Urban,Medium,Yes,no
ST6768,69.54,70.51,55.54,CBSE,87.65,1,Local,2.2,Low,Graduate,Urban,Low,No,no
ST6769,73.72,92.41,68.09,CBSE,85.03,1,Local,7,Mid,Upto 10th,Urban,Medium,Yes,no
ST6770,79.72,55.93,55.01,ICSE,77.32,1,No Coaching,2.8,Low,PG,Rural,Medium,No,yes
ST6771,72.61,65.49,44.9,State,86.12,1,No Coaching,5.8,High,12th,Rural,Medium,No,no
ST6772,95.73,66.54,76.73,State,64.4,1,No Coaching,3.1,High,Graduate,Rural,Medium,Yes,no
ST6773,63.28,30.52,74.95,State,71.75,1,No Coaching,2,High,Upto 10th,Rural,Medium,No,no
ST6774,74.72,47.31,73.61,ICSE,78.96,1,FIITJEE,5.7,Low,Graduate,Semi-Urban,High,Yes,yes
ST6775,61.61,48.45,83.64,ICSE,73.7,1,Local,3.2,Mid,PG,Rural,Medium,No,no
ST6776,53.52,79.15,60.02,ICSE,72.53,1,Allen,5.4,High,Graduate,Urban,High,No,no
ST6777,63.44,79.95,50.83,ICSE,62.99,1,Local,5.5,High,PG,Urban,Low,No,no
ST6778,71.48,71.18,67.16,State,54.19,2,Local,5.6,Mid,Graduate,Urban,Low,Yes,no
ST6779,65.99,79.19,63.83,State,83.18,1,No Coaching,4,High,PG,Urban,High,No,no
ST6780,62.31,63.37,57.89,ICSE,77.43,2,No Coaching,5.9,High,12th,Semi-Urban,High,Yes,no
ST6781,52.31,85.23,67.04,ICSE,84.02,1,FIITJEE,2.7,Mid,PG,Semi-Urban,Low,No,no
ST6782,70.84,66.14,60.66,State,70.63,1,No Coaching,0,Low,PG,Semi-Urban,High,No,yes
ST6783,50.93,66.93,45.97,State,67.87,1,FIITJEE,5.9,Low,12th,Rural,High,No,no
ST6784,82.64,61.75,62.71,CBSE,75.07,1,Local,4.8,High,PG,Urban,Medium,Yes,no
ST6785,73.15,76.95,54.36,ICSE,83.54,1,Local,3.3,High,Graduate,Urban,Low,No,no
ST6786,51.59,59.26,70.78,CBSE,72.69,2,Local,1.6,Low,Graduate,Semi-Urban,High,No,yes
ST6787,67.67,81.62,60.13,State,83.02,2,FIITJEE,0.4,High,Graduate,Rural,High,Yes,yes
ST6788,61.47,47.89,81.34,State,64.94,1,FIITJEE,4.6,Low,12th,Semi-Urban,High,No,yes
ST6789,76.47,48.42,87.25,ICSE,73.39,1,FIITJEE,7.8,High,PG,Urban,Medium,Yes,no
ST6790,90.77,77,76.15,CBSE,74.3,1,No Coaching,4.2,High,PG,Urban,Low,No,no
ST6791,45.75,64.58,49.39,State,87.26,2,Allen,3.8,Low,Graduate,Semi-Urban,Low,No,yes
ST6792,73.61,58.74,86.06,CBSE,77.08,2,No Coaching,4.5,Mid,PG,Urban,High,Yes,no
ST6793,69.76,80.24,86.91,CBSE,92.46,1,Allen,8.9,High,Graduate,Semi-Urban,High,No,no
ST6794,81.4,56.28,68.23,CBSE,61.52,1,No Coaching,6,High,Graduate,Semi-Urban,Medium,Yes,no
ST6795,74.98,62.8,83.88,CBSE,76.3,1,Local,2.6,Mid,Graduate,Semi-Urban,High,No,no
ST6796,61.47,88.39,61.38,CBSE,76.79,2,FIITJEE,4.6,High,12th,Semi-Urban,High,Yes,no
ST6797,67.53,90.63,45.61,ICSE,81.2,1,No Coaching,5.2,Mid,Upto 10th,Urban,Medium,Yes,no
ST6798,60.86,91.16,58.88,ICSE,66.87,1,FIITJEE,2.4,Mid,Upto 10th,Rural,High,Yes,no
ST6799,87.06,61.49,88.75,CBSE,91.84,1,No Coaching,6,Low,PG,Urban,Low,No,yes
ST6800,72.3,85.69,50.11,ICSE,75.13,2,Local,2.9,Mid,Graduate,Semi-Urban,Low,No,no
ST6801,98.62,50.82,67.99,State,64.13,1,FIITJEE,1.5,Low,Upto 10th,Urban,Low,Yes,yes
ST6802,71.15,51.49,68.41,CBSE,74.84,1,Local,4.7,Low,Upto 10th,Rural,Medium,Yes,yes
ST6803,62.08,28.39,61.84,ICSE,71.87,1,Allen,4.3,Low,PG,Urban,Medium,No,no
ST6804,50.81,92.77,62.68,ICSE,100,2,FIITJEE,4.5,High,12th,Semi-Urban,Low,No,no
ST6805,46.76,52.18,68.87,State,85.5,2,No Coaching,3,High,PG,Rural,Low,No,no
ST6806,49.82,63.98,61.25,State,75.5,1,FIITJEE,3.2,Mid,PG,Urban,Medium,No,no
ST6807,75.74,51.43,50.94,State,73.88,2,Allen,6.8,Low,Graduate,Rural,High,Yes,no
ST6808,79.12,77.12,70.58,State,84.51,1,Allen,5.4,High,12th,Urban,High,Yes,no
ST6809,49.86,59.99,80.88,CBSE,84.99,2,No Coaching,2.6,High,PG,Rural,Medium,No,no
ST6810,84.53,45.12,78.43,ICSE,50,1,Local,0.6,Mid,Upto 10th,Semi-Urban,Low,Yes,no
ST6811,65.24,73.07,58.28,ICSE,81.43,1,FIITJEE,2.7,High,Upto 10th,Semi-Urban,Medium,Yes,no
ST6812,74.06,43.06,52.99,State,75.28,1,Local,4.8,High,PG,Rural,Low,Yes,no
ST6813,94.57,52.6,64.59,ICSE,61.89,2,Local,3.2,High,Graduate,Urban,Medium,No,no
ST6814,84.56,32.29,86.81,ICSE,83.8,2,No Coaching,3.1,High,Graduate,Semi-Urban,Medium,No,no
ST6815,68.24,43.22,75.75,ICSE,97.46,2,FIITJEE,3.3,High,PG,Urban,Medium,No,no
ST6816,59.52,68.86,76.45,State,80.57,1,Allen,4.4,High,12th,Rural,Medium,Yes,no
ST6817,41.87,34.57,78.68,ICSE,86,2,No Coaching,6.1,Mid,Graduate,Urban,Medium,No,no
ST6818,61.93,42.3,73.05,ICSE,93.04,1,Local,4.5,Low,Upto 10th,Rural,Medium,No,yes
ST6819,69.04,65.96,69.45,ICSE,66.7,2,Allen,4.6,High,12th,Urban,Low,Yes,no
ST6820,58.18,57.3,75.95,CBSE,56.42,1,Local,4.1,Low,PG,Rural,Low,No,no
ST6821,70.16,97.87,61.45,CBSE,81.57,1,FIITJEE,3.5,Mid,12th,Rural,High,Yes,no
ST6822,73.08,95.34,51.03,ICSE,72.52,1,Local,6.3,Mid,Graduate,Rural,Medium,Yes,no
ST6823,68.85,52.11,76.68,ICSE,61.26,1,Allen,6,Low,Graduate,Rural,High,No,no
ST6824,62.9,74.91,82.85,ICSE,74.22,2,FIITJEE,8.6,Low,Upto 10th,Urban,High,No,yes
ST6825,74.36,77.99,54.58,ICSE,82.28,1,No Coaching,5.7,Mid,PG,Semi-Urban,Medium,No,no
ST6826,78.19,56.44,77.86,ICSE,73.51,2,Local,3.5,High,12th,Rural,Medium,Yes,no
ST6827,56.73,42.07,88.17,ICSE,67.13,1,FIITJEE,2.7,Low,12th,Rural,High,Yes,yes
ST6828,91.75,65.8,67.97,CBSE,72.76,1,FIITJEE,6.4,Low,12th,Semi-Urban,High,No,yes
ST6829,70.62,63.23,58.18,State,74.81,1,No Coaching,2.9,High,12th,Semi-Urban,Medium,No,no
ST6830,72.26,59.03,69.48,ICSE,55.71,2,No Coaching,6.1,Low,Upto 10th,Rural,Medium,No,yes
ST6831,81.92,73.08,61.39,ICSE,73.57,1,Allen,3,High,Upto 10th,Rural,Medium,Yes,no
ST6832,75.27,53.99,60.6,ICSE,61.56,1,FIITJEE,5.2,Mid,Upto 10th,Urban,Low,Yes,no
ST6833,85.34,47.57,73.2,State,81.59,1,FIITJEE,2.4,Low,Graduate,Semi-Urban,High,Yes,no
ST6834,76.02,67.75,48.76,ICSE,59.39,1,Allen,6.1,High,Upto 10th,Urban,High,Yes,no
ST6835,63.43,72.18,50.67,ICSE,85.13,2,Local,2,High,Upto 10th,Rural,High,Yes,no
ST6836,77.06,47.17,68.23,State,70.91,1,FIITJEE,5,Mid,PG,Rural,Low,Yes,no
ST6837,55.99,80.85,67.73,ICSE,69.57,1,FIITJEE,4.1,Low,PG,Rural,High,No,yes
ST6838,73.52,37.67,72.12,State,77.94,1,Local,4.7,High,PG,Rural,Medium,No,no
ST6839,71.53,56.75,90.5,State,66.34,2,No Coaching,3.7,Low,PG,Semi-Urban,Low,No,no
ST6840,69.09,61.87,69.25,ICSE,77.79,2,No Coaching,3.7,High,Upto 10th,Urban,High,Yes,no
ST6841,70.2,55.82,75.18,CBSE,67.68,1,No Coaching,4.8,Low,Upto 10th,Semi-Urban,Low,Yes,yes
ST6842,45.65,56.96,56.29,CBSE,69.43,2,Allen,2.5,Low,Graduate,Rural,Low,No,yes
ST6843,64.32,95.94,77.22,ICSE,79.05,1,Local,2.5,High,12th,Urban,Medium,Yes,no
ST6844,73.3,52.39,61.68,State,63.61,2,No Coaching,3.8,High,12th,Rural,Low,Yes,no
ST6845,74.24,100,68.86,State,62.36,1,Allen,3.7,Low,PG,Semi-Urban,Medium,Yes,yes
ST6846,57.61,72.99,66.69,State,77.48,1,Local,2.5,Low,Graduate,Rural,Medium,No,yes
ST6847,89.72,67.47,80.4,ICSE,74.73,2,No Coaching,6.3,Mid,Upto 10th,Semi-Urban,High,No,no
ST6848,59.87,73.62,52.28,CBSE,76.69,1,FIITJEE,3.8,High,12th,Semi-Urban,Medium,No,no
ST6849,85.57,100,40.6,State,78.28,1,FIITJEE,4,Low,PG,Rural,High,Yes,no
ST6850,77.98,50.1,65.44,State,75.57,2,No Coaching,1.8,Low,PG,Rural,High,No,yes
ST6851,62.95,48.07,73.62,ICSE,81.08,1,No Coaching,8.6,High,12th,Semi-Urban,High,Yes,no
ST6852,96.85,53.92,69.83,CBSE,75.97,1,Allen,9.4,Low,12th,Urban,Medium,No,yes
ST6853,55.29,66.51,82.79,CBSE,54.93,1,FIITJEE,2.9,Low,12th,Semi-Urban,High,No,yes
ST6854,84.87,38.39,73.25,ICSE,57.52,2,Local,7,Mid,Upto 10th,Urban,Medium,No,no
ST6855,86.01,66.36,61.23,CBSE,94.28,2,No Coaching,4.3,Mid,12th,Semi-Urban,Medium,Yes,no
ST6856,62.61,93.1,40.09,ICSE,75,1,Local,7.7,High,Graduate,Rural,High,Yes,no
ST6857,91.49,68.42,65.15,State,84.5,2,No Coaching,5.2,High,Graduate,Semi-Urban,Medium,Yes,no
ST6858,68.5,61.32,80.34,ICSE,71.54,1,FIITJEE,4.7,High,12th,Urban,High,Yes,no
ST6859,76.04,56.11,63.3,State,74.42,2,No Coaching,0,Mid,Upto 10th,Urban,High,Yes,yes
ST6860,75.64,80.38,68.34,ICSE,70.47,2,Local,2.7,Mid,PG,Urban,High,Yes,no
ST6861,70.12,52.79,73.06,State,99.66,2,FIITJEE,4.5,Mid,12th,Urban,Low,No,no
ST6862,83.35,95.54,55.82,State,77.53,1,No Coaching,4.9,Low,12th,Urban,Medium,Yes,yes
ST6863,83.11,96.93,75.48,ICSE,69.65,2,FIITJEE,2.1,Mid,12th,Semi-Urban,Low,No,no
ST6864,47.52,70.11,87.65,State,58.48,1,Allen,3,Mid,Graduate,Rural,Low,No,no
ST6865,90.26,65.82,65.93,CBSE,94.74,1,Local,5.6,High,Graduate,Rural,Medium,No,no
ST6866,48.73,82.49,54.45,ICSE,73.37,2,No Coaching,1.7,Mid,PG,Semi-Urban,Medium,No,no
ST6867,86.46,83.52,67.2,CBSE,82.44,1,No Coaching,4.8,Mid,Upto 10th,Rural,High,No,no
ST6868,87.77,53.1,41.31,State,83.56,2,No Coaching,7,Low,12th,Semi-Urban,Low,Yes,no
ST6869,56.73,57.58,72.04,State,70.37,1,Local,5.3,Mid,12th,Urban,Medium,Yes,no
ST6870,66.25,44.84,73.43,State,81.72,1,Allen,5.2,High,12th,Semi-Urban,High,No,no
ST6871,56.52,72.55,88.11,ICSE,68.96,1,Local,0.5,Low,PG,Rural,Medium,Yes,yes
ST6872,68.99,76.67,65.67,State,65.1,2,No Coaching,2.9,Mid,12th,Rural,Medium,Yes,no
ST6873,67.69,44.4,72.9,CBSE,86.64,1,Local,8.6,Mid,Graduate,Rural,High,Yes,no
ST6874,82.92,58.72,57.66,CBSE,73.42,2,No Coaching,3.3,Mid,Upto 10th,Semi-Urban,Medium,No,no
ST6875,90.34,44.44,63.72,ICSE,80.19,1,Local,7,Low,Graduate,Semi-Urban,High,Yes,yes
ST6876,91.54,51.62,49.7,CBSE,79.11,1,FIITJEE,3.3,Low,12th,Semi-Urban,Low,No,yes
ST6877,64.13,74.82,65.66,ICSE,81.38,1,Local,3.9,Mid,PG,Rural,High,No,no
ST6878,69.07,54.26,64.34,ICSE,59.43,1,No Coaching,5.5,High,Graduate,Semi-Urban,Medium,No,no
ST6879,48.43,61.19,71.59,State,69.15,2,No Coaching,4.7,Mid,Upto 10th,Semi-Urban,Low,Yes,no
ST6880,60.72,39.96,60.52,CBSE,71.76,1,Local,5.3,Low,PG,Rural,Low,No,yes
ST6881,85.51,68.99,69,CBSE,66.69,1,Local,2.9,Low,12th,Urban,High,Yes,yes
ST6882,94.62,65.29,64,CBSE,79.29,1,FIITJEE,2.2,Low,12th,Urban,High,Yes,yes
ST6883,54.72,54.34,64.02,State,86.87,1,Allen,2.7,High,PG,Rural,High,No,no
ST6884,63.71,62.98,68.96,ICSE,88.45,2,Allen,3.4,Mid,Graduate,Rural,Low,No,no
ST6885,71.63,68.88,68.49,CBSE,71.61,1,FIITJEE,4,Mid,Graduate,Urban,High,No,no
ST6886,75.92,52.96,77.13,CBSE,77.92,2,Allen,6.6,Low,PG,Semi-Urban,Medium,No,yes
ST6887,60.67,42.38,66.55,CBSE,79.46,1,Allen,4.7,Mid,Graduate,Rural,Low,Yes,no
ST6888,77.94,94.89,63.8,CBSE,81.21,2,No Coaching,5.5,High,Upto 10th,Urban,High,No,no
ST6889,65.37,55.87,65.83,State,66.22,2,No Coaching,4.8,High,PG,Semi-Urban,Low,Yes,no
ST6890,71.8,64.45,59.42,ICSE,93.21,1,No Coaching,2.3,Mid,Upto 10th,Rural,Medium,No,no
ST6891,79.65,82.17,63.68,CBSE,84.27,2,Local,4.5,Mid,PG,Urban,Medium,No,no
ST6892,72.09,100,92.37,CBSE,84.53,1,Local,4.8,Mid,Upto 10th,Semi-Urban,Medium,Yes,no
ST6893,65.89,46.09,57.05,ICSE,87.03,1,Allen,6,Mid,12th,Semi-Urban,High,Yes,no
ST6894,70.47,73.2,64.66,State,80.34,2,Local,2.4,Mid,12th,Urban,High,Yes,no
ST6895,70.76,54.68,63.35,State,64.73,1,No Coaching,0.4,Mid,Graduate,Semi-Urban,Low,Yes,no
ST6896,66.82,57.38,65.03,State,73.61,1,Local,4.9,Low,PG,Urban,High,No,no
ST6897,68.38,54.48,64.03,State,58.49,2,Allen,5.2,Low,12th,Urban,Low,No,yes
ST6898,94.38,47.99,71.35,CBSE,79.15,1,No Coaching,4.1,Low,PG,Semi-Urban,High,No,yes
ST6899,79.85,65.34,47.48,ICSE,73.31,1,Allen,4.6,High,PG,Urban,Medium,Yes,no
ST6900,67.86,42.41,80.45,ICSE,74.59,2,Local,6.3,High,Upto 10th,Urban,High,No,no
ST6901,81.76,81.15,75.59,ICSE,87.04,2,FIITJEE,3.6,High,12th,Rural,High,Yes,no
ST6902,67.33,66.88,53.09,State,70.43,1,FIITJEE,3.9,High,Graduate,Urban,High,Yes,no
ST6903,88.42,72.76,40.77,State,72.48,1,No Coaching,4.7,Low,Graduate,Semi-Urban,Medium,No,yes
ST6904,77.17,58.54,56.28,ICSE,75.22,2,Allen,2.1,Mid,Graduate,Urban,Low,Yes,no
ST6905,70.5,60.12,65.09,CBSE,56.6,1,FIITJEE,4.2,Mid,PG,Semi-Urban,High,Yes,no
ST6906,78.27,70.6,98.96,State,72.34,2,FIITJEE,4.4,Mid,Graduate,Rural,Medium,Yes,no
ST6907,50.01,47.38,74.52,CBSE,50.14,1,No Coaching,7.8,High,PG,Semi-Urban,High,Yes,no
ST6908,56.23,60.27,46.31,ICSE,69.14,2,No Coaching,3.9,Low,12th,Urban,High,Yes,no
ST6909,55.29,52.25,59.72,State,83.55,1,Allen,4.9,Mid,PG,Semi-Urban,Medium,Yes,no
ST6910,74,51.75,67.36,CBSE,79.47,1,FIITJEE,6.3,High,Graduate,Rural,High,No,no
ST6911,96.26,32.24,71.04,State,69.05,2,Allen,2.8,High,12th,Rural,High,Yes,no
ST6912,100,87.43,52.22,ICSE,75.41,1,Allen,7.3,High,Graduate,Rural,High,No,no
ST6913,80.93,55.02,66.38,ICSE,64.25,2,No Coaching,8,Mid,PG,Semi-Urban,High,Yes,no
ST6914,79.01,84.61,59.39,ICSE,74.98,2,Allen,4.4,Low,PG,Semi-Urban,High,No,yes
ST6915,46.79,83.1,54.75,CBSE,100,2,Local,3.4,Mid,Graduate,Semi-Urban,Medium,No,no
ST6916,64.4,45.42,71.12,State,93.46,1,Allen,7.8,Low,12th,Rural,Medium,No,yes
ST6917,60.97,48.59,77.29,State,75.53,1,FIITJEE,6.1,Low,PG,Semi-Urban,High,Yes,yes
ST6918,63.31,100,78.09,State,76.6,2,Allen,4.7,Mid,Upto 10th,Rural,High,No,no
ST6919,69.65,94.01,74.89,ICSE,65.2,2,Local,7.4,Mid,Upto 10th,Rural,Low,No,no
ST6920,65.39,65.5,62.03,CBSE,66.98,2,Local,7.1,High,Upto 10th,Urban,Medium,No,no
ST6921,44.29,70.12,76.57,ICSE,78.62,1,FIITJEE,3.8,High,Upto 10th,Urban,High,No,no
ST6922,82.47,55.91,71.71,ICSE,69.75,2,FIITJEE,5,Mid,Graduate,Rural,Low,No,no
ST6923,56.98,72.92,69.61,CBSE,84.04,2,Allen,5.7,Mid,PG,Rural,Medium,Yes,no
ST6924,75.35,54.53,60.66,ICSE,90.7,1,Local,4.6,Low,12th,Rural,Low,Yes,no
ST6925,100,33.48,62.04,ICSE,78.33,2,Local,1.7,Low,Upto 10th,Urban,Low,Yes,no
ST6926,59.13,44.86,68.89,State,76.02,1,Allen,2.6,High,Graduate,Rural,High,No,no
ST6927,36.58,66.34,97.28,CBSE,58.19,2,FIITJEE,1.8,Low,12th,Urban,High,No,yes
ST6928,68,47.9,71.61,CBSE,82.48,2,Local,5.5,Mid,Graduate,Urban,Medium,Yes,no
ST6929,87.41,64.92,60.67,State,63.56,2,Allen,2.1,Low,PG,Semi-Urban,Low,No,no
ST6930,99.42,48.81,58.01,CBSE,70.82,1,FIITJEE,4.9,Low,Upto 10th,Semi-Urban,Low,No,no
ST6931,54.79,53.48,62.1,State,84.6,1,Allen,8.2,Low,12th,Semi-Urban,High,No,yes
ST6932,78.95,79.65,94.13,ICSE,85.3,1,FIITJEE,7.4,Mid,12th,Urban,Medium,No,no
ST6933,65.49,69.96,63.21,CBSE,70.33,2,FIITJEE,0.8,High,Graduate,Rural,High,No,yes
ST6934,70.52,65.85,78.88,CBSE,70.91,2,Local,1.9,Low,Graduate,Semi-Urban,Medium,No,no
ST6935,100,80.06,63.49,ICSE,68.01,2,No Coaching,2.9,Mid,PG,Urban,Low,Yes,no
ST6936,50.96,73.69,71.13,ICSE,63.02,2,Local,2.2,Low,12th,Rural,Medium,No,yes
ST6937,75.55,89.15,77.5,CBSE,68.65,1,Allen,1.2,Low,Upto 10th,Semi-Urban,Low,No,no
ST6938,78.55,58.64,61.14,CBSE,58.87,2,FIITJEE,4.5,Mid,Upto 10th,Urban,Medium,Yes,no
ST6939,87.2,59.13,60.31,CBSE,81.83,2,Local,5.9,Low,12th,Semi-Urban,High,Yes,yes
ST6940,73.37,45.18,87.91,State,78.95,1,FIITJEE,6.4,Mid,12th,Semi-Urban,High,Yes,no
ST6941,76.31,59.14,79.82,CBSE,80.61,2,Local,3.6,High,PG,Urban,High,Yes,no
ST6942,66.52,81.44,77.49,CBSE,65.46,1,Allen,4,Low,Upto 10th,Semi-Urban,Medium,Yes,yes
ST6943,75.77,86.8,77.45,ICSE,63.05,2,Allen,5.2,Mid,Upto 10th,Urban,Low,Yes,no
ST6944,67.2,81.36,73.51,ICSE,75.54,1,Allen,4.3,Low,Graduate,Urban,High,Yes,no
ST6945,80.7,37.29,92.21,State,75.64,2,Local,6.1,Low,Graduate,Semi-Urban,Medium,No,no
ST6946,66.83,83.33,68.53,ICSE,73.53,1,No Coaching,5.4,Low,Upto 10th,Rural,Medium,Yes,yes
ST6947,77.28,36.58,74.93,CBSE,72.11,1,Allen,3.7,Mid,12th,Rural,High,Yes,no
ST6948,71.59,80.37,50.59,CBSE,92.11,2,Local,0.8,Mid,12th,Rural,High,Yes,yes
ST6949,87.76,60.12,58.1,State,79.26,2,No Coaching,7.5,Mid,Graduate,Urban,High,Yes,no
ST6950,71.28,77.24,53.59,ICSE,94.71,1,Local,3.1,High,12th,Semi-Urban,High,No,no
ST6951,47.18,44.68,83.29,ICSE,87.69,1,Local,5.2,Low,PG,Rural,Medium,No,yes
ST6952,89.67,84.74,37.37,ICSE,92.03,2,Allen,0.7,Mid,12th,Semi-Urban,Low,No,no
ST6953,59.32,42.56,63.17,State,64.26,1,No Coaching,4.5,Low,12th,Rural,Low,No,no
ST6954,62.85,55.3,32.08,ICSE,80.93,2,Local,4.7,Low,12th,Rural,Medium,Yes,yes
ST6955,63.66,50.03,58.02,ICSE,70.68,2,Local,4.8,Low,Graduate,Semi-Urban,Low,No,yes
ST6956,91.24,37.93,62.11,ICSE,58.37,2,Local,10,Mid,12th,Semi-Urban,Medium,Yes,no
ST6957,42.1,67.51,84.62,CBSE,89.96,2,Local,3.2,High,Upto 10th,Semi-Urban,Medium,No,no
ST6958,100,94.9,72.76,State,72.06,2,Allen,6.1,High,Graduate,Semi-Urban,Medium,No,no
ST6959,86.78,100,58,CBSE,64.45,2,Local,5.5,High,12th,Rural,Low,Yes,no
ST6960,75.13,67.55,80.79,State,70.85,1,No Coaching,3.1,High,12th,Semi-Urban,Medium,Yes,no
ST6961,71.23,83.87,68.21,ICSE,67.04,2,FIITJEE,6.1,Mid,PG,Urban,Medium,No,no
ST6962,76,69.71,68.45,CBSE,68.06,1,No Coaching,4.2,High,12th,Rural,High,No,no
ST6963,79.3,73.98,53.57,ICSE,72.78,2,Local,6.3,High,Graduate,Urban,High,No,no
ST6964,81.03,60.53,56.12,ICSE,92.31,2,Local,8.4,Mid,12th,Rural,Low,No,no
ST6965,79.78,69.12,58.1,State,68.34,2,No Coaching,4.8,Mid,Graduate,Rural,High,No,no
ST6966,73.25,74.6,68.56,ICSE,91.59,1,FIITJEE,3.9,Low,Upto 10th,Urban,High,Yes,yes
ST6967,69.24,56.74,68.93,CBSE,83.49,2,Allen,6.6,Low,12th,Rural,High,No,no
ST6968,69.88,64.76,86.53,State,78.96,2,FIITJEE,7.3,High,Graduate,Urban,Medium,No,no
ST6969,69.27,65.07,72.62,State,82.48,2,FIITJEE,2.7,Low,Upto 10th,Rural,High,No,yes
ST6970,87.87,79.22,35.51,CBSE,75.14,2,FIITJEE,3.6,Mid,Graduate,Semi-Urban,Low,Yes,no
ST6971,80.31,48.94,71.15,ICSE,87.86,1,No Coaching,5.9,Low,12th,Rural,Medium,No,no
ST6972,30.83,65.18,50.6,ICSE,80.67,1,FIITJEE,4.2,Low,Graduate,Urban,Low,Yes,no
ST6973,81.18,96.59,56.41,ICSE,58.35,2,Allen,2.6,Mid,12th,Semi-Urban,Low,Yes,no
ST6974,74.73,84.62,58.25,ICSE,77.96,2,Local,5.6,High,Graduate,Semi-Urban,Low,Yes,no
ST6975,71.74,87.59,60.04,ICSE,82.84,1,No Coaching,5.8,Low,Upto 10th,Semi-Urban,Low,No,no
ST6976,66.56,66.39,51.5,State,72.11,2,No Coaching,3.8,Low,12th,Semi-Urban,Low,Yes,yes
ST6977,87.74,71.14,70.44,State,76.26,1,FIITJEE,4.6,High,Upto 10th,Rural,High,No,no
ST6978,85.27,82.04,51.07,CBSE,68.87,1,Local,3.3,Low,12th,Urban,High,No,no
ST6979,61.18,90.96,72.28,ICSE,61.22,1,Local,2.3,High,Graduate,Semi-Urban,Low,No,no
ST6980,77.7,34.77,94.84,ICSE,59.5,1,Local,3.5,Mid,Upto 10th,Urban,Low,No,no
ST6981,58.4,44.95,52.05,ICSE,59.63,1,No Coaching,4.6,Mid,12th,Urban,High,Yes,no
ST6982,52.69,86.95,64.59,CBSE,81.69,1,Allen,1.5,High,Upto 10th,Semi-Urban,Low,Yes,no
ST6983,63.23,61.57,37.72,ICSE,50.1,1,Local,3.7,Mid,PG,Urban,High,No,no
ST6984,84.07,55.25,64.39,State,68.34,2,No Coaching,4.7,Mid,Upto 10th,Urban,Low,No,no
ST6985,85.34,45.93,75.71,ICSE,67.34,1,FIITJEE,6.9,Mid,12th,Urban,Low,Yes,no
ST6986,79.18,57.12,76.65,CBSE,72.18,2,Local,3.9,Mid,Graduate,Urban,Medium,Yes,no
ST6987,82.15,43.56,68.93,State,56.44,2,FIITJEE,2,Mid,PG,Rural,Low,No,no
ST6988,79.23,99.46,78.67,State,79.04,2,Local,4.1,Mid,PG,Rural,Medium,No,no
ST6989,63.02,65.64,98.55,State,62.27,1,FIITJEE,3.4,Low,PG,Rural,Low,Yes,yes
ST6990,78.05,65.07,88.55,ICSE,86.32,1,No Coaching,5.6,Low,Upto 10th,Urban,Medium,No,yes
ST6991,83.21,75.41,61.73,CBSE,68.78,1,FIITJEE,3.8,Low,12th,Rural,High,Yes,no
ST6992,82.56,81.4,50.59,CBSE,74.04,2,No Coaching,0,Mid,Upto 10th,Semi-Urban,Low,No,no
ST6993,88.64,81.13,63.13,ICSE,75.04,2,FIITJEE,10,Low,PG,Urban,High,No,yes
ST6994,81.92,83.18,56.64,CBSE,77.44,2,FIITJEE,4.8,High,PG,Rural,Medium,No,no
ST6995,76.92,55.91,73.42,State,75.37,2,FIITJEE,4.7,High,PG,Rural,Medium,No,no
ST6996,86.98,61.23,53.83,State,70.73,1,Local,1.4,High,Upto 10th,Urban,Medium,No,no
ST6997,71.63,78.3,67.13,CBSE,78.43,2,Allen,1.6,Low,PG,Urban,Medium,No,yes
ST6998,59.65,57.56,78.06,CBSE,79.66,1,Allen,4.3,Mid,Graduate,Urban,High,No,no
ST6999,69.72,65.92,66.79,ICSE,67.35,2,Local,5.2,High,12th,Semi-Urban,Medium,No,no
ST7000,61.57,72.38,56.64,ICSE,79.26,1,FIITJEE,5.9,Low,PG,Rural,Low,Yes,no
ST7001,62.55,78.56,82.1,ICSE,86.92,2,FIITJEE,5,Low,12th,Semi-Urban,Medium,No,yes
ST7002,69.98,37.56,45.45,ICSE,82.06,1,Local,2.1,Mid,Upto 10th,Rural,High,Yes,no
ST7003,60.91,77.44,64.07,ICSE,84.32,2,No Coaching,0,Mid,PG,Urban,High,Yes,yes
ST7004,67.69,62.26,67.5,ICSE,76.72,1,No Coaching,4.3,Low,Graduate,Rural,Low,No,no
ST7005,45.49,77.32,68.19,State,65.64,1,Local,3.4,Mid,PG,Urban,High,No,no
ST7006,74.99,78.43,70.17,CBSE,66.9,1,Allen,2,Mid,Graduate,Rural,Medium,Yes,no
ST7007,72.02,91.73,75.33,ICSE,78.2,2,No Coaching,6.2,Mid,Graduate,Semi-Urban,Low,No,no
ST7008,60.56,87.66,67.58,State,84.43,1,Local,1.3,Mid,12th,Rural,Low,Yes,no
ST7009,81.23,87.55,63.58,CBSE,100,1,No Coaching,5.7,Mid,12th,Urban,High,Yes,no
ST7010,85.13,89.1,63.11,CBSE,84.82,1,Local,1.7,Low,Upto 10th,Semi-Urban,Low,Yes,yes
ST7011,49.49,70.66,60.66,CBSE,63.3,1,No Coaching,4.8,High,Graduate,Semi-Urban,Medium,Yes,no
ST7012,61.32,66.51,77.45,ICSE,67.33,1,No Coaching,6.4,Low,Graduate,Rural,Medium,Yes,yes
ST7013,61.23,79.97,60.24,ICSE,97.79,2,Local,3.8,Low,12th,Rural,High,No,yes
ST7014,58.84,77.71,78.16,ICSE,72.86,1,Allen,7.9,Low,Upto 10th,Semi-Urban,Medium,Yes,yes
ST7015,83.61,61.05,68.23,CBSE,75.48,2,Allen,8.3,Low,12th,Rural,Medium,Yes,no
ST7016,69.29,72.48,61.74,CBSE,65.4,1,No Coaching,5,Low,12th,Urban,High,No,no
ST7017,68.3,65.44,75.42,State,90.65,2,No Coaching,5.6,Mid,Upto 10th,Urban,Medium,Yes,no
ST7018,43.95,52.34,59.27,State,80,2,Allen,6.6,High,Graduate,Rural,High,No,no
ST7019,80.9,86.65,75.66,State,67.25,2,Local,5.6,Mid,Graduate,Semi-Urban,High,No,no
ST7020,54.65,66.88,70.55,State,65.06,2,FIITJEE,5.4,High,Upto 10th,Rural,High,Yes,no
ST7021,72.84,98.78,60.84,CBSE,78.07,2,No Coaching,3.5,Low,Graduate,Semi-Urban,Low,No,no
ST7022,75.88,39.99,74.34,ICSE,75.44,2,FIITJEE,1.1,Low,Upto 10th,Semi-Urban,Medium,Yes,no
ST7023,91.05,57.09,74.56,ICSE,83.32,1,No Coaching,1.7,Low,Upto 10th,Urban,Medium,No,yes
ST7024,53.68,66.52,81.89,ICSE,80.47,1,Allen,9.3,Low,12th,Rural,Medium,No,no
ST7025,29.73,84.2,79.59,ICSE,72.36,1,Local,5.1,Low,Graduate,Semi-Urban,High,No,no
ST7026,74.57,72.39,73.9,State,69.56,1,No Coaching,4,Low,Graduate,Semi-Urban,High,Yes,yes
ST7027,97.21,70.97,54.47,CBSE,73.4,2,FIITJEE,7,Low,Upto 10th,Semi-Urban,Medium,No,yes
ST7028,89.35,47.96,97.38,ICSE,69.49,2,Allen,3,High,12th,Semi-Urban,Medium,Yes,no
ST7029,74.94,47.49,51.16,CBSE,73.7,2,No Coaching,5.7,Low,12th,Urban,Medium,Yes,no
ST7030,65.12,71.16,79.39,State,75.16,1,Local,4.7,Low,Graduate,Urban,Medium,Yes,yes
ST7031,83.3,44.17,73.18,State,66.02,1,No Coaching,5.4,Low,PG,Urban,Low,No,no
ST7032,58.37,57.49,53.91,ICSE,81.31,2,Local,3.8,High,Upto 10th,Urban,High,No,no
ST7033,78.67,74.01,66.51,ICSE,71.3,1,Local,2.6,High,Graduate,Urban,Low,No,no
ST7034,79.08,50.28,67.05,State,66.58,2,Allen,2.9,Low,Graduate,Rural,Medium,No,no
ST7035,86.84,91.69,83.67,State,71.48,2,No Coaching,2.9,Mid,PG,Rural,High,No,no
ST7036,100,85.58,59.44,CBSE,77.42,1,Local,4.5,High,PG,Urban,Low,No,no
ST7037,77.49,40.86,64.86,State,75.83,2,Allen,1.4,Low,12th,Semi-Urban,Low,No,yes
ST7038,64.87,51.08,39.97,CBSE,79.22,1,No Coaching,2,High,12th,Semi-Urban,High,No,no
ST7039,71.64,29.43,88.82,State,83.98,1,Local,4.8,Mid,12th,Rural,Low,No,no
ST7040,47.23,53.48,55.15,CBSE,88.05,1,Allen,4.2,Low,12th,Rural,Medium,No,yes
ST7041,62.27,78.26,71.92,State,77.85,1,No Coaching,4.9,High,Upto 10th,Rural,Low,Yes,no
ST7042,66.27,59.38,66.78,State,64.31,2,Local,4.4,Mid,PG,Urban,Low,No,no
ST7043,64.66,73.37,66.82,CBSE,72.31,2,Allen,9.5,High,Graduate,Semi-Urban,Medium,No,no
ST7044,74.13,41.64,77.72,CBSE,64.96,2,Allen,4.8,High,12th,Semi-Urban,Medium,Yes,no
ST7045,60.49,78.77,88.06,ICSE,91.97,2,No Coaching,3.7,Low,Graduate,Rural,Low,Yes,no
ST7046,87.69,57.12,71.02,ICSE,94.87,1,Allen,4.7,Low,Upto 10th,Rural,Medium,No,yes
ST7047,72,66.19,75.86,State,81.5,1,No Coaching,6.5,High,12th,Rural,High,Yes,no
ST7048,71.87,64.51,71.95,State,83.58,2,No Coaching,4.4,Mid,Upto 10th,Rural,High,No,no
ST7049,67.41,45.66,80.21,CBSE,77.51,1,Local,5.9,Low,12th,Urban,Medium,Yes,no
ST7050,74.17,47.55,62.45,State,78.66,1,No Coaching,5.3,High,Graduate,Semi-Urban,Medium,Yes,no
ST7051,83.55,81.48,80.9,ICSE,59.03,2,Allen,3.9,High,Upto 10th,Urban,High,No,no
ST7052,59.86,72.38,81.33,CBSE,74.26,2,No Coaching,4.7,Low,12th,Semi-Urban,High,Yes,no
ST7053,62.79,82.8,80.99,State,66.19,1,Local,7.7,Low,Graduate,Urban,Low,No,no
ST7054,67.75,71.19,60.08,CBSE,77.81,2,Allen,5,High,Graduate,Semi-Urban,Low,No,no
ST7055,53.16,68.29,65.98,ICSE,74.4,1,Local,2.5,Low,Graduate,Urban,Low,Yes,yes
ST7056,60.53,38.38,70.87,ICSE,94.47,1,FIITJEE,3.9,High,12th,Semi-Urban,Low,No,no
ST7057,65.33,61.67,51.55,ICSE,84.17,2,Local,0.3,Mid,Graduate,Urban,High,Yes,yes
ST7058,84.24,65.56,87.14,State,77.85,2,FIITJEE,4.8,Low,Graduate,Semi-Urban,High,No,no
ST7059,75.68,97.25,67.85,State,72.33,2,FIITJEE,7.1,Low,12th,Rural,High,No,no
ST7060,74.71,76.99,71.41,State,91.76,1,No Coaching,1.8,High,Upto 10th,Semi-Urban,Medium,Yes,no
ST7061,83.91,90.58,61.08,State,74.7,2,Allen,4.8,Low,Graduate,Semi-Urban,High,No,no
ST7062,70.08,75.56,52.08,State,78.32,2,No Coaching,6.5,Mid,12th,Urban,Medium,Yes,no
ST7063,77.47,54.62,60.75,State,75.42,2,Allen,6.7,High,Upto 10th,Rural,Medium,Yes,no
ST7064,70.55,67.87,70.63,ICSE,70.96,2,Local,7.1,Mid,Graduate,Urban,Medium,No,no
ST7065,75.72,69.78,76.08,ICSE,75.37,1,FIITJEE,0.8,Mid,12th,Semi-Urban,Low,Yes,no
ST7066,63.84,50.97,69.94,State,55.38,2,FIITJEE,5.5,Mid,PG,Semi-Urban,Medium,No,no
ST7067,37.86,59.85,72.16,ICSE,59.52,1,FIITJEE,1.5,Mid,12th,Semi-Urban,High,No,yes
ST7068,70.12,62.71,63.96,CBSE,78.5,2,Local,2.5,High,Graduate,Semi-Urban,High,Yes,no
ST7069,91.92,91.69,73.95,State,90.68,2,Local,6.1,Low,Upto 10th,Urban,High,Yes,no
ST7070,84.97,32.71,85.79,CBSE,78.48,2,No Coaching,4.8,Mid,Upto 10th,Rural,High,No,no
ST7071,85.52,85.29,76.46,State,67.8,1,No Coaching,6,Mid,Upto 10th,Semi-Urban,High,No,no
ST7072,89.31,51.01,77.71,State,60.57,2,Allen,2.6,High,Graduate,Urban,High,No,no
ST7073,73.24,44.05,71.53,ICSE,82.85,2,Allen,7.4,Mid,Graduate,Urban,Medium,No,no
ST7074,74.76,84.88,49.96,CBSE,69.33,2,FIITJEE,5.9,Mid,Upto 10th,Urban,High,Yes,no
ST7075,63.35,77.71,55.46,ICSE,81.43,1,Local,6.3,Mid,Upto 10th,Urban,Medium,Yes,no
ST7076,67.57,86.07,73.46,State,78.9,2,Local,2.3,Mid,Upto 10th,Urban,Low,No,no
ST7077,80.62,78.81,67.87,CBSE,79.78,2,No Coaching,6.8,Low,Upto 10th,Semi-Urban,High,Yes,no
ST7078,88.85,98.96,73.28,State,75.34,1,No Coaching,3.9,Mid,12th,Semi-Urban,Low,Yes,no
ST7079,70.05,74.94,88.12,ICSE,78.84,1,Allen,3.3,High,Graduate,Rural,Low,No,no
ST7080,65.7,63.5,76.71,State,73.81,1,Allen,5.8,Low,PG,Rural,Low,Yes,no
ST7081,72.01,71.49,83.11,State,68.65,1,No Coaching,5.7,High,Upto 10th,Rural,High,No,no
ST7082,80.42,85.9,69.14,ICSE,65.37,2,No Coaching,2.8,Low,12th,Rural,Medium,Yes,no
ST7083,51.79,53.53,58.31,State,51.15,2,Local,8.6,Low,PG,Urban,Low,No,no
ST7084,39.85,55.57,67.31,CBSE,73.19,1,Allen,8.1,Mid,PG,Urban,High,Yes,no
ST7085,64.29,61.06,58.34,ICSE,90.19,1,No Coaching,5.7,Mid,Upto 10th,Urban,Medium,No,no
ST7086,54.91,32.33,86.7,State,82.3,1,No Coaching,5.4,High,Upto 10th,Urban,Low,No,no
ST7087,64.89,68.21,77.48,ICSE,77.28,1,FIITJEE,5.2,Low,12th,Urban,High,No,no
ST7088,69.93,35.82,74.25,State,67.66,2,No Coaching,1.4,Low,Upto 10th,Urban,Medium,No,yes
ST7089,65.65,66.85,82.83,ICSE,84.97,1,No Coaching,4.7,Mid,PG,Urban,Medium,No,no
ST7090,92.33,79.84,43.76,ICSE,73.81,1,Local,4.7,Low,Upto 10th,Urban,High,Yes,yes
ST7091,76.57,58.37,75.06,CBSE,90.75,2,No Coaching,3.3,Mid,12th,Rural,Low,Yes,no
ST7092,76.21,92.83,52.27,ICSE,65.19,2,Allen,3.9,Mid,12th,Semi-Urban,High,Yes,no
ST7093,80.71,42.63,67.91,CBSE,67.5,1,FIITJEE,0,High,12th,Rural,Low,Yes,no
ST7094,56.06,85.06,64.26,ICSE,66.53,1,Local,2.3,Mid,12th,Urban,High,No,no
ST7095,86.55,76.8,75.94,ICSE,60.18,1,Allen,6.3,Mid,12th,Urban,Medium,No,no
ST7096,70.94,38.54,70.74,State,65.63,2,FIITJEE,8,Low,Upto 10th,Urban,Medium,Yes,yes
ST7097,81.39,100,84.14,State,76.03,2,FIITJEE,2.6,High,Graduate,Semi-Urban,Medium,No,no
ST7098,56.99,64.98,60.78,State,67.88,2,No Coaching,4.9,High,12th,Urban,Medium,Yes,no
ST7099,50.25,51.96,76.51,ICSE,50,1,FIITJEE,6.7,High,Graduate,Urban,Medium,Yes,no
ST7100,83.45,43.49,69.95,ICSE,85.74,1,FIITJEE,3.5,Mid,Upto 10th,Rural,High,No,no
ST7101,77.27,62.48,48.38,CBSE,58.16,2,No Coaching,5.9,High,12th,Rural,High,Yes,no
ST7102,59.37,63.96,56.98,CBSE,80.89,2,Local,4.4,Mid,Graduate,Urban,High,Yes,no
ST7103,59.82,67.64,66.2,CBSE,75.31,2,No Coaching,6.9,Mid,Graduate,Semi-Urban,Low,Yes,no
ST7104,87.76,61.24,81.35,State,96.17,1,Local,1.9,Mid,PG,Semi-Urban,Low,No,no
ST7105,55.35,76.13,73.56,State,84.97,2,FIITJEE,2.3,Mid,Graduate,Rural,Medium,Yes,no
ST7106,95,59.8,53.99,CBSE,69.95,2,Allen,5.1,High,PG,Rural,Medium,Yes,no
ST7107,59.39,35.04,66.32,ICSE,67.98,2,Local,4.7,High,PG,Semi-Urban,Medium,No,no
ST7108,80.94,63.61,92.21,State,90.03,1,Local,4.4,Low,Graduate,Rural,Low,No,no
ST7109,67.4,28.12,69.33,State,60.24,2,Local,5.7,High,PG,Urban,Low,No,no
ST7110,80.44,71.66,64.07,CBSE,76.91,1,Local,2.6,Low,Graduate,Urban,High,No,no
ST7111,64.38,50.33,73.9,State,73.69,1,FIITJEE,1.8,High,PG,Urban,Low,No,no
ST7112,69.72,68.61,77.16,CBSE,71.57,1,Allen,3.5,High,12th,Urban,Medium,No,no
ST7113,72.57,87.03,62.53,State,78.54,2,Local,3.7,High,12th,Rural,High,No,no
ST7114,57.97,50.82,74.03,ICSE,76.9,1,Allen,3.9,Mid,12th,Urban,Low,Yes,no
ST7115,82.37,82.98,64.05,ICSE,79.57,2,FIITJEE,7,High,Graduate,Urban,High,No,no
ST7116,64.82,59.07,76.63,State,76.39,1,Local,6,High,Graduate,Urban,Low,Yes,no
ST7117,68.8,94.05,70.04,CBSE,79.18,1,Allen,5.6,Low,Upto 10th,Urban,Low,Yes,no
ST7118,58.08,60.16,73.78,State,75.93,1,Local,4.9,High,Graduate,Semi-Urban,Low,No,no
ST7119,36.13,52.55,58.89,CBSE,68.41,2,Local,3.6,Mid,Upto 10th,Urban,Medium,Yes,no
ST7120,69.33,77,58.14,State,75.04,2,FIITJEE,2.8,High,Upto 10th,Rural,Low,Yes,no
ST7121,100,59.03,79.35,ICSE,67.86,2,Local,2.1,Low,12th,Urban,Medium,No,yes
ST7122,82.98,52.54,67.05,ICSE,67.2,2,Allen,3.1,High,Graduate,Semi-Urban,High,Yes,no
ST7123,71.73,58.35,71.42,State,71.64,1,Allen,4.4,High,Graduate,Urban,Low,Yes,no
ST7124,68.32,65.29,64.32,State,73.81,1,FIITJEE,2.2,Low,Upto 10th,Rural,Medium,Yes,no
ST7125,72.31,87.47,78.78,State,75.35,1,No Coaching,4.8,High,Upto 10th,Rural,Medium,No,no
ST7126,79.66,35.05,60.71,ICSE,84.16,1,No Coaching,4.1,Low,Graduate,Semi-Urban,High,No,yes
ST7127,55.47,66.37,66.37,ICSE,70.02,1,FIITJEE,3.7,Low,Upto 10th,Rural,High,No,yes
ST7128,87.6,76,77.43,CBSE,76.97,2,FIITJEE,6.8,Mid,Graduate,Rural,High,Yes,no
ST7129,82.02,69.1,82.08,State,76.18,1,No Coaching,0,Mid,Graduate,Rural,Low,Yes,no
ST7130,82.05,86.96,61.71,State,68.91,2,No Coaching,3.7,Low,PG,Semi-Urban,Low,No,no
ST7131,78.14,64.81,91.52,ICSE,75.74,2,Allen,0,Mid,Upto 10th,Semi-Urban,High,No,yes
ST7132,72.27,63.05,71.76,State,85.03,2,Allen,5,Mid,12th,Semi-Urban,Low,Yes,no
ST7133,81.42,75.48,55.48,CBSE,76.87,1,Allen,6,Low,Graduate,Semi-Urban,Medium,Yes,no
ST7134,80.29,67.59,72.43,State,77.27,2,No Coaching,1.8,High,Upto 10th,Semi-Urban,Medium,Yes,no
ST7135,67.04,59.75,63.4,ICSE,67.95,2,FIITJEE,2.1,High,Upto 10th,Semi-Urban,Low,Yes,no
ST7136,63.97,74.26,73.21,State,94.69,2,Local,1.1,High,Upto 10th,Semi-Urban,Low,Yes,no
ST7137,73.43,55.56,67.49,ICSE,68.52,2,Allen,4.6,Mid,Graduate,Semi-Urban,Medium,No,no
ST7138,93.69,56.22,68.89,CBSE,58.32,1,Local,3.8,Mid,Graduate,Semi-Urban,Medium,No,no
ST7139,54.65,57.55,57.06,CBSE,83.6,1,FIITJEE,3.9,High,Graduate,Urban,Low,Yes,no
ST7140,51.45,87.65,79.88,State,73.85,1,No Coaching,3.8,Low,Upto 10th,Semi-Urban,Low,Yes,no
ST7141,74.31,14.46,54.13,State,71.97,2,Allen,2.6,Low,12th,Urban,High,Yes,yes
ST7142,72.71,72.33,54.69,ICSE,69.54,2,No Coaching,6.8,Low,PG,Semi-Urban,High,No,yes
ST7143,74.43,66.55,72.41,CBSE,93.72,1,FIITJEE,5,Mid,12th,Semi-Urban,Low,No,no
ST7144,75.42,39.11,87.23,CBSE,78.55,1,Allen,2.1,High,Graduate,Semi-Urban,Medium,Yes,no
ST7145,68.88,70.96,63.77,CBSE,80.5,2,FIITJEE,3.1,Low,Graduate,Urban,Low,Yes,yes
ST7146,92.86,73.61,76.41,CBSE,76.63,2,FIITJEE,2.8,High,Graduate,Urban,Medium,Yes,no
ST7147,49.59,75.43,80.88,State,77.7,1,Allen,7.3,High,12th,Semi-Urban,Low,No,no
ST7148,60.4,23.57,77.78,State,88.99,1,Local,5.9,Mid,12th,Semi-Urban,Low,No,no
ST7149,70.55,87.86,64.27,ICSE,72.49,2,Allen,4.2,Low,Graduate,Urban,Medium,No,no
ST7150,49,54.2,54.91,CBSE,60.43,1,No Coaching,7.9,Mid,PG,Semi-Urban,Medium,Yes,no
ST7151,69.54,76.99,41.51,State,83.68,1,Local,7.4,High,PG,Semi-Urban,Low,Yes,no
ST7152,95.26,77.86,64.85,State,79.97,2,Allen,4,High,Upto 10th,Urban,Medium,No,no
ST7153,72.29,51.97,82.14,CBSE,76.08,1,Allen,3.7,High,12th,Urban,Medium,No,no
ST7154,75.23,76.57,54.51,State,79.71,1,Allen,3.8,Low,PG,Urban,Low,No,no
ST7155,54.36,59.83,76.4,ICSE,71.29,2,Allen,2.6,Low,Graduate,Semi-Urban,High,No,no
ST7156,63.37,32.86,56.6,ICSE,75.21,1,Allen,8,Low,12th,Urban,High,Yes,no
ST7157,66.75,84.68,69.27,CBSE,73.68,2,No Coaching,2.5,High,Upto 10th,Semi-Urban,Medium,Yes,no
ST7158,67.55,53.6,76.49,ICSE,69.09,1,FIITJEE,6.2,High,Upto 10th,Rural,Low,Yes,no
ST7159,89.94,52.33,60.09,State,86.89,1,No Coaching,5.9,Low,12th,Rural,Medium,Yes,yes
ST7160,79.81,59.55,70.05,ICSE,60.88,2,FIITJEE,3.9,High,Graduate,Semi-Urban,Low,No,no
ST7161,56.44,70.36,63.02,State,98.61,1,Allen,8.1,High,PG,Semi-Urban,High,Yes,no
ST7162,75.45,65.08,76.46,CBSE,83.77,1,No Coaching,1.4,High,12th,Urban,High,No,yes
ST7163,78.98,74.77,70.82,CBSE,57.22,2,FIITJEE,4.3,Low,Graduate,Semi-Urban,High,No,no
ST7164,87.96,44.57,68.68,State,72.76,2,FIITJEE,3.5,Mid,12th,Semi-Urban,Medium,Yes,no
ST7165,94.13,54.12,86.7,State,73.31,1,Allen,6.4,Mid,Upto 10th,Urban,High,No,no
ST7166,57.79,64.14,75.95,ICSE,78.92,1,Allen,5.2,Mid,12th,Semi-Urban,High,No,no
ST7167,60.65,96.37,59.72,State,65.11,1,Local,1,Low,Graduate,Rural,Medium,Yes,yes
ST7168,54.39,64.18,66.97,CBSE,75.32,2,Local,7,High,Graduate,Semi-Urban,Low,Yes,no
ST7169,68.72,83.36,67.09,State,73.79,1,FIITJEE,5.5,Mid,Upto 10th,Urban,High,Yes,no
ST7170,78.53,66.62,68.96,ICSE,67.62,1,Local,2.4,Mid,Graduate,Semi-Urban,Low,Yes,no
ST7171,85.82,58.26,98.29,ICSE,66.23,2,No Coaching,3.8,Low,Graduate,Semi-Urban,Low,No,no
ST7172,70.94,62.05,72.45,State,84.19,2,FIITJEE,1.9,High,Upto 10th,Semi-Urban,Medium,Yes,no
ST7173,67.52,63.31,43.57,ICSE,58.03,2,No Coaching,4.2,High,Graduate,Rural,Low,Yes,no
ST7174,74.12,75.66,61.49,ICSE,79.78,2,Local,4.8,Low,Graduate,Urban,Low,Yes,yes
ST7175,60.31,87.99,44.81,CBSE,82.98,1,No Coaching,3.8,Mid,12th,Rural,Medium,No,no
ST7176,100,71.75,64.04,State,72.81,1,FIITJEE,3.6,High,12th,Rural,Low,Yes,no
ST7177,49.49,84.99,44.15,CBSE,75.52,1,No Coaching,1.3,High,12th,Urban,High,No,yes
ST7178,74.59,50.56,57.54,CBSE,86.63,2,FIITJEE,5.2,Mid,12th,Urban,Medium,No,no
ST7179,100,59.37,49.75,ICSE,67.95,1,Local,0.7,Low,PG,Rural,Medium,No,no
ST7180,72.1,54.41,72.61,CBSE,68.98,1,FIITJEE,4.6,Mid,12th,Rural,Medium,No,no
ST7181,69.34,71.03,68.01,State,70.05,1,Local,0.9,High,12th,Semi-Urban,High,No,yes
ST7182,67,60.26,71.64,State,86.65,2,Allen,4.6,Low,12th,Urban,Low,Yes,yes
ST7183,69.47,77.68,66.75,State,87.92,1,Local,4.5,Mid,Upto 10th,Rural,Low,Yes,no
ST7184,91.22,51.1,51.27,CBSE,61.04,1,FIITJEE,5.3,Mid,12th,Semi-Urban,Low,No,no
ST7185,41.03,66.69,74.16,State,85.06,2,FIITJEE,6.2,Low,PG,Rural,High,No,no
ST7186,93.47,76.99,91.07,State,83.19,1,Allen,6.6,High,PG,Rural,Low,No,no
ST7187,52.06,32.96,72.91,CBSE,90.54,2,Allen,1.3,Low,PG,Urban,Low,Yes,no
ST7188,68.27,99.95,62.89,CBSE,78.85,2,Local,4.4,Low,Graduate,Rural,High,Yes,yes
ST7189,65.99,61.47,50.86,CBSE,74.56,1,No Coaching,8.5,High,Upto 10th,Urban,High,No,no
ST7190,80.24,33.6,57.1,CBSE,86.45,2,No Coaching,4.7,Mid,12th,Rural,Low,No,no
ST7191,49.63,68.53,73.44,ICSE,81.99,2,Allen,2.8,Low,12th,Semi-Urban,High,No,no
ST7192,78.47,66.54,80.88,CBSE,97.45,2,Local,4.3,Low,Graduate,Urban,High,Yes,yes
ST7193,100,64.69,71.13,CBSE,84.59,1,Allen,3.7,Mid,Upto 10th,Urban,High,No,no
ST7194,52.92,81.86,77.6,State,76.54,2,Allen,2.1,High,Graduate,Semi-Urban,Medium,No,no
ST7195,74.66,77.96,76.49,State,63.26,1,FIITJEE,6.2,Mid,PG,Urban,Medium,No,no
ST7196,62.73,70.77,74.08,CBSE,69.19,1,FIITJEE,5.7,Mid,Graduate,Semi-Urban,Low,Yes,no
ST7197,77.96,73.2,60.1,CBSE,60.64,2,FIITJEE,1.8,Low,Upto 10th,Urban,Low,No,yes
ST7198,72.27,64.33,70.09,CBSE,72.85,2,Allen,4.3,Low,Graduate,Urban,High,No,no
ST7199,63.02,94.41,57.82,State,84.26,1,Local,3.4,High,Upto 10th,Urban,Low,No,no
ST7200,78.83,42.33,68.21,State,74.96,2,No Coaching,1.3,Low,Graduate,Urban,Medium,No,yes
ST7201,97.26,68.23,71.97,CBSE,85.22,1,No Coaching,1.7,Mid,Upto 10th,Rural,Low,Yes,no
ST7202,69.33,67.04,88.15,State,78.38,1,FIITJEE,2,Mid,12th,Rural,Low,No,no
ST7203,82.08,79.01,52.28,State,70.97,2,Local,4.4,High,PG,Rural,Medium,No,no
ST7204,53.89,52.5,73.78,CBSE,75.88,2,FIITJEE,3.6,Low,Upto 10th,Urban,Medium,No,yes
ST7205,58.61,38.1,85.77,State,79.72,2,Local,2.6,Low,Graduate,Rural,High,Yes,yes
ST7206,78.61,68.51,77.11,CBSE,76.39,2,Local,3.7,High,Graduate,Urban,High,No,no
ST7207,92.78,70.5,78,ICSE,76.51,2,Local,6,High,PG,Urban,High,No,no
ST7208,76.98,89.83,75.05,ICSE,67.31,2,Allen,5.2,Low,12th,Semi-Urban,Low,No,yes
ST7209,67.62,45.67,83.58,ICSE,70.67,2,Local,6.5,High,12th,Semi-Urban,Low,Yes,no
ST7210,71.99,84.48,54.95,State,97.58,2,Allen,4,Mid,12th,Semi-Urban,Low,Yes,no
ST7211,54.49,100,51.37,ICSE,87.28,2,No Coaching,7.7,High,Upto 10th,Urban,Medium,Yes,no
ST7212,80.46,59.96,67.92,State,60.26,2,No Coaching,5.2,Mid,PG,Semi-Urban,Low,Yes,no
ST7213,84.35,45.34,42.07,CBSE,51.33,1,Allen,3.5,Mid,Upto 10th,Semi-Urban,Medium,No,no
ST7214,65.67,59.49,82.77,ICSE,75.76,2,No Coaching,4.7,Mid,Upto 10th,Urban,Low,No,no
ST7215,65.42,66.22,82.65,State,83.93,2,No Coaching,2,Low,Upto 10th,Urban,Low,No,yes
ST7216,75.72,75.02,62.8,ICSE,69.8,2,FIITJEE,3.9,Mid,Upto 10th,Rural,Medium,Yes,no
ST7217,65.89,56.54,63.55,State,85.22,1,Allen,5.4,High,Graduate,Urban,Medium,Yes,no
ST7218,71.07,90.88,67.13,State,75.6,2,Allen,5.7,Mid,Graduate,Rural,Medium,Yes,no
ST7219,100,48.17,68.62,CBSE,73.37,2,Allen,3.7,Low,Graduate,Urban,High,Yes,no
ST7220,68.54,38.17,69.53,State,82.56,2,FIITJEE,10,Low,Upto 10th,Semi-Urban,High,Yes,yes
ST7221,66.98,83.71,74.7,State,69.68,2,Allen,4.2,Low,12th,Urban,Low,No,yes
ST7222,62.93,29.61,65.93,ICSE,72.13,2,No Coaching,1.1,Low,Graduate,Rural,Low,Yes,yes
ST7223,82.42,62.73,79.32,CBSE,81.7,1,Local,6.9,High,PG,Urban,Low,No,no
ST7224,69.46,100,73.35,State,74.69,2,FIITJEE,5.7,Low,Graduate,Urban,High,Yes,no
ST7225,62.91,65.81,60.72,ICSE,94.09,2,FIITJEE,5,High,Upto 10th,Semi-Urban,Low,Yes,no
ST7226,90.5,48.07,84.02,CBSE,81.94,1,Allen,3.6,Low,Upto 10th,Urban,Medium,No,yes
ST7227,91.87,65.08,51.7,State,81.29,1,Local,5.3,Low,Upto 10th,Semi-Urban,Medium,No,no
ST7228,63.59,65.19,66.89,ICSE,74.5,1,Local,7.7,High,Graduate,Rural,High,No,no
ST7229,45.87,68.57,79.6,CBSE,83.75,2,Local,4.9,Mid,12th,Urban,Medium,No,no
ST7230,86.11,76.6,59.32,CBSE,71.77,2,No Coaching,1.6,High,Upto 10th,Rural,Medium,Yes,no
ST7231,62.42,49.37,71.71,CBSE,77.82,1,Local,0,Mid,PG,Urban,Low,Yes,no
ST7232,83.07,93,74.52,CBSE,65.84,2,Allen,5.3,High,Upto 10th,Semi-Urban,Medium,Yes,no
ST7233,44.42,69.92,57.67,State,85.39,2,No Coaching,2.5,Mid,12th,Urban,Medium,Yes,no
ST7234,84.5,77.63,67.13,State,77.91,2,Local,4.3,Low,12th,Semi-Urban,High,Yes,no
ST7235,55.04,55.95,66.12,CBSE,94.83,2,Allen,2.9,Mid,12th,Rural,Medium,Yes,no
ST7236,82.23,86.58,61.38,CBSE,98.92,2,No Coaching,2.7,Mid,Upto 10th,Rural,Medium,Yes,no
ST7237,72.2,61.89,95.62,State,82.63,1,No Coaching,3,Low,PG,Semi-Urban,Low,No,yes
ST7238,58.64,70.44,58.84,ICSE,75.68,1,Local,3.2,Low,PG,Urban,Low,Yes,yes
ST7239,66.3,51.07,80.06,CBSE,65.54,1,No Coaching,6.1,Mid,Upto 10th,Semi-Urban,Low,No,no
ST7240,81.61,50.05,63.29,State,84.05,2,FIITJEE,5.6,Mid,Graduate,Semi-Urban,High,No,no
ST7241,73.48,77.01,54.96,State,77.1,1,Allen,2.1,High,Graduate,Semi-Urban,Low,No,no
ST7242,80.18,58.9,69.23,ICSE,80.38,2,Local,2.4,Low,PG,Semi-Urban,Medium,Yes,yes
ST7243,99.67,52.34,75.79,State,92.3,1,Allen,5.3,Low,Graduate,Rural,High,No,no
ST7244,50.1,55.71,79.05,CBSE,66.76,1,Allen,6.6,Low,Graduate,Semi-Urban,Medium,Yes,yes
ST7245,94.64,77.18,86.75,State,65.76,1,FIITJEE,6.6,High,PG,Semi-Urban,Medium,No,no
ST7246,73.46,55.94,100,CBSE,72.64,1,No Coaching,2.5,High,Graduate,Rural,Low,No,no
ST7247,59.42,64.12,71.01,State,83.21,2,FIITJEE,6.5,Mid,Graduate,Rural,High,No,no
ST7248,53.38,66.24,60.04,CBSE,80.55,1,FIITJEE,0.9,High,Upto 10th,Rural,High,No,yes
ST7249,69.35,35.32,73.43,CBSE,66.04,1,No Coaching,4.1,High,Graduate,Urban,Low,Yes,no
ST7250,84.9,42.46,64.81,State,82.57,1,Local,5.5,High,PG,Urban,High,No,no
ST7251,70.21,71.38,79.11,CBSE,62.99,2,Allen,0.3,Low,Upto 10th,Rural,Medium,Yes,no
ST7252,93.16,54.21,52.43,State,66.62,1,Local,8.7,Mid,PG,Semi-Urban,High,No,no
ST7253,51.68,82.91,96.42,State,73.85,1,Local,7.2,High,Upto 10th,Semi-Urban,Medium,No,no
ST7254,71.83,81.47,78.27,State,69.47,1,FIITJEE,5.8,High,PG,Rural,High,Yes,no
ST7255,54.47,77.51,47.79,CBSE,83.9,1,No Coaching,2.6,High,12th,Rural,High,No,no
ST7256,77.09,95.12,59.49,State,77.86,1,No Coaching,4.4,Low,Upto 10th,Urban,Low,No,yes
ST7257,84.42,64.67,77.79,ICSE,92.66,2,Allen,6.1,Mid,Upto 10th,Rural,Low,No,no
ST7258,66.11,76.38,82.12,CBSE,72.53,1,No Coaching,2.3,Mid,Upto 10th,Urban,High,Yes,no
ST7259,35.54,56.65,52.73,ICSE,73.78,2,Local,4.1,High,PG,Rural,Medium,Yes,no
ST7260,74.79,100,76.56,ICSE,87.1,2,No Coaching,6.3,Mid,12th,Semi-Urban,Low,Yes,no
ST7261,78.11,97.74,44.63,ICSE,74.09,1,No Coaching,1.5,Low,Upto 10th,Rural,Low,No,no
ST7262,77.66,66.19,66.93,ICSE,89.94,1,Local,5.2,High,12th,Semi-Urban,Low,No,no
ST7263,89.3,72.19,81.34,State,80.41,2,Allen,1,Mid,Graduate,Rural,High,Yes,yes
ST7264,57.01,87.75,61.38,ICSE,51.47,1,Allen,2.6,High,Upto 10th,Urban,Medium,No,no
ST7265,81.52,63.65,49.92,CBSE,86.78,1,Local,3.5,Low,Graduate,Rural,Medium,Yes,yes
ST7266,88.7,55.49,69.75,ICSE,84.13,2,No Coaching,5.5,High,Upto 10th,Semi-Urban,High,Yes,no
ST7267,47.1,79.98,60.74,ICSE,84.51,1,No Coaching,3.1,Low,12th,Semi-Urban,Medium,No,yes
ST7268,76.48,67.26,75.55,ICSE,55.89,2,Allen,4.8,High,Graduate,Semi-Urban,Low,Yes,no
ST7269,64.94,68.93,57.38,State,68.37,2,Allen,3.1,High,PG,Rural,Medium,No,no
ST7270,70.86,52.65,58.73,ICSE,69.11,1,Allen,3.4,Mid,Upto 10th,Urban,Low,No,no
ST7271,76.87,38.52,43.75,ICSE,66.59,1,FIITJEE,7,Mid,Upto 10th,Urban,Low,Yes,no
ST7272,65.18,69.78,70.04,ICSE,92.42,2,Allen,2.2,Low,12th,Urban,High,Yes,no
ST7273,62.54,80.48,66.07,CBSE,74.88,2,No Coaching,6,Low,PG,Semi-Urban,Low,Yes,yes
ST7274,72.48,62.39,53.74,State,74.63,1,Allen,4.5,Low,Upto 10th,Semi-Urban,Medium,No,no
ST7275,56.78,88.98,70.33,State,80.52,2,No Coaching,3.3,Mid,Graduate,Urban,Medium,Yes,no
ST7276,56.8,54.74,80.32,State,80.69,2,No Coaching,2.1,High,PG,Urban,Medium,No,no
ST7277,81.51,49.12,65.41,CBSE,50,1,No Coaching,2.2,Low,PG,Rural,Medium,Yes,yes
ST7278,55.92,64.92,71.22,ICSE,68.54,1,Allen,3,High,12th,Rural,Medium,Yes,no
ST7279,81.33,64.68,71.28,CBSE,60.87,2,Allen,4.2,High,Graduate,Rural,Low,Yes,no
ST7280,78.48,78.32,53.55,State,79,1,Local,5.7,Mid,Graduate,Urban,High,Yes,no
ST7281,47.84,53.6,92.68,State,72.11,2,Allen,3.9,Mid,Upto 10th,Urban,High,No,no
ST7282,62.51,87.89,62.35,State,75.15,2,Allen,4,High,Upto 10th,Urban,Medium,No,no
ST7283,88.72,97.47,75.87,CBSE,54.21,1,Allen,4.3,Low,PG,Semi-Urban,Low,Yes,yes
ST7284,58.26,65.37,77.23,State,71.9,2,FIITJEE,5.5,Mid,PG,Urban,High,Yes,no
ST7285,65.5,86,66.32,ICSE,86.15,2,Allen,5.8,High,12th,Rural,Medium,Yes,no
ST7286,78.47,49.1,75.28,CBSE,89.09,2,FIITJEE,1.7,Mid,PG,Rural,Low,Yes,no
ST7287,82.97,83.2,70.95,ICSE,82.19,1,No Coaching,3.9,High,12th,Semi-Urban,High,Yes,no
ST7288,68.48,82.76,50.99,State,61.65,1,No Coaching,7,Mid,12th,Rural,Low,Yes,no
ST7289,63.63,79.81,64.01,State,87.59,2,No Coaching,1.9,Low,Graduate,Rural,Medium,Yes,yes
ST7290,91.91,65.75,60.65,CBSE,82.24,2,No Coaching,4.6,Low,Graduate,Semi-Urban,Low,Yes,no
ST7291,96.34,18.73,62.46,ICSE,73.83,2,FIITJEE,4.2,Mid,PG,Rural,High,Yes,no
ST7292,85.7,55.73,52.35,CBSE,54.75,1,FIITJEE,3.4,Mid,PG,Semi-Urban,High,Yes,no
ST7293,73.19,55.99,81.52,ICSE,84.54,2,No Coaching,7.7,Mid,Graduate,Rural,Low,No,no
ST7294,60.68,50.35,87.22,State,69.08,1,Allen,4.6,Low,PG,Semi-Urban,High,Yes,yes
ST7295,60.37,67.96,79.74,CBSE,78.46,2,No Coaching,7.5,Mid,Graduate,Semi-Urban,Low,Yes,no
ST7296,79.32,59.3,83.25,CBSE,75.68,2,No Coaching,4.5,Low,Upto 10th,Urban,Low,Yes,no
ST7297,77.86,52.81,63.86,ICSE,90.38,1,FIITJEE,5.4,Mid,PG,Semi-Urban,Medium,Yes,no
ST7298,91.62,49.06,60.36,State,73.75,1,No Coaching,3.3,Mid,12th,Rural,Medium,No,no
ST7299,81.11,54.55,58.66,State,74.85,1,FIITJEE,3.4,High,Upto 10th,Urban,Low,No,no
ST7300,50.96,83.94,75.73,ICSE,90.79,2,Local,5.3,Low,Upto 10th,Urban,High,No,no
ST7301,86.73,55.42,70.72,ICSE,68.42,2,FIITJEE,5.4,Mid,PG,Urban,Medium,No,no
ST7302,58.03,57.76,67.07,ICSE,83.14,1,No Coaching,5.7,Low,Graduate,Semi-Urban,High,No,no
ST7303,66.62,58.69,83.54,ICSE,73.01,1,Allen,5.3,High,12th,Semi-Urban,Low,No,no
ST7304,75.5,71.42,72.86,ICSE,64.97,2,FIITJEE,1.8,Low,Graduate,Urban,High,No,yes
ST7305,99.94,73.3,57.94,State,75.01,2,FIITJEE,2.9,Low,PG,Semi-Urban,High,Yes,no
ST7306,100,17.29,59.83,State,81.92,1,FIITJEE,6.2,Low,Graduate,Rural,Low,Yes,no
ST7307,80.49,82.35,76.18,CBSE,88.54,2,No Coaching,0.6,Low,PG,Rural,Medium,No,no
ST7308,69.44,88.98,80.5,State,89.75,1,No Coaching,5.1,Low,PG,Rural,Medium,Yes,yes
ST7309,79.48,49.2,74.62,ICSE,72.05,2,FIITJEE,4.3,Low,12th,Semi-Urban,High,Yes,yes
ST7310,84.43,50.44,90.76,State,65.13,1,Allen,6.2,Low,PG,Rural,Low,No,yes
ST7311,67.51,58.8,87.62,State,71.81,2,No Coaching,5.3,Mid,12th,Rural,Low,No,no
ST7312,97.13,53.9,73.29,State,63.18,2,Allen,3.2,Mid,Upto 10th,Semi-Urban,Medium,Yes,no
ST7313,75.22,69.58,57.94,CBSE,72.83,2,Local,3.1,Low,Graduate,Semi-Urban,Low,No,no
ST7314,78.97,34.86,52.28,CBSE,71.58,1,Allen,3.5,Low,PG,Rural,Low,No,no
ST7315,81.32,48.11,63.35,ICSE,82.27,1,No Coaching,5.7,Mid,Graduate,Urban,High,Yes,no
ST7316,77.9,90.63,77.04,ICSE,52.94,1,FIITJEE,0,High,Graduate,Urban,High,No,yes
ST7317,83.75,51.15,89.92,CBSE,67.66,2,Local,4.8,Mid,12th,Semi-Urban,Medium,No,no
ST7318,63.36,85.89,73.01,State,67.74,2,Allen,2.7,High,Graduate,Semi-Urban,Medium,No,no
ST7319,64.18,71.69,82.02,State,86.87,1,FIITJEE,4.9,Low,Graduate,Semi-Urban,High,Yes,yes
ST7320,56.6,37.05,65.06,CBSE,63.86,2,Local,5.2,Low,Graduate,Urban,Low,Yes,no
ST7321,78.15,76.17,75.47,ICSE,77.27,1,Allen,1.2,Mid,PG,Rural,Low,No,no
ST7322,82.91,64.12,77.88,State,73.72,2,FIITJEE,4,Mid,Graduate,Urban,High,No,no
ST7323,78.41,58.71,44.24,ICSE,85.43,2,Local,4.8,Mid,Upto 10th,Semi-Urban,High,Yes,no
ST7324,95.44,69.92,63.04,State,80.96,2,No Coaching,4.7,Low,12th,Urban,High,No,no
ST7325,71.92,73.59,79.4,ICSE,76.21,1,Allen,4.3,Mid,Upto 10th,Semi-Urban,High,Yes,no
ST7326,81.36,77.32,71.29,State,69.45,1,Allen,2.1,Mid,12th,Rural,Low,Yes,no
ST7327,56.72,84.85,53.64,ICSE,56.48,1,Local,2.4,High,Graduate,Semi-Urban,Low,Yes,no
ST7328,66.58,72.53,38.84,ICSE,77.47,2,Allen,1.7,Low,12th,Rural,Medium,Yes,yes
ST7329,81.74,43.99,63.61,ICSE,80.3,2,FIITJEE,5.6,Low,PG,Rural,High,Yes,yes
ST7330,83.89,58.42,67.14,CBSE,59.25,2,Allen,4.3,Low,PG,Urban,Medium,Yes,no
ST7331,67.88,100,57.39,ICSE,62.66,2,Allen,4.4,Mid,Upto 10th,Semi-Urban,Low,Yes,no
ST7332,71,77.59,69.72,CBSE,77.52,1,FIITJEE,1.1,Low,PG,Urban,Medium,Yes,no
ST7333,50.75,100,74.08,CBSE,78.39,1,FIITJEE,4.4,Mid,Graduate,Semi-Urban,Low,Yes,no
ST7334,67,88.33,76.05,ICSE,65.09,2,No Coaching,5.8,High,Upto 10th,Semi-Urban,Low,No,no
ST7335,84.47,69.87,39.73,CBSE,69.26,1,FIITJEE,0.8,Low,Upto 10th,Semi-Urban,Medium,No,no
ST7336,80.05,70.82,52.23,CBSE,56.64,2,Allen,3.4,High,Upto 10th,Urban,Medium,Yes,no
ST7337,79.01,65.41,64.34,CBSE,88.77,2,Local,1.4,High,PG,Urban,High,No,yes
ST7338,72.7,38.2,74.87,State,62,1,Allen,3.7,Low,12th,Semi-Urban,Low,No,no
ST7339,72.1,66.29,73.87,ICSE,80.42,1,No Coaching,2.7,Low,PG,Urban,High,Yes,no
ST7340,62.76,85.37,73.66,CBSE,74.65,1,Local,5.3,Mid,Upto 10th,Semi-Urban,High,Yes,no
ST7341,81.78,56.41,63.4,ICSE,87.9,2,No Coaching,4.8,High,12th,Urban,Low,Yes,no
ST7342,77.89,72.59,64.07,CBSE,67.08,2,Allen,7.1,High,Upto 10th,Urban,Medium,No,no
ST7343,78.89,79.63,59.26,ICSE,75.61,2,FIITJEE,4.4,Mid,Upto 10th,Rural,High,Yes,no
ST7344,64.64,51.45,77.22,CBSE,58.02,1,Local,5.2,Low,12th,Urban,High,Yes,yes
ST7345,41.85,58.78,56.95,State,55.61,1,Allen,3.4,High,12th,Semi-Urban,Low,No,no
ST7346,87.36,49.71,78.2,State,80.96,1,Local,2.3,Mid,Upto 10th,Urban,Medium,No,no
ST7347,65.3,52.85,70.49,State,57.15,1,No Coaching,6.2,High,Upto 10th,Urban,Medium,No,no
ST7348,59.92,45.4,67.46,CBSE,72.72,1,Allen,7,High,PG,Semi-Urban,High,Yes,no
ST7349,81.71,51.59,60.12,ICSE,85.11,1,Local,5.9,Mid,PG,Urban,Low,No,no
ST7350,66.51,88.71,51.73,CBSE,82.47,1,Allen,4.8,High,PG,Rural,High,Yes,no
ST7351,86.84,51.35,60.23,State,68.35,2,Allen,2.6,Mid,Graduate,Rural,Medium,No,no
ST7352,80.64,68.02,64.04,CBSE,59.11,1,No Coaching,6.8,Mid,Upto 10th,Rural,High,No,no
ST7353,81.57,57.95,39.57,ICSE,80.09,1,No Coaching,5.7,High,PG,Rural,Low,No,no
ST7354,52.88,84.86,65.63,State,88.42,2,No Coaching,8.5,High,Upto 10th,Semi-Urban,High,No,no
ST7355,88.97,86.98,79.09,CBSE,68.38,2,FIITJEE,2.2,Low,Graduate,Semi-Urban,Medium,Yes,yes
ST7356,75.66,79.83,74.81,ICSE,66.97,1,Local,6.2,Low,PG,Rural,Low,No,no
ST7357,66.83,70.9,62.05,State,69.75,2,No Coaching,5.6,High,PG,Semi-Urban,Low,Yes,no
ST7358,74.01,62.3,68.56,ICSE,80.72,1,FIITJEE,3.8,Low,Upto 10th,Urban,Low,Yes,no
ST7359,47.13,46.93,61.33,ICSE,87.29,1,FIITJEE,7.2,Low,Upto 10th,Urban,Low,Yes,yes
ST7360,77.72,97.1,69.79,State,62.6,1,Local,5.3,Mid,12th,Urban,Low,Yes,no
ST7361,57.59,53.85,86.48,CBSE,60.02,2,Local,2.6,High,12th,Rural,High,Yes,no
ST7362,53.06,76.62,79.62,CBSE,98.4,2,No Coaching,4.3,Low,PG,Rural,Low,Yes,no
ST7363,50.69,82.95,74.25,CBSE,73.23,1,FIITJEE,2.6,Low,12th,Semi-Urban,Medium,No,no
ST7364,87.58,57.12,62.09,CBSE,77.53,2,Local,3.6,Low,PG,Semi-Urban,Low,Yes,yes
ST7365,63.19,82.61,77,ICSE,68.08,1,Local,5.9,High,Upto 10th,Semi-Urban,Medium,No,no
ST7366,93.47,78.23,47.76,CBSE,79.9,1,Local,6.5,Mid,12th,Rural,Medium,No,no
ST7367,64.5,93.65,64.97,CBSE,84.6,2,Local,4.9,High,PG,Semi-Urban,Medium,Yes,no
ST7368,48.1,58.49,75,ICSE,78,2,FIITJEE,3,Mid,Upto 10th,Urban,Medium,No,no
ST7369,56.37,45.43,76.89,ICSE,92.41,2,Allen,5.3,Low,PG,Urban,Medium,Yes,yes
ST7370,89.3,57.91,76.04,State,71.73,1,Local,5.9,High,Graduate,Urban,High,No,no
ST7371,69.82,69.34,71.54,ICSE,72.37,2,FIITJEE,0.6,Mid,12th,Rural,Medium,Yes,no
ST7372,64.32,66.93,65.65,State,77.31,2,Local,4.7,Low,Graduate,Semi-Urban,Medium,Yes,yes
ST7373,74.24,59.7,74.46,State,79.65,2,FIITJEE,4.1,Low,Upto 10th,Semi-Urban,Medium,No,no
ST7374,79.02,35.45,56.57,CBSE,77.28,1,No Coaching,6.4,High,PG,Rural,High,Yes,no
ST7375,87.64,73.53,57.86,CBSE,62.16,1,Allen,5.3,Mid,PG,Rural,Low,Yes,no
ST7376,92.28,97.56,68.74,CBSE,78.13,1,FIITJEE,5.5,Low,Upto 10th,Urban,Medium,No,yes
ST7377,66.96,73.43,70.08,ICSE,71.26,1,FIITJEE,3.5,Low,Graduate,Rural,High,Yes,no
ST7378,53.44,75.75,46.09,ICSE,69.19,1,FIITJEE,4.5,Low,PG,Urban,High,No,no
ST7379,66.21,75.16,73.46,CBSE,75.32,2,Local,6.4,Mid,Graduate,Urban,High,Yes,no
ST7380,75.64,72.35,77.27,CBSE,65.38,2,No Coaching,4.4,Mid,Graduate,Semi-Urban,Low,No,no
ST7381,58.51,80.91,67.07,ICSE,63.65,1,Local,4.8,Low,Graduate,Urban,High,Yes,yes
ST7382,58.6,72.33,96.49,State,50,2,No Coaching,1.4,Mid,12th,Semi-Urban,Medium,No,no
ST7383,76.81,61,59.8,State,92.47,1,Allen,4.4,Low,Graduate,Urban,Medium,Yes,yes
ST7384,71.32,53.26,63.67,CBSE,80.56,1,Local,0.5,Low,12th,Semi-Urban,Medium,Yes,no
ST7385,72.46,62.02,63.26,CBSE,73.83,1,FIITJEE,3.5,Mid,Graduate,Rural,Low,Yes,no
ST7386,61.38,71.03,67.09,CBSE,68.33,1,Allen,4.6,Mid,Graduate,Semi-Urban,High,No,no
ST7387,68.77,60.94,64.06,State,50,1,Local,6,High,12th,Rural,Medium,Yes,no
ST7388,59.06,71.03,51.12,CBSE,67.71,1,No Coaching,2.5,High,PG,Semi-Urban,Medium,Yes,no
ST7389,84.46,73.03,61.44,State,82.16,2,Local,5.2,Mid,PG,Rural,Medium,No,no
ST7390,86.49,79.33,66.83,ICSE,84.42,2,Local,7.4,Mid,Upto 10th,Rural,Low,No,no
ST7391,46.15,86.52,82.74,ICSE,81.42,2,FIITJEE,3.2,Mid,Upto 10th,Rural,Medium,Yes,no
ST7392,58.99,67.25,94.43,ICSE,76.58,2,FIITJEE,1.4,Mid,PG,Urban,High,No,yes
ST7393,51.05,45.08,84.03,CBSE,88.04,2,Allen,5.1,Low,Upto 10th,Rural,High,Yes,no
ST7394,62.9,60.48,58.7,ICSE,71.71,2,FIITJEE,2.1,Low,PG,Semi-Urban,Low,No,yes
ST7395,70.83,66.71,59.65,State,85.85,1,Local,2.9,High,Upto 10th,Rural,Low,No,no
ST7396,51.7,36.63,66.09,State,71.15,1,Local,6.3,Mid,PG,Rural,Low,No,no
ST7397,59.09,88.22,89.41,State,66.19,1,No Coaching,8.3,High,12th,Semi-Urban,High,Yes,no
ST7398,57.94,68.28,66.01,CBSE,64.94,1,Local,2.5,Mid,Upto 10th,Rural,Low,Yes,no
ST7399,74.9,72.1,52.07,CBSE,64.36,2,Allen,3,Mid,12th,Semi-Urban,Low,Yes,no
ST7400,72.97,87.85,61.99,State,81.59,1,Allen,3.6,Mid,12th,Rural,High,Yes,no
ST7401,61.9,55.92,77.08,State,67.57,2,FIITJEE,3.4,Low,12th,Semi-Urban,Medium,No,yes
ST7402,74.48,75.18,76.28,State,64.67,2,No Coaching,8.4,High,12th,Semi-Urban,Low,Yes,no
ST7403,64.35,64.24,65.6,State,82.14,2,Local,3.4,Mid,12th,Rural,Medium,Yes,no
ST7404,68.2,63.05,76.2,ICSE,78.28,2,FIITJEE,3.7,High,Graduate,Rural,Medium,Yes,no
ST7405,95.43,53.64,40.72,State,84.63,2,Local,7.7,High,12th,Rural,Medium,No,no
ST7406,90.77,92.65,69.25,CBSE,80.13,2,Allen,5.7,Low,Upto 10th,Rural,Medium,No,yes
ST7407,53.81,59.99,78.33,CBSE,67.47,1,Allen,6.5,Low,12th,Rural,Low,Yes,yes
ST7408,83.62,77.19,58.01,CBSE,75.76,1,No Coaching,2.7,Mid,Upto 10th,Rural,Low,No,no
ST7409,83.36,36,57.96,CBSE,76.25,1,Local,3.4,High,12th,Urban,Low,No,no
ST7410,55.92,84.88,45.6,CBSE,65.81,1,Local,2.4,Low,Upto 10th,Rural,High,No,no
ST7411,83.46,82.84,87.08,State,63.95,1,Allen,6.1,High,12th,Urban,High,No,no
ST7412,93.53,67.56,59.36,State,68.19,1,No Coaching,7,High,PG,Urban,Medium,No,no
ST7413,56.28,62.37,70.89,ICSE,95.37,1,FIITJEE,3.3,Mid,Graduate,Urban,High,Yes,no
ST7414,59.15,72.4,75.25,ICSE,70.87,2,No Coaching,3.8,High,Upto 10th,Rural,Medium,No,no
ST7415,86.25,100,86.14,ICSE,87.33,2,FIITJEE,3.9,Low,Upto 10th,Semi-Urban,Medium,No,no
ST7416,75.8,37.79,66.15,State,70.31,1,FIITJEE,1.4,Mid,12th,Semi-Urban,Low,No,no
ST7417,79.72,78.51,61.53,ICSE,83.89,1,Allen,3.2,Mid,Upto 10th,Semi-Urban,Low,Yes,no
ST7418,76.77,51.41,70.08,State,84.02,2,FIITJEE,6,Mid,12th,Rural,High,No,no
ST7419,77.47,65.68,83.41,CBSE,84.53,1,Local,2.7,Low,Graduate,Semi-Urban,Low,No,yes
ST7420,53.43,62.03,65.96,State,78.88,2,Allen,4.7,Mid,PG,Semi-Urban,High,No,no
ST7421,86.66,59.15,56.54,State,88.77,1,No Coaching,1.9,High,PG,Rural,Low,No,no
ST7422,88.37,65.83,49.51,CBSE,78.78,2,No Coaching,4.2,Mid,Graduate,Rural,Low,Yes,no
ST7423,68.79,47.85,53.34,CBSE,92.14,2,FIITJEE,3.4,Low,12th,Urban,High,Yes,yes
ST7424,71.39,82.47,78.37,CBSE,58.8,1,Local,2.1,Low,12th,Rural,Medium,Yes,yes
ST7425,50.56,37.29,64.15,ICSE,78.48,1,No Coaching,6.1,Mid,Graduate,Semi-Urban,High,Yes,no
ST7426,79.2,74.64,60.71,ICSE,77.83,2,FIITJEE,6.2,High,Upto 10th,Rural,Low,No,no
ST7427,80.01,60.78,59.41,ICSE,65.63,1,No Coaching,2.6,Low,Upto 10th,Rural,Medium,Yes,yes
ST7428,71.13,47.27,69.02,CBSE,80.8,1,Local,4.1,Low,Upto 10th,Semi-Urban,Low,Yes,yes
ST7429,87.74,69.24,65.13,ICSE,60.1,2,FIITJEE,4.6,Low,Graduate,Semi-Urban,Low,Yes,yes
ST7430,67.32,41.09,64.72,CBSE,68.46,2,Local,0.9,Mid,PG,Rural,Low,No,no
ST7431,79.9,66.64,84.19,CBSE,55.01,1,FIITJEE,1.7,Low,PG,Rural,Medium,Yes,no
ST7432,57.72,43.23,86.46,CBSE,90.59,1,Local,7.1,Low,PG,Rural,Low,No,yes
ST7433,71.67,73.38,48.68,ICSE,72.68,2,No Coaching,2.4,Low,12th,Semi-Urban,High,No,yes
ST7434,69.56,51.21,71.93,ICSE,96.67,2,No Coaching,7,Mid,Graduate,Urban,High,No,no
ST7435,75.15,58.78,58.68,CBSE,83.03,2,Local,1.8,Low,Upto 10th,Rural,High,Yes,yes
ST7436,66.83,70.7,65.02,ICSE,79.48,1,No Coaching,5.8,Low,PG,Rural,Medium,Yes,yes
ST7437,70.16,53.64,71.71,State,69.14,2,No Coaching,3.9,Mid,PG,Rural,High,Yes,no
ST7438,83.56,65.07,65.45,ICSE,64.54,1,FIITJEE,4.2,Mid,PG,Urban,Low,Yes,no
ST7439,65.89,41.78,70.77,CBSE,80.23,2,Local,8.2,High,12th,Rural,Medium,No,no
ST7440,49.51,76.09,76.08,CBSE,74.28,1,FIITJEE,2,Low,12th,Urban,Low,Yes,yes
ST7441,96.49,94.24,71.53,CBSE,61.61,1,No Coaching,5.7,Mid,Upto 10th,Rural,Low,Yes,no
ST7442,91.34,100,60.24,State,59.83,2,No Coaching,5.6,High,PG,Semi-Urban,Low,Yes,no
ST7443,53.91,67.46,60.45,CBSE,65.41,1,Allen,10,Low,PG,Urban,High,No,yes
ST7444,81.66,78.61,50.72,CBSE,93.21,2,Local,2.3,Mid,PG,Semi-Urban,High,No,no
ST7445,64.96,37.51,57.75,ICSE,97.13,1,Local,3.2,Mid,12th,Rural,Medium,No,no
ST7446,75.69,90.04,91.54,State,77.05,1,FIITJEE,6.1,Low,Upto 10th,Semi-Urban,Medium,No,no
ST7447,76.12,78.42,58.5,ICSE,76.49,1,Local,4.1,Low,Graduate,Urban,High,Yes,no
ST7448,68.72,58.26,53.68,CBSE,71.64,2,FIITJEE,3.6,High,12th,Rural,High,No,no
ST7449,61.03,85.79,71.84,CBSE,65.66,2,No Coaching,6.4,Low,PG,Semi-Urban,Low,No,yes
ST7450,62.33,61.93,66.68,State,88.75,1,Allen,4,Low,Upto 10th,Urban,High,Yes,yes
ST7451,59.17,58.67,65.65,CBSE,93.74,2,No Coaching,2.7,Low,Upto 10th,Urban,Low,Yes,no
ST7452,60.35,73.61,84.91,State,66.07,1,FIITJEE,6,Mid,Graduate,Urban,High,Yes,no
ST7453,71.06,48.99,74.59,ICSE,74.17,2,FIITJEE,5.3,High,PG,Semi-Urban,Low,No,no
ST7454,61.98,82.35,61.64,State,70.5,2,Allen,3.9,High,12th,Urban,High,No,no
ST7455,81.55,49.1,62.91,ICSE,70.8,1,No Coaching,3.8,High,12th,Rural,High,Yes,no
ST7456,92.82,49.2,61.97,CBSE,86.86,1,Local,2.7,Mid,12th,Rural,Medium,No,no
ST7457,63.88,51.44,78.5,ICSE,61.88,1,Allen,6,Low,PG,Urban,Medium,Yes,no
ST7458,75.35,78.15,64.3,ICSE,79.66,2,Local,3.8,Mid,PG,Urban,Low,Yes,no
ST7459,79,56.13,46.48,ICSE,82.28,1,No Coaching,3,High,PG,Rural,Medium,No,no
ST7460,78.61,44.43,67.42,State,73.58,1,Allen,1.9,Low,12th,Rural,Medium,Yes,no
ST7461,73.06,56.31,49.56,ICSE,83.93,2,No Coaching,5.3,Low,PG,Urban,High,Yes,no
ST7462,82.4,65.49,94.21,State,76.48,2,No Coaching,3.5,High,PG,Rural,Low,No,no
ST7463,78.75,47.1,56.41,State,87.17,1,Local,0.5,Low,PG,Urban,Medium,No,no
ST7464,54.67,47.57,66.06,State,59.78,1,Local,2.1,Mid,Graduate,Semi-Urban,Medium,No,no
ST7465,84.17,99.78,71.1,CBSE,71.51,2,Local,4,High,Graduate,Urban,High,No,no
ST7466,84.42,52.23,64.54,CBSE,74.28,2,No Coaching,4.1,Mid,PG,Urban,High,Yes,no
ST7467,61.31,60.83,64.52,CBSE,50,2,FIITJEE,4,Low,PG,Semi-Urban,High,No,yes
ST7468,72.53,60.12,73.06,State,64.14,2,No Coaching,3.7,High,12th,Urban,Low,No,no
ST7469,81.57,59.26,86.31,CBSE,66.86,1,FIITJEE,1.5,Low,Upto 10th,Urban,High,Yes,yes
ST7470,69.07,75.94,77.21,ICSE,84.48,1,Allen,2.8,High,PG,Semi-Urban,Low,Yes,no
ST7471,87.02,81.17,85.74,State,67.93,2,Local,6.9,High,12th,Rural,High,Yes,no
ST7472,100,61.1,55.44,CBSE,66.82,1,Local,6.6,High,12th,Rural,Medium,Yes,no
ST7473,61,46.22,71.81,State,83.17,1,No Coaching,5.7,High,Upto 10th,Rural,Low,No,no
ST7474,52.67,86.39,69.86,CBSE,58.82,1,FIITJEE,5.5,High,12th,Rural,High,No,no
ST7475,76.25,64.47,72.21,ICSE,54.29,2,Allen,6.3,Low,Upto 10th,Rural,High,No,yes
ST7476,82.1,93.69,84.51,State,71.38,1,No Coaching,2.3,High,PG,Semi-Urban,Medium,Yes,no
ST7477,68.77,30.07,65.35,CBSE,60.52,2,Allen,4.6,Mid,Graduate,Semi-Urban,Medium,Yes,no
ST7478,92.35,69.13,63.13,CBSE,60.9,1,FIITJEE,2.3,High,Upto 10th,Urban,Medium,Yes,no
ST7479,53.26,96.7,74.41,ICSE,80.73,2,Local,2.3,Mid,PG,Rural,High,Yes,no
ST7480,81.7,60.35,46.66,ICSE,83.76,2,Local,5.2,Low,PG,Semi-Urban,Medium,Yes,yes
ST7481,63.52,62.39,65.16,CBSE,82.89,2,FIITJEE,6.4,High,Graduate,Semi-Urban,Medium,No,no
ST7482,96.07,70.73,66.39,CBSE,86.09,1,Local,4.1,High,12th,Rural,Low,No,no
ST7483,99.9,57.06,56.96,State,87.41,1,No Coaching,7.8,Mid,Upto 10th,Semi-Urban,Low,Yes,no
ST7484,61.27,61.01,80.68,State,53.71,1,FIITJEE,4.9,High,Upto 10th,Urban,Low,Yes,no
ST7485,64.31,60.59,55.25,CBSE,79.5,1,Local,2.9,Low,12th,Urban,High,No,yes
ST7486,84.03,55.96,66.37,ICSE,69.7,1,FIITJEE,2.3,Low,Graduate,Rural,Low,No,yes
ST7487,66.58,85.66,71.52,State,67.53,2,Allen,6.5,High,Upto 10th,Rural,High,No,no
ST7488,71.36,73.38,84.24,CBSE,80.6,1,No Coaching,4.8,Mid,Upto 10th,Rural,Medium,Yes,no
ST7489,72.36,70.01,67.87,ICSE,57.7,1,No Coaching,5.9,Low,12th,Urban,High,Yes,yes
ST7490,45.12,78.94,79.23,ICSE,57.49,1,No Coaching,0,High,PG,Semi-Urban,High,Yes,yes
ST7491,71.81,61.77,76.41,CBSE,81.34,1,Local,5,Mid,Graduate,Urban,Medium,No,no
ST7492,62.34,53.61,69.48,CBSE,79.88,2,Allen,3.5,Mid,PG,Rural,Low,No,no
ST7493,65.1,56.36,54.93,State,76.37,2,Local,1.7,Low,PG,Semi-Urban,Low,No,no
ST7494,92.21,66.03,50.79,CBSE,66.2,2,Local,4.4,High,12th,Urban,Low,Yes,no
ST7495,54.41,49.05,69.28,State,82.44,2,FIITJEE,6.7,Low,Upto 10th,Rural,Medium,No,no
ST7496,83.38,58,61.49,ICSE,81.8,1,No Coaching,9,Mid,12th,Rural,High,Yes,no
ST7497,68.09,57.74,79.03,State,75.85,2,Local,5,Low,PG,Semi-Urban,Medium,Yes,yes
ST7498,68.08,99.99,76.95,CBSE,63.23,1,No Coaching,3.1,High,12th,Urban,Medium,Yes,no
ST7499,83.07,21.62,65.78,State,70.75,2,Allen,3,Low,Graduate,Semi-Urban,Medium,Yes,no
ST7500,76.76,63.13,54.11,ICSE,83.38,2,Allen,6.4,Mid,PG,Semi-Urban,Medium,No,no
ST7501,79.99,93.61,74.13,ICSE,88.27,1,No Coaching,2.5,Low,PG,Urban,High,Yes,yes
ST7502,85.55,67.95,55.78,CBSE,71.73,1,No Coaching,5.7,Mid,Graduate,Urban,Low,No,no
ST7503,67.36,78.05,58.9,State,72.5,2,Allen,5.1,Mid,12th,Urban,Low,Yes,no
ST7504,63.43,67.6,56.25,CBSE,73.38,1,Allen,4.9,Mid,12th,Semi-Urban,Medium,No,no
ST7505,56.81,55.32,66.34,CBSE,77.75,1,Local,1.4,Low,12th,Semi-Urban,High,No,yes
ST7506,60.44,30.13,82.04,ICSE,69.19,1,Allen,3.8,High,Upto 10th,Urban,Medium,Yes,no
ST7507,100,69.29,67.94,State,50,2,Local,1.6,Mid,PG,Urban,High,Yes,yes
ST7508,89.43,53.59,62.68,CBSE,86.93,2,Allen,3.3,Low,Graduate,Semi-Urban,Medium,Yes,yes
ST7509,53.08,53.19,49.69,ICSE,92.95,2,Local,6.3,Mid,PG,Urban,Low,No,no
ST7510,53.49,58.02,74.63,CBSE,68.88,2,FIITJEE,7,Low,Upto 10th,Rural,Low,No,yes
ST7511,78.75,93.92,58.64,State,64.33,1,FIITJEE,4.9,Mid,PG,Urban,Medium,Yes,no
ST7512,79.66,100,69.41,CBSE,73.63,1,Local,3.4,Low,Graduate,Rural,Low,Yes,yes
ST7513,79.68,69.48,63.75,State,73.12,1,No Coaching,7.7,Mid,Graduate,Rural,Medium,No,no
ST7514,68.43,58.56,78.06,ICSE,84.96,1,FIITJEE,3.3,Mid,PG,Semi-Urban,High,Yes,no
ST7515,70.24,47.16,66.11,ICSE,75.55,2,Allen,2.2,Mid,Upto 10th,Semi-Urban,High,Yes,no
ST7516,76.59,73.5,67.29,CBSE,67.07,1,No Coaching,5.9,High,PG,Semi-Urban,High,Yes,no
ST7517,73.2,94.53,73.83,ICSE,61.82,2,Allen,5.4,Low,Upto 10th,Urban,High,Yes,no
ST7518,40.93,62.04,93.28,CBSE,83.66,2,FIITJEE,3.4,High,12th,Semi-Urban,Medium,No,no
ST7519,68.78,27.94,78.66,CBSE,81,2,Allen,4.7,Low,Graduate,Urban,Low,No,no
ST7520,60.08,76.72,66.94,State,85.61,1,Local,5.4,Mid,PG,Semi-Urban,High,Yes,no
ST7521,74.45,81.77,68.04,CBSE,65.32,1,No Coaching,4.9,Low,Graduate,Rural,Low,Yes,yes
ST7522,100,40.63,61.7,State,93.38,2,FIITJEE,5.4,Low,Graduate,Semi-Urban,Medium,No,no
ST7523,77.14,68.82,56.6,CBSE,57.56,2,No Coaching,3.5,Mid,PG,Rural,Low,Yes,no
ST7524,67.61,73.22,61.37,State,82.1,1,Local,5.6,Mid,12th,Urban,Low,Yes,no
ST7525,84.91,64.83,58.73,ICSE,55.9,2,FIITJEE,4.5,Mid,Graduate,Semi-Urban,Low,No,no
ST7526,78.76,53.35,75.84,CBSE,67.1,1,Allen,3.6,Low,Graduate,Semi-Urban,Medium,No,no
ST7527,77.88,82.25,55.15,State,90.61,2,No Coaching,4,Mid,Upto 10th,Rural,Medium,No,no
ST7528,80.5,59.55,84,CBSE,83.31,2,FIITJEE,4.3,Mid,Upto 10th,Semi-Urban,Medium,No,no
ST7529,100,42.24,77.02,State,69.54,1,FIITJEE,1.6,Low,12th,Urban,Low,No,yes
ST7530,56.17,33.21,68.25,State,69.81,1,Local,3.2,High,PG,Rural,High,No,no
ST7531,78.63,86.17,68,CBSE,76.01,2,FIITJEE,4.6,Low,Graduate,Urban,High,No,yes
ST7532,59.03,75.87,61.31,CBSE,80.14,2,FIITJEE,1.8,Low,12th,Urban,Low,Yes,no
ST7533,79.78,67.41,71.24,ICSE,87.52,1,Local,3.3,Low,PG,Rural,High,Yes,yes
ST7534,59.14,58.96,81.06,ICSE,70.44,2,Allen,9.3,Mid,Upto 10th,Urban,High,No,no
ST7535,66.16,57.54,59.56,ICSE,58.88,2,Allen,2.2,Low,Graduate,Semi-Urban,Low,Yes,no
ST7536,67.87,48.79,49.6,CBSE,76.57,2,FIITJEE,3.7,High,Graduate,Urban,Medium,No,no
ST7537,85.66,59.1,76.44,ICSE,70.43,2,Allen,2.8,Low,PG,Semi-Urban,High,No,no
ST7538,84.86,32.08,71.89,State,61.99,2,Local,4.3,Low,12th,Rural,Medium,No,yes
ST7539,54.56,54.22,54.56,CBSE,77.98,2,Allen,2.9,Mid,Graduate,Semi-Urban,High,Yes,no
ST7540,72.77,61.02,59.2,State,72.87,1,FIITJEE,4,Mid,Graduate,Urban,Low,No,no
ST7541,62.07,75.76,57.69,State,78.07,2,Local,3.1,High,Upto 10th,Semi-Urban,Low,No,no
ST7542,54.38,65.36,59.31,State,66.06,1,Allen,6.6,Low,12th,Urban,Medium,Yes,no
ST7543,68.96,78.72,64.12,CBSE,79.87,2,No Coaching,4.7,Low,Upto 10th,Semi-Urban,Medium,No,yes
ST7544,67.68,87.59,64.8,CBSE,61.83,2,No Coaching,2.5,Low,PG,Rural,Medium,Yes,no
ST7545,100,82.93,60.19,ICSE,66.72,1,Local,6.2,Low,PG,Rural,Medium,Yes,no
ST7546,78.06,73.53,58.9,ICSE,72.57,1,Allen,2.6,Low,12th,Semi-Urban,Low,No,yes
ST7547,52.71,66.19,65.25,ICSE,92.42,1,FIITJEE,1.4,Low,Upto 10th,Rural,Low,No,yes
ST7548,64.09,50.31,70.01,ICSE,82.85,1,No Coaching,4.5,Mid,PG,Semi-Urban,Low,Yes,no
ST7549,86.3,77.84,64.2,State,85.77,1,Allen,8.3,High,12th,Urban,Medium,No,no
ST7550,100,92.88,81.9,CBSE,89.17,2,Allen,0.8,Low,PG,Semi-Urban,Low,No,no
ST7551,49.8,71.47,74.1,ICSE,100,1,FIITJEE,1.8,Low,Graduate,Urban,Low,No,no
ST7552,45.68,96.68,48.91,State,75.42,1,FIITJEE,6,Mid,Graduate,Semi-Urban,High,Yes,no
ST7553,98.19,41.59,74.28,CBSE,89.2,1,Allen,3.2,Low,12th,Urban,High,No,no
ST7554,77.45,47.53,75.27,CBSE,85.13,2,FIITJEE,5.7,Mid,PG,Rural,High,No,no
ST7555,59.84,79.68,62.78,CBSE,84.96,2,Local,2.8,High,12th,Semi-Urban,Medium,No,no
ST7556,79.48,70.23,50.06,State,92.74,2,No Coaching,4.8,Low,12th,Rural,Medium,Yes,yes
ST7557,35.1,87.02,68.1,ICSE,70.81,1,No Coaching,8,High,12th,Rural,Low,No,no
ST7558,72.05,65.75,67.91,CBSE,70.01,2,Allen,2.1,Low,Graduate,Urban,Low,Yes,no
ST7559,76.59,52.11,54.54,State,78.2,2,Allen,6.5,High,12th,Rural,Medium,Yes,no
ST7560,84.94,62.58,50.59,CBSE,73.17,2,FIITJEE,5.9,High,Graduate,Urban,High,Yes,no
ST7561,57.81,41.48,66.95,State,78.19,2,No Coaching,1.5,Low,Graduate,Rural,Low,Yes,no
ST7562,73.2,47.94,65.2,ICSE,90.63,1,FIITJEE,5.6,High,PG,Rural,High,Yes,no
ST7563,59.04,81.56,62.99,ICSE,70.22,1,Allen,4.6,Mid,12th,Semi-Urban,Low,Yes,no
ST7564,75.58,79.96,67,CBSE,71.95,1,Allen,4.7,Mid,PG,Semi-Urban,High,Yes,no
ST7565,59.47,71.81,54.77,ICSE,76.74,1,Allen,5.2,High,Graduate,Urban,Low,Yes,no
ST7566,66.29,38.46,62.78,ICSE,72.72,1,Allen,3.8,High,12th,Rural,High,Yes,no
ST7567,58.06,60.27,74.4,State,55.86,1,Allen,4.6,Mid,Graduate,Rural,High,No,no
ST7568,81.12,46.4,63.8,State,69.2,1,Allen,5,Low,12th,Semi-Urban,Medium,Yes,yes
ST7569,84.02,84.82,47.94,CBSE,81.87,1,Local,6,Mid,12th,Urban,Low,Yes,no
ST7570,68.72,56.66,62.33,State,89.38,2,Local,1.4,High,Upto 10th,Semi-Urban,High,No,yes
ST7571,72.54,48.63,55.16,ICSE,63.45,2,FIITJEE,7.1,Mid,PG,Rural,Medium,No,no
ST7572,51.72,66.48,71.21,State,63.41,1,Local,2.2,Low,Upto 10th,Urban,Low,Yes,no
ST7573,67.8,55.76,71.83,ICSE,75.3,1,FIITJEE,6,Mid,12th,Rural,Medium,No,no
ST7574,71.3,89.74,48.09,CBSE,54.24,2,FIITJEE,4.7,Low,Upto 10th,Semi-Urban,High,No,no
ST7575,100,54.24,77.11,ICSE,70.55,2,Local,1.9,High,Graduate,Urban,Low,Yes,no
ST7576,56.43,43.61,54.65,State,57.64,2,No Coaching,5.6,Mid,12th,Semi-Urban,High,Yes,no
ST7577,92.5,31.55,86.71,State,88.69,1,FIITJEE,2.6,Mid,12th,Rural,High,Yes,no
ST7578,85.96,65.51,67.41,State,67.31,2,Allen,6.6,Low,12th,Rural,Medium,Yes,no
ST7579,75.93,57.01,53.04,State,91.53,1,FIITJEE,3.1,Mid,Upto 10th,Semi-Urban,High,Yes,no
ST7580,96.62,43.14,54.3,CBSE,86.14,2,FIITJEE,1.5,Mid,PG,Rural,Low,Yes,no
ST7581,77.21,85.03,72.18,ICSE,68.54,2,No Coaching,7.6,Low,PG,Semi-Urban,Medium,Yes,no
ST7582,77.45,76.68,63.3,State,64.28,1,Allen,4.9,Mid,PG,Semi-Urban,High,Yes,no
ST7583,71.26,65.55,66.84,ICSE,73.06,2,No Coaching,6.2,Low,Upto 10th,Urban,High,Yes,yes
ST7584,89.13,87.83,87.35,CBSE,73.95,1,No Coaching,2.8,High,Graduate,Rural,High,No,no
ST7585,87.35,76.6,59.61,ICSE,78.46,2,No Coaching,0.7,Mid,Upto 10th,Rural,Medium,No,no
ST7586,63.24,52.83,68.72,State,67.23,1,FIITJEE,7.9,Low,PG,Semi-Urban,Low,No,no
ST7587,53.53,49.37,85.04,ICSE,82.46,1,Allen,4.5,Low,Upto 10th,Urban,Medium,No,yes
ST7588,69.16,79.09,71.25,State,77.65,1,Allen,5.5,Mid,Graduate,Semi-Urban,High,No,no
ST7589,60.8,72.34,48.72,State,71.6,2,No Coaching,5.8,Low,12th,Rural,Medium,Yes,no
ST7590,71.11,68.72,74.06,CBSE,67.88,1,Local,3.8,High,12th,Urban,High,Yes,no
ST7591,89.32,52.46,54.04,CBSE,73.15,2,Allen,5,High,PG,Urban,Medium,Yes,no
ST7592,65.6,75.73,84.88,ICSE,66.83,2,Allen,7.7,Mid,PG,Semi-Urban,High,Yes,no
ST7593,71.4,53.91,58.13,ICSE,75.58,1,No Coaching,4.4,High,Graduate,Semi-Urban,Medium,No,no
ST7594,72.81,64.37,100,State,75.85,1,FIITJEE,6.4,Mid,Upto 10th,Urban,High,Yes,no
ST7595,83.88,89.15,85.61,State,77.62,2,No Coaching,0.5,Mid,Graduate,Rural,High,Yes,yes
ST7596,40.54,55.43,58.44,State,92.66,2,Local,6.7,Low,Graduate,Rural,Medium,No,no
ST7597,63.51,40.83,68.24,State,73.68,1,Local,1.5,Low,12th,Urban,Medium,Yes,yes
ST7598,74.96,49.16,77.04,CBSE,85.05,2,No Coaching,6.5,Low,Upto 10th,Semi-Urban,High,No,no
ST7599,88.8,81.91,77.4,State,77.3,1,Local,5.3,Low,12th,Semi-Urban,Low,Yes,yes
ST7600,65.11,70.08,73.31,CBSE,72.62,1,FIITJEE,4.3,Mid,12th,Rural,High,No,no
ST7601,45.73,63.94,83.03,ICSE,73.81,1,FIITJEE,4.3,Low,Graduate,Rural,High,No,yes
ST7602,80.68,57.85,66.52,ICSE,74.41,2,FIITJEE,4,Low,12th,Urban,Low,Yes,yes
ST7603,63.1,73.77,63.6,CBSE,77.8,2,Local,2.9,High,PG,Rural,High,Yes,no
ST7604,55.34,52.41,63.84,State,65.41,2,FIITJEE,4.1,Mid,PG,Rural,Medium,Yes,no
ST7605,63.26,70.89,78.3,ICSE,60.35,2,No Coaching,8.9,High,12th,Semi-Urban,Medium,Yes,no
ST7606,69.42,54.3,72.38,CBSE,81.54,1,FIITJEE,7.1,High,12th,Semi-Urban,Low,Yes,no
ST7607,63.53,51.64,71.5,ICSE,83.98,2,Local,2.8,High,Upto 10th,Rural,High,No,no
ST7608,41.12,55.8,77.54,State,82.46,1,Allen,5,Low,PG,Semi-Urban,Medium,No,yes
ST7609,84.56,59.99,43.39,CBSE,76.55,1,Local,4.7,Mid,Upto 10th,Semi-Urban,High,No,no
ST7610,89.85,65.22,71.72,ICSE,82.67,2,No Coaching,4.2,High,12th,Semi-Urban,Low,No,no
ST7611,81.12,69.77,70.62,State,82.13,2,No Coaching,2.5,High,PG,Rural,Medium,Yes,no
ST7612,56.07,6.99,88.03,CBSE,82.88,2,Local,5.4,Mid,Graduate,Semi-Urban,Low,No,no
ST7613,69.18,53.08,49.66,CBSE,66.4,1,FIITJEE,6.2,Low,Graduate,Rural,High,Yes,no
ST7614,71.91,59.73,86.69,CBSE,64.03,2,FIITJEE,2.8,High,12th,Rural,High,No,no
ST7615,80.38,90.08,68.9,CBSE,71.11,1,Allen,8.4,Mid,Upto 10th,Urban,High,Yes,no
ST7616,81.36,48.72,73.87,ICSE,74.83,1,FIITJEE,7.5,Low,Graduate,Urban,Low,Yes,no
ST7617,61.72,68.6,88.11,CBSE,72.58,2,No Coaching,5.6,Low,Graduate,Urban,Medium,Yes,no
ST7618,73.15,89.92,74.73,CBSE,56.23,2,FIITJEE,2,Low,PG,Rural,Low,Yes,no
ST7619,78.4,44.99,72.8,CBSE,92.22,2,Local,5.3,Low,Upto 10th,Urban,Medium,No,no
ST7620,92.38,72.3,70.91,CBSE,72.26,1,Local,5.1,Low,Upto 10th,Semi-Urban,High,No,yes
ST7621,81.86,53.16,62.2,CBSE,76.73,1,Allen,5.5,Mid,Graduate,Urban,High,No,no
ST7622,83.05,57.93,67.66,State,87.45,2,No Coaching,7.7,Low,12th,Rural,Low,No,yes
ST7623,73.17,53.15,59.41,ICSE,51.55,2,Local,4.1,High,Graduate,Semi-Urban,Medium,No,no
ST7624,91.75,54.29,67.47,State,69.88,1,No Coaching,8.6,Mid,Upto 10th,Semi-Urban,High,No,no
ST7625,77.74,100,39.97,ICSE,71.13,2,FIITJEE,5.3,High,PG,Semi-Urban,High,Yes,no
ST7626,59.94,79.51,73.15,CBSE,71.64,2,Allen,3.9,High,Upto 10th,Urban,Low,No,no
ST7627,91.65,83.63,66.54,ICSE,73.27,1,Allen,9.3,Low,PG,Urban,Low,Yes,no
ST7628,81.77,73.87,63.97,CBSE,89.47,1,FIITJEE,6.2,Low,PG,Urban,Medium,Yes,yes
ST7629,65.8,40.3,70.64,CBSE,81.73,2,Local,3.6,Mid,PG,Urban,High,Yes,no
ST7630,65.29,72.32,50.8,State,84.58,1,No Coaching,4.7,Mid,Upto 10th,Semi-Urban,Medium,No,no
ST7631,76.15,83.17,91.15,State,75.47,2,No Coaching,5.8,High,Upto 10th,Rural,Medium,Yes,no
ST7632,78.48,52.35,66.77,State,61.01,1,No Coaching,4.2,Low,12th,Urban,Medium,No,no
ST7633,74.76,81.45,66.25,ICSE,54.2,1,Local,4.8,Low,Graduate,Rural,Low,No,yes
ST7634,76.36,77.27,56.42,ICSE,59.71,1,FIITJEE,2.9,High,Upto 10th,Semi-Urban,Medium,No,no
ST7635,95.8,95.63,68.29,State,78.6,1,No Coaching,1.1,Low,PG,Rural,Medium,Yes,yes
ST7636,87,59.32,84.64,State,75.32,2,Local,4.7,Mid,Upto 10th,Rural,Medium,Yes,no
ST7637,74.67,48.44,80.43,CBSE,72.9,1,No Coaching,4.8,High,Upto 10th,Urban,Low,No,no
ST7638,85.18,60.21,78.25,ICSE,71.31,2,Local,5.6,Low,Graduate,Urban,Low,No,yes
ST7639,57.54,88.97,74.56,CBSE,95.12,1,FIITJEE,3.3,High,Upto 10th,Semi-Urban,High,Yes,no
ST7640,77.57,36.75,63.7,ICSE,66.77,2,No Coaching,1.8,Low,PG,Urban,Low,No,no
ST7641,97.33,32.91,50.6,State,84.28,1,FIITJEE,2.6,Low,Graduate,Rural,Low,No,yes
ST7642,68.95,67.43,65.59,ICSE,75.02,1,Allen,6.6,Low,12th,Rural,Medium,Yes,yes
ST7643,60.13,58.92,65.17,ICSE,74.39,2,Local,3.2,Mid,PG,Rural,High,No,no
ST7644,62.87,66.12,80.59,CBSE,86.77,1,Allen,3.6,High,PG,Rural,Low,No,no
ST7645,56.75,81.12,71.71,State,89.63,2,FIITJEE,3.9,Mid,Upto 10th,Urban,High,No,no
ST7646,61.01,57.16,87.35,State,72.6,2,FIITJEE,3.3,Mid,12th,Semi-Urban,Medium,No,no
ST7647,66.81,36.03,82.37,State,82.99,1,FIITJEE,3.1,High,Graduate,Urban,Low,No,no
ST7648,52.32,98.71,62.52,CBSE,78.64,1,No Coaching,2.8,High,12th,Rural,Medium,No,no
ST7649,72.22,50.04,46.46,CBSE,75.07,2,No Coaching,7.3,Low,Upto 10th,Semi-Urban,Medium,No,yes
ST7650,84.63,49.06,84.63,CBSE,77.04,1,FIITJEE,5.9,Low,12th,Semi-Urban,High,Yes,no
ST7651,59.29,83.66,84.31,ICSE,68.12,1,FIITJEE,7,High,PG,Rural,Low,Yes,no
ST7652,93.27,59.85,51.61,ICSE,71.94,2,No Coaching,7.4,Low,PG,Rural,High,No,no
ST7653,79.15,64.99,86.11,CBSE,69.19,1,No Coaching,0,Low,12th,Urban,Medium,Yes,no
ST7654,86.43,73.72,72.59,CBSE,84.01,1,Local,5.2,High,12th,Semi-Urban,Low,No,no
ST7655,62.79,83.34,69.93,State,74.05,1,FIITJEE,3.3,Mid,PG,Semi-Urban,Medium,No,no
ST7656,83.96,60.66,87.38,ICSE,62.02,1,No Coaching,6.7,High,12th,Urban,High,Yes,no
ST7657,56.71,90.32,84.14,ICSE,67.77,1,No Coaching,3,High,PG,Rural,High,Yes,no
ST7658,84.46,31.83,75.82,State,50,2,Allen,2.4,Mid,12th,Semi-Urban,Medium,No,no
ST7659,74.41,78.16,73.68,State,70.06,1,FIITJEE,1.6,Low,Graduate,Urban,High,Yes,yes
ST7660,79.75,52.57,75.4,State,75.38,1,FIITJEE,3.9,Mid,Graduate,Semi-Urban,High,Yes,no
ST7661,55.54,87.96,63.2,CBSE,73.64,2,No Coaching,6.3,Mid,Upto 10th,Urban,Medium,Yes,no
ST7662,59.47,68.27,67.34,CBSE,94.8,1,Allen,5,High,PG,Semi-Urban,Low,No,no
ST7663,80.36,55.23,57.17,CBSE,80.75,2,Local,2.1,Low,Graduate,Rural,Low,No,yes
ST7664,58.72,76.61,64,CBSE,80.3,2,FIITJEE,8.8,Low,PG,Rural,Low,Yes,yes
ST7665,78.48,80.29,63.6,CBSE,58.57,1,Local,5.8,Mid,Graduate,Semi-Urban,Medium,No,no
ST7666,52.86,76.27,60.38,ICSE,71.35,1,FIITJEE,6.1,High,Upto 10th,Semi-Urban,Medium,No,no
ST7667,83.87,49.52,69.64,ICSE,70.13,2,No Coaching,7.1,Mid,PG,Semi-Urban,High,Yes,no
ST7668,54.74,58.26,64.11,ICSE,67.14,1,Local,1.2,Low,Graduate,Urban,Low,No,no
ST7669,79.73,65.93,74.03,State,67,2,FIITJEE,2.7,Low,PG,Rural,High,Yes,no
ST7670,80.76,65.34,48.53,ICSE,56.92,1,Local,6.1,High,Upto 10th,Urban,Medium,Yes,no
ST7671,62.25,78,66.64,State,62.24,1,No Coaching,2.9,High,Upto 10th,Rural,Low,Yes,no
ST7672,80.15,33.76,69.58,ICSE,83.74,2,Allen,3.9,Mid,Graduate,Rural,Medium,No,no
ST7673,75.65,71.35,64.27,CBSE,73.57,2,Allen,4.3,High,12th,Urban,High,No,no
ST7674,64.46,61.36,65.93,ICSE,69.94,2,Local,1.9,Mid,Upto 10th,Rural,High,No,yes
ST7675,57.88,52.58,48.98,CBSE,74.95,2,Local,3.8,High,12th,Rural,Medium,No,no
ST7676,44.52,54.12,72.28,CBSE,86.67,2,Local,6.3,Mid,Upto 10th,Semi-Urban,Medium,No,no
ST7677,76.9,62.57,75.77,ICSE,75.04,2,FIITJEE,6,Low,Graduate,Urban,Low,Yes,yes
ST7678,50.09,8.38,73.92,ICSE,80.4,2,No Coaching,6.7,Low,12th,Urban,Medium,Yes,no
ST7679,73.33,54.78,80.46,CBSE,66.53,2,Local,6.5,Low,PG,Rural,High,No,no
ST7680,68.31,51.99,70.42,State,68.81,2,Allen,5.3,Low,Upto 10th,Urban,High,No,yes
ST7681,81.51,74.52,73.74,State,78.54,2,FIITJEE,5.2,Low,Graduate,Rural,Medium,No,yes
ST7682,67.77,53.11,69.87,ICSE,93.93,1,Local,5,Low,PG,Rural,Medium,Yes,yes
ST7683,67.39,62.56,76.25,CBSE,89.3,1,FIITJEE,3.2,High,12th,Urban,Low,No,no
ST7684,82.25,90.68,49.07,State,80.83,2,Local,2.4,High,Graduate,Rural,High,No,no
ST7685,76.69,81.91,57.28,ICSE,76.51,1,Local,3.1,High,PG,Semi-Urban,High,No,no
ST7686,76.43,80.44,87.04,ICSE,89.01,2,FIITJEE,3.8,Mid,Graduate,Urban,High,No,no
ST7687,78.57,58,38.47,CBSE,82.95,1,No Coaching,3.2,High,12th,Urban,Medium,Yes,no
ST7688,50.5,74.69,66.32,State,52.06,1,No Coaching,5.3,High,PG,Rural,High,No,no
ST7689,82.6,62.26,82.07,ICSE,64.46,1,Allen,4.9,Mid,Upto 10th,Urban,Medium,No,no
ST7690,80.57,62.86,66.88,State,78.38,1,No Coaching,5.1,Mid,Upto 10th,Urban,Low,No,no
ST7691,57.77,72.55,63.14,ICSE,57.13,1,No Coaching,5.2,Low,Graduate,Semi-Urban,Medium,Yes,yes
ST7692,68.58,56.45,69.55,ICSE,66.02,2,FIITJEE,6.9,High,Upto 10th,Semi-Urban,Low,No,no
ST7693,71.45,89.89,63.76,State,68,1,FIITJEE,4.5,High,12th,Urban,Low,Yes,no
ST7694,70.12,63.44,68.37,State,72.44,1,Allen,6.5,Mid,12th,Rural,Medium,No,no
ST7695,76.67,75.89,59.8,CBSE,72.13,2,Local,5.5,Low,PG,Semi-Urban,Low,No,yes
ST7696,92.04,89.29,81.3,CBSE,72.11,1,FIITJEE,6.8,High,PG,Semi-Urban,Medium,No,no
ST7697,87.14,82.51,85.08,CBSE,83.25,1,FIITJEE,7.7,Mid,PG,Semi-Urban,High,No,no
ST7698,53.63,43.46,66.4,CBSE,72.35,1,FIITJEE,5.7,Mid,Graduate,Rural,Medium,No,no
ST7699,80.71,73.12,51.36,State,71.15,1,No Coaching,4.7,High,Graduate,Urban,Low,Yes,no
ST7700,90.61,79.61,61.71,CBSE,61.51,1,FIITJEE,4.7,Mid,12th,Urban,Low,No,no
ST7701,77.42,80.27,65.79,State,85.24,1,Allen,3.6,Mid,12th,Semi-Urban,High,Yes,no
ST7702,87.27,48.19,74.07,ICSE,68.29,1,Allen,3.5,High,Graduate,Urban,Medium,No,no
ST7703,100,55.49,55.9,State,64.13,2,FIITJEE,6.3,Low,PG,Semi-Urban,High,No,no
ST7704,86.33,81.91,58.77,CBSE,77.13,2,Local,2.6,High,Graduate,Semi-Urban,Low,No,no
ST7705,75.49,53.81,74.13,State,67.33,2,FIITJEE,7.7,Low,PG,Rural,Medium,No,no
ST7706,86.63,61.2,79.27,State,69.74,1,Allen,4.2,Mid,12th,Rural,Low,No,no
ST7707,74.03,91.21,60.54,State,77.58,1,Local,10,High,PG,Semi-Urban,Medium,No,no
ST7708,72.33,65.24,52,State,71.74,2,No Coaching,3.1,High,Graduate,Rural,High,Yes,no
ST7709,67.08,54.37,100,State,98.12,2,FIITJEE,5,Low,Upto 10th,Rural,High,No,no
ST7710,93.89,51.96,77.4,CBSE,74.25,2,Allen,3.8,Mid,12th,Rural,Low,No,no
ST7711,60.54,71.32,64.8,State,81.18,1,No Coaching,2.9,High,12th,Urban,High,Yes,no
ST7712,93.45,44.67,78.43,CBSE,55.58,2,Allen,6.6,High,Graduate,Urban,High,No,no
ST7713,79,62.04,66.51,ICSE,66.39,1,No Coaching,2.3,Mid,Graduate,Rural,Low,No,no
ST7714,52.41,71.33,78.41,State,64.13,2,Allen,3.1,Low,12th,Urban,Low,No,yes
ST7715,77.15,86.79,69.91,ICSE,65.46,2,Allen,5.7,High,Graduate,Semi-Urban,Low,Yes,no
ST7716,42.6,76.68,69.1,CBSE,79.16,1,No Coaching,6,Mid,PG,Semi-Urban,Medium,Yes,no
ST7717,80.76,54.57,66.64,State,85.36,1,FIITJEE,1.7,High,PG,Rural,Low,No,no
ST7718,84.39,84.85,50.63,ICSE,78.45,1,Allen,5.7,High,PG,Rural,Medium,No,no
ST7719,63.71,61.21,91.26,CBSE,72.73,1,Local,4.8,High,Upto 10th,Urban,Low,No,no
ST7720,73.73,46.23,56.7,ICSE,68.69,1,FIITJEE,2.7,Low,Graduate,Rural,Medium,No,yes
ST7721,99.36,63.25,51.68,State,86.14,1,Local,2.9,Mid,PG,Rural,Low,Yes,no
ST7722,64.92,89.01,65.45,State,95.71,2,Allen,0.4,High,12th,Semi-Urban,Medium,No,no
ST7723,57.18,68.64,56.46,State,76.35,1,No Coaching,7.9,High,PG,Semi-Urban,High,Yes,no
ST7724,92.74,66.2,67.38,CBSE,84.39,1,FIITJEE,6.5,High,PG,Urban,Low,Yes,no
ST7725,99.48,92.2,76.25,ICSE,78.43,1,No Coaching,1.9,Low,Graduate,Urban,Low,Yes,yes
ST7726,72.05,43.1,79.94,CBSE,82.56,2,No Coaching,6.1,High,12th,Urban,Medium,Yes,no
ST7727,86.16,45.43,77.78,ICSE,63.35,2,Local,3.4,Mid,Upto 10th,Rural,High,Yes,no
ST7728,90.78,40.15,64.33,CBSE,70.12,1,Local,6.3,Low,12th,Rural,High,No,no
ST7729,61.61,71.96,68.6,State,78.95,1,FIITJEE,3.5,Mid,PG,Rural,Medium,No,no
ST7730,65.21,68.66,72.89,ICSE,87.12,1,FIITJEE,3.8,High,Upto 10th,Rural,Low,No,no
ST7731,89.23,90.68,46.91,ICSE,66.82,1,FIITJEE,3.9,High,Upto 10th,Semi-Urban,High,No,no
ST7732,95.59,69.9,74.85,ICSE,54.67,1,Local,3.2,Low,Upto 10th,Urban,Low,Yes,no
ST7733,79.88,59.53,50.51,CBSE,70.02,1,Local,7.3,High,Upto 10th,Urban,Medium,No,no
ST7734,59.68,66.03,92.48,State,85.1,2,No Coaching,6.3,Mid,Upto 10th,Semi-Urban,Low,No,no
ST7735,99.82,67.88,63.15,ICSE,59.16,1,No Coaching,4.7,Mid,Graduate,Semi-Urban,High,No,no
ST7736,64.57,39.25,65.78,CBSE,63.23,1,No Coaching,6.5,Mid,PG,Rural,Medium,Yes,no
ST7737,67.31,100,58.76,ICSE,76.56,1,FIITJEE,1.2,High,Upto 10th,Urban,High,No,yes
ST7738,76.79,74.32,60.44,State,73.84,1,Allen,2,High,PG,Urban,Low,No,no
ST7739,93.76,69.36,95.29,ICSE,80.94,2,Local,5.4,Low,Graduate,Semi-Urban,Low,No,no
ST7740,83.96,75.84,79.28,State,62.71,1,FIITJEE,6,Low,Graduate,Urban,Medium,Yes,yes
ST7741,77.81,77.35,49.41,CBSE,71.75,2,Local,5.1,Mid,Graduate,Semi-Urban,High,Yes,no
ST7742,78.49,63.75,86.05,CBSE,86.95,1,Allen,0.7,Mid,12th,Urban,High,No,yes
ST7743,72.61,55.9,82.32,State,63.07,1,Local,2.4,Low,12th,Semi-Urban,High,No,no
ST7744,79.81,75.59,64.63,State,89.77,1,Local,5.3,Low,Upto 10th,Rural,Medium,No,yes
ST7745,36.59,72.17,71.68,CBSE,64.33,2,Local,9.4,Mid,Graduate,Urban,Low,Yes,no
ST7746,67.85,53.04,67.82,State,83.49,2,No Coaching,6.9,Low,12th,Rural,Low,No,yes
ST7747,75.38,88.7,91.67,State,71.27,1,Allen,7.7,High,Graduate,Semi-Urban,Low,Yes,no
ST7748,55.89,70.69,58.44,ICSE,63.55,1,FIITJEE,5.2,High,12th,Urban,High,No,no
ST7749,77.41,77.68,69.75,CBSE,70.03,1,FIITJEE,5.2,Low,Graduate,Urban,Medium,Yes,yes
ST7750,69.14,88.27,62.86,CBSE,80.45,1,FIITJEE,2.4,Low,12th,Rural,High,No,no
ST7751,96.58,66.35,50.8,State,74.93,1,Allen,6.4,High,PG,Rural,Medium,Yes,no
ST7752,94.02,71.07,94.3,State,86.18,1,Local,4.4,High,Upto 10th,Semi-Urban,High,Yes,no
ST7753,65.48,78.96,53.82,State,89.36,1,FIITJEE,5.9,Mid,Upto 10th,Rural,Medium,Yes,no
ST7754,69.89,54.4,70.64,CBSE,63.17,2,Allen,4.6,Low,PG,Urban,High,No,no
ST7755,70.96,66.86,47.11,ICSE,62.44,2,No Coaching,5.1,High,Upto 10th,Urban,High,Yes,no
ST7756,65.68,68.01,63.21,CBSE,61.95,1,Allen,4.3,Low,Graduate,Urban,Medium,No,no
ST7757,74.73,50.7,73.06,ICSE,66.01,1,No Coaching,4.9,High,Upto 10th,Urban,Low,No,no
ST7758,61.38,100,58.1,State,86.04,1,Allen,6.5,High,Upto 10th,Rural,Low,Yes,no
ST7759,56.17,43.48,75.04,CBSE,80.6,1,No Coaching,2,Low,12th,Rural,Medium,Yes,yes
ST7760,80.72,45.23,64.77,ICSE,69.55,1,FIITJEE,1.5,Mid,12th,Semi-Urban,Medium,Yes,no
ST7761,80.81,87.03,81.92,CBSE,74.89,1,Allen,5.4,High,PG,Rural,Low,No,no
ST7762,60.74,77.41,84.34,ICSE,89.04,2,No Coaching,7.4,Low,12th,Semi-Urban,High,No,yes
ST7763,84.53,49.58,60.96,ICSE,94.08,2,Local,7.9,High,PG,Rural,Low,Yes,no
ST7764,63.16,75.72,68.92,CBSE,77.59,2,FIITJEE,2.1,Low,Upto 10th,Rural,Medium,No,no
ST7765,75.54,89.49,70.2,State,50,1,FIITJEE,3.7,Low,12th,Urban,High,Yes,yes
ST7766,83.48,65.52,75.43,CBSE,77.97,2,No Coaching,1.5,High,12th,Rural,Medium,Yes,no
ST7767,71.53,100,68.17,State,84.35,1,No Coaching,3.4,Mid,Upto 10th,Semi-Urban,Low,No,no
ST7768,78.37,38.42,70.28,ICSE,77.25,2,Allen,6.7,High,12th,Urban,High,Yes,no
ST7769,64.77,77.1,65.08,ICSE,82.27,1,No Coaching,4.5,High,Graduate,Rural,Low,Yes,no
ST7770,69.25,84.66,69.38,CBSE,78.57,2,No Coaching,3.8,Mid,12th,Urban,Low,No,no
ST7771,69.12,80.26,83.58,CBSE,62.65,1,Local,5.6,Mid,Graduate,Urban,Low,No,no
ST7772,61.55,62.73,75.75,State,66.14,2,FIITJEE,2.9,Low,PG,Urban,High,Yes,no
ST7773,69.53,61.35,76.42,State,71.79,2,No Coaching,7.7,Low,12th,Semi-Urban,Low,No,no
ST7774,50.32,73.11,76.68,CBSE,85.65,2,No Coaching,4.5,Mid,12th,Semi-Urban,High,Yes,no
ST7775,65.12,79.05,66.15,State,67.34,1,Local,3.7,Mid,Graduate,Rural,Low,No,no
ST7776,68.01,75.64,71.83,State,79.56,1,No Coaching,5.7,High,Upto 10th,Urban,Low,Yes,no
ST7777,68.41,82.64,54.98,CBSE,78.04,1,Local,6.4,Mid,PG,Rural,Medium,No,no
ST7778,68.62,49.7,83.23,CBSE,90.86,1,FIITJEE,7.7,High,PG,Semi-Urban,Low,No,no
ST7779,71.14,62.36,34.6,ICSE,74.58,1,FIITJEE,4.1,High,Graduate,Urban,High,No,no
ST7780,78.71,50.96,66.95,ICSE,57.45,2,Local,6.7,High,Upto 10th,Semi-Urban,Medium,Yes,no
ST7781,84.24,59.82,81.69,CBSE,81.47,1,Local,4.7,Mid,12th,Urban,High,No,no
ST7782,62.9,82.24,51.63,ICSE,96.38,1,FIITJEE,3.3,Mid,Upto 10th,Urban,Low,Yes,no
ST7783,55.16,67.73,72.8,State,82.12,1,FIITJEE,2.9,High,Upto 10th,Urban,Medium,Yes,no
ST7784,57.41,100,59.83,CBSE,67.12,2,Local,2.3,Mid,Graduate,Rural,Medium,Yes,no
ST7785,65.18,69.09,63.57,ICSE,64.18,2,Allen,3,Low,Upto 10th,Semi-Urban,Medium,Yes,no
ST7786,67.07,66.96,79.35,CBSE,65.47,2,FIITJEE,6.7,Low,Upto 10th,Semi-Urban,High,No,yes
ST7787,61.22,67.7,70.38,ICSE,95.03,1,FIITJEE,5.9,High,Graduate,Semi-Urban,Medium,Yes,no
ST7788,53.85,55.8,43.59,CBSE,71.73,1,Local,2,Mid,Upto 10th,Urban,Medium,No,no
ST7789,65.61,65.07,56.28,State,68.37,2,Local,1,Low,Upto 10th,Rural,High,Yes,yes
ST7790,74.54,84.04,79.7,ICSE,73.42,1,Local,2.3,High,PG,Rural,High,No,no
ST7791,80.33,67.82,73.39,CBSE,71.83,1,Allen,2.9,Low,Graduate,Rural,High,No,yes
ST7792,64.2,53.3,88.98,State,90.68,1,Local,3.9,High,Graduate,Rural,Low,Yes,no
ST7793,66.22,51.2,88.19,ICSE,64.86,1,Allen,6.8,High,Graduate,Urban,High,No,no
ST7794,59.03,58.8,63.89,ICSE,86.81,1,Local,3.4,High,Upto 10th,Urban,High,Yes,no
ST7795,71.56,67.18,98.04,CBSE,76.22,2,Local,7.9,Low,PG,Rural,Medium,No,yes
ST7796,60.12,85.1,68.29,State,87.07,2,Allen,1.1,High,PG,Rural,Low,Yes,no
ST7797,80.02,44.55,56.45,CBSE,90.83,2,No Coaching,3.8,High,12th,Semi-Urban,Medium,Yes,no
ST7798,47,60.88,60.4,ICSE,75.85,1,FIITJEE,6.1,Low,Graduate,Urban,High,Yes,yes
ST7799,66.97,68.31,40.92,CBSE,71.85,2,Local,6.2,High,PG,Rural,High,No,no
ST7800,76.22,36.66,87.28,CBSE,75.66,1,No Coaching,3.8,Low,PG,Urban,Medium,No,yes
ST7801,74.57,52.66,87.14,State,74.05,2,Allen,6.5,High,PG,Semi-Urban,Low,No,no
ST7802,100,55.12,55.81,State,58.43,1,Local,6.1,Mid,Graduate,Rural,Low,No,no
ST7803,76.9,53.26,65.27,ICSE,90.52,1,Allen,3.1,Mid,Upto 10th,Urban,Medium,Yes,no
ST7804,57.94,69.07,69.15,State,77.46,2,Allen,5.1,Low,12th,Urban,High,No,yes
ST7805,70.66,63.43,56.48,CBSE,63.37,2,Allen,5.9,High,12th,Urban,Low,No,no
ST7806,47.13,57.12,46.94,ICSE,54.32,2,No Coaching,3.3,Low,Upto 10th,Urban,Low,No,no
ST7807,70.87,72.85,65.48,State,51.72,1,Allen,7.9,High,Graduate,Urban,Medium,No,no
ST7808,60.34,93.57,64.15,CBSE,82.7,2,FIITJEE,2.8,Low,PG,Urban,Low,Yes,yes
ST7809,84.82,92.23,63.34,CBSE,68.81,2,Local,4.8,Mid,Upto 10th,Semi-Urban,High,No,no
ST7810,64.31,35.24,70.67,ICSE,70.45,2,Local,2,Low,12th,Urban,Medium,No,no
ST7811,70.37,75.23,85.15,ICSE,79.88,2,FIITJEE,4.7,Mid,Graduate,Semi-Urban,Low,Yes,no
ST7812,63.1,63.15,64.36,State,69.84,1,Local,2.4,Mid,PG,Semi-Urban,High,No,no
ST7813,96.34,68.48,70.05,State,80.47,1,FIITJEE,3.9,Mid,12th,Urban,High,Yes,no
ST7814,67.5,59.63,76.72,State,75.95,1,No Coaching,1.3,Low,12th,Rural,Medium,No,no
ST7815,97.66,67.88,74.65,State,74.16,2,Allen,6.1,Low,12th,Urban,Medium,No,yes
ST7816,83.4,68.42,60.63,ICSE,59.27,2,No Coaching,5.2,Mid,PG,Semi-Urban,High,No,no
ST7817,78.75,56.74,69.16,CBSE,66.8,2,FIITJEE,6.7,Low,12th,Urban,High,Yes,no
ST7818,77.16,51.66,74.57,CBSE,81.03,1,Allen,3.8,High,Graduate,Urban,Low,Yes,no
ST7819,77.51,58.82,54.46,State,68.18,2,No Coaching,6.8,Mid,Graduate,Urban,Low,Yes,no
ST7820,45.01,69.75,83.16,ICSE,87.05,1,Allen,4.6,High,PG,Semi-Urban,Low,No,no
ST7821,68.1,75.58,85.18,State,98.46,2,Allen,4.7,Mid,Graduate,Semi-Urban,Low,No,no
ST7822,83.83,79.65,59.33,State,81.56,1,No Coaching,8.7,High,Upto 10th,Semi-Urban,Low,Yes,no
ST7823,71.32,58.09,70.32,ICSE,89.93,1,Local,3.5,Mid,Graduate,Rural,Medium,No,no
ST7824,52.33,70.54,75.71,CBSE,82.21,2,FIITJEE,7,Mid,12th,Rural,Low,Yes,no
ST7825,71.27,81.4,61.45,CBSE,69.66,2,No Coaching,5.5,Mid,12th,Rural,Low,Yes,no
ST7826,95.86,84.65,73.78,State,77,1,No Coaching,3.4,Low,Graduate,Rural,Low,No,no
ST7827,89.46,65.06,69.96,ICSE,95.13,1,Local,1.9,High,Graduate,Urban,High,No,yes
ST7828,71.13,62.47,50.38,CBSE,69.76,2,FIITJEE,2.4,Mid,PG,Rural,Low,Yes,no
ST7829,85.32,69.06,73.51,CBSE,64.61,1,No Coaching,6.8,Low,PG,Rural,Medium,Yes,yes
ST7830,66.87,47.6,54.8,ICSE,63.66,2,Allen,8,Mid,Upto 10th,Rural,High,No,no
ST7831,48.15,62.9,79.27,ICSE,72.82,2,FIITJEE,4.7,High,Graduate,Urban,High,No,no
ST7832,59.06,77.91,59.95,CBSE,64.97,1,Local,4.8,Mid,Upto 10th,Rural,Low,Yes,no
ST7833,93.88,76.27,66.06,State,91.74,1,No Coaching,6.1,Low,Graduate,Rural,High,No,no
ST7834,68.16,61.68,84.47,State,77.16,2,Allen,4.6,Mid,Upto 10th,Rural,Low,Yes,no
ST7835,68.59,69.48,73.96,CBSE,84.72,1,FIITJEE,6.7,Mid,Graduate,Semi-Urban,Low,No,no
ST7836,67.8,52.81,55.05,State,72.01,1,No Coaching,5.1,Mid,Graduate,Rural,Low,Yes,no
ST7837,98.66,77.26,55.82,State,63.6,2,FIITJEE,4.8,Mid,Graduate,Rural,Medium,No,no
ST7838,94.76,64.75,60.81,ICSE,61.91,1,Allen,3.1,Low,Upto 10th,Rural,High,No,no
ST7839,100,61.58,72.74,ICSE,65.92,1,Allen,2.6,Mid,12th,Urban,High,No,no
ST7840,69.77,60.21,72.3,ICSE,78.48,1,FIITJEE,0,High,PG,Rural,High,No,yes
ST7841,76.14,64.99,57.88,State,80.2,1,Allen,7,High,PG,Rural,High,No,no
ST7842,50.77,58.83,53.99,ICSE,81.03,2,Allen,4.2,Mid,Upto 10th,Semi-Urban,High,Yes,no
ST7843,92.68,76.53,71.38,ICSE,60.11,1,FIITJEE,3.7,Low,Graduate,Semi-Urban,Low,No,yes
ST7844,55.65,59.68,65.82,CBSE,75,1,FIITJEE,0.6,High,12th,Urban,Low,No,no
ST7845,75.03,91.49,93.89,ICSE,64.74,1,Local,3.2,Mid,Upto 10th,Urban,Low,Yes,no
ST7846,56.64,89.44,68.44,CBSE,79.01,1,No Coaching,3,Mid,Upto 10th,Rural,Medium,No,no
ST7847,63.76,51.74,89.77,State,79.79,2,Local,2.9,Low,PG,Semi-Urban,Medium,Yes,yes
ST7848,60.28,67.12,53.96,ICSE,63.28,2,Local,5.2,Mid,PG,Urban,Medium,No,no
ST7849,63.49,55.59,49.12,CBSE,84.68,2,Local,4.7,Low,12th,Urban,Medium,No,yes
ST7850,64.45,60.77,54.56,CBSE,98.39,1,Local,1.8,High,Graduate,Semi-Urban,High,Yes,yes
ST7851,64.32,98.04,82.27,CBSE,83.35,2,No Coaching,1.9,Mid,12th,Rural,Medium,Yes,no
ST7852,83.67,61.08,89.07,State,73.37,2,FIITJEE,1.9,Low,PG,Semi-Urban,High,No,yes
ST7853,56.53,71.76,58.61,ICSE,71.83,1,Allen,8.1,Mid,Graduate,Rural,High,No,no
ST7854,75.09,74.66,62.47,State,72.91,1,Allen,7.5,Mid,12th,Rural,High,Yes,no
ST7855,89.05,49.99,53.97,CBSE,67.39,2,FIITJEE,2.8,High,Upto 10th,Semi-Urban,Low,Yes,no
ST7856,64.82,52.32,46.26,State,77.52,2,FIITJEE,0.5,Mid,Upto 10th,Rural,Low,No,no
ST7857,61.95,46.7,76.62,State,63.62,1,FIITJEE,4.8,Low,Upto 10th,Urban,High,No,no
ST7858,68.77,51.82,70.68,CBSE,56.1,1,Allen,4.6,Low,Graduate,Semi-Urban,Medium,Yes,yes
ST7859,88.52,20.4,68.13,ICSE,77.2,1,Local,5.1,Low,Graduate,Urban,High,Yes,yes
ST7860,74.72,74.71,51.2,ICSE,75.21,2,Local,6,Mid,PG,Rural,Low,No,no
ST7861,64.56,98.87,87.68,State,69.29,1,Local,5.4,Mid,12th,Rural,Medium,Yes,no
ST7862,78.77,68.37,61.96,ICSE,62.17,2,No Coaching,2.3,High,Graduate,Semi-Urban,Low,No,no
ST7863,56.57,43.34,74.4,CBSE,77.9,2,Local,5.1,Mid,Graduate,Semi-Urban,Medium,No,no
ST7864,81.54,55.72,50.55,ICSE,65.1,2,No Coaching,6.2,Low,12th,Rural,Low,Yes,yes
ST7865,77.72,58.66,65.71,State,73.61,1,Allen,3.1,Low,PG,Semi-Urban,High,No,yes
ST7866,67.69,49.72,71.5,CBSE,92.65,2,No Coaching,5.1,High,Graduate,Rural,Low,Yes,no
ST7867,60.26,79.76,71.92,CBSE,81.51,2,FIITJEE,3.4,Low,12th,Urban,Medium,No,yes
ST7868,59.59,78.96,69.86,CBSE,61.31,2,FIITJEE,8.5,Low,Graduate,Semi-Urban,Low,Yes,no
ST7869,79.49,47.51,73.93,State,62.25,2,Allen,1.8,Low,Graduate,Urban,Medium,Yes,no
ST7870,89.21,77.6,54.43,State,76.52,1,Local,6.8,High,PG,Semi-Urban,Low,Yes,no
ST7871,63.08,90.43,70.37,ICSE,61.25,2,Allen,1.2,High,Upto 10th,Urban,Low,No,no
ST7872,78.42,96.44,69.37,State,54.98,1,FIITJEE,8.1,Low,Graduate,Rural,High,Yes,yes
ST7873,42.78,100,70.78,CBSE,80.32,1,Local,2.2,Low,PG,Rural,Medium,No,no
ST7874,63.82,51.57,68.87,State,78.21,2,FIITJEE,4.9,Mid,12th,Rural,Medium,No,no
ST7875,71.57,100,52.72,State,79.51,2,Allen,1.2,Mid,12th,Rural,High,No,yes
ST7876,59.26,60.33,52.19,ICSE,77.63,1,Local,1.8,Low,Upto 10th,Semi-Urban,Low,Yes,no
ST7877,58.89,56.52,41.43,CBSE,74.35,1,Allen,6.3,Mid,12th,Urban,Medium,No,no
ST7878,62.65,71.23,77.81,ICSE,68.38,1,FIITJEE,6.6,Low,Upto 10th,Semi-Urban,Medium,No,no
ST7879,76.09,56.69,77.93,ICSE,80.16,1,Local,5,Low,Graduate,Semi-Urban,Medium,No,yes
ST7880,69.38,72.38,78.12,ICSE,90.3,2,FIITJEE,6,Mid,Upto 10th,Rural,High,No,no
ST7881,40.66,44.88,71.68,CBSE,69.99,2,Local,6.6,High,Graduate,Semi-Urban,High,No,no
ST7882,42.31,62.18,42.4,ICSE,64.79,2,No Coaching,3.1,High,12th,Urban,Medium,Yes,no
ST7883,63.5,86.57,55.68,CBSE,63.65,2,No Coaching,1.7,High,Upto 10th,Semi-Urban,Low,Yes,no
ST7884,78.41,65.09,70.04,ICSE,66.33,1,FIITJEE,4.5,Low,PG,Urban,Low,No,no
ST7885,33.53,68.27,69.63,ICSE,77.03,1,Allen,3.3,Low,12th,Rural,High,Yes,no
ST7886,65,73.6,65.33,CBSE,53.6,2,No Coaching,5.3,High,12th,Rural,Low,Yes,no
ST7887,64.63,84.73,72.43,State,79.39,2,No Coaching,5.6,High,12th,Semi-Urban,High,No,no
ST7888,91.44,39.52,68.14,ICSE,81.44,2,Local,3.1,High,12th,Urban,Medium,Yes,no
ST7889,66.61,75.35,69.45,State,57.02,1,Local,5.9,Low,12th,Rural,Medium,Yes,yes
ST7890,77.36,61.71,60.33,ICSE,65.21,2,Local,5.8,Low,PG,Rural,Medium,Yes,yes
ST7891,73.98,68.67,79.78,State,75.8,1,FIITJEE,5.9,Mid,PG,Semi-Urban,High,Yes,no
ST7892,42.17,82.96,62.83,State,73.57,1,Allen,3.7,Mid,PG,Urban,Low,No,no
ST7893,82.75,46.89,52.03,State,80.2,1,Allen,6.1,Mid,Upto 10th,Rural,Medium,Yes,no
ST7894,75.02,49.8,58.75,State,73.59,1,Local,5.5,High,12th,Rural,Low,Yes,no
ST7895,79.12,35.03,63.82,State,87.65,2,FIITJEE,5.8,Low,Upto 10th,Urban,Low,No,yes
ST7896,100,57.21,79.93,CBSE,71.79,1,Local,7.9,Mid,Upto 10th,Semi-Urban,High,Yes,no
ST7897,42.82,87.29,67.49,State,65.17,1,Allen,5.2,Mid,Upto 10th,Semi-Urban,High,No,no
ST7898,96.15,64.07,65.77,CBSE,64.37,2,FIITJEE,3.3,Mid,12th,Rural,Low,Yes,no
ST7899,67.98,44.56,53.02,ICSE,82.35,2,Local,2.3,Mid,12th,Rural,Low,Yes,no
ST7900,76.02,58.23,77.43,CBSE,75.3,1,Local,6.8,High,Upto 10th,Semi-Urban,Medium,Yes,no
ST7901,71.36,42.19,60.18,State,81.34,2,Allen,5.2,Low,12th,Semi-Urban,Medium,Yes,yes
ST7902,66.06,48,66.8,CBSE,81.13,2,FIITJEE,7.8,Low,Upto 10th,Rural,Medium,No,yes
ST7903,64.02,72.22,85.76,State,54.8,1,Allen,0.4,Low,12th,Urban,Low,No,no
ST7904,76.61,47.22,74.11,CBSE,63.6,2,FIITJEE,6.3,Mid,12th,Urban,High,Yes,no
ST7905,50.76,83.8,48.46,ICSE,64.79,1,FIITJEE,4,High,Upto 10th,Rural,Low,No,no
ST7906,82.51,64.86,46.77,State,66.84,1,Local,3.8,High,PG,Rural,Medium,No,no
ST7907,66.17,67.37,67.23,State,70.8,2,Allen,3,High,12th,Rural,Medium,Yes,no
ST7908,56.18,61.55,53.45,CBSE,84.99,2,FIITJEE,6.3,Low,Upto 10th,Rural,High,No,yes
ST7909,65.7,78.37,75.78,CBSE,86.98,2,No Coaching,5.7,Low,Upto 10th,Semi-Urban,Low,No,yes
ST7910,89.6,78.53,68.51,CBSE,72.07,1,Local,2.2,High,12th,Urban,Medium,No,no
ST7911,64.51,71.36,69.98,CBSE,72.49,2,Allen,4.8,Mid,12th,Urban,High,Yes,no
ST7912,77.02,75.04,59.52,CBSE,67.95,1,FIITJEE,5.9,Low,Upto 10th,Urban,Medium,Yes,yes
ST7913,61.77,62.61,88.9,State,75.89,2,Local,4.9,Low,Upto 10th,Semi-Urban,High,Yes,no
ST7914,82.61,74.68,100,ICSE,77.03,1,Allen,6.7,Mid,Upto 10th,Rural,Low,Yes,no
ST7915,81.6,60.59,64.66,CBSE,83.06,2,Allen,3.9,Mid,Graduate,Urban,High,Yes,no
ST7916,97.88,66.04,72.24,State,82.98,1,Local,0,Low,12th,Urban,Low,Yes,no
ST7917,69.54,61.61,69.17,ICSE,51.98,2,FIITJEE,4.9,Mid,Graduate,Semi-Urban,Low,Yes,no
ST7918,81.36,58.68,64.88,ICSE,73.47,2,Local,4.9,Mid,Upto 10th,Rural,Medium,Yes,no
ST7919,73.37,54.97,58.02,CBSE,88.84,2,No Coaching,5.1,Mid,Graduate,Rural,Low,No,no
ST7920,90.14,73.48,54.98,State,70.62,2,Local,6.7,Mid,PG,Rural,Medium,No,no
ST7921,61.94,86.97,54.37,State,86.39,2,Allen,0.6,Mid,Upto 10th,Urban,Medium,Yes,no
ST7922,82.43,84.74,72.86,State,71.94,1,No Coaching,4,High,PG,Semi-Urban,Low,Yes,no
ST7923,69.27,45.89,61.76,State,76.75,1,No Coaching,2.7,Low,Graduate,Urban,High,Yes,yes
ST7924,71.1,86.63,37.06,State,63.63,2,FIITJEE,2.1,High,PG,Semi-Urban,Low,No,no
ST7925,73.28,60.91,73.34,ICSE,64.01,1,Local,4.4,High,Graduate,Semi-Urban,Low,Yes,no
ST7926,75.53,75.61,67.54,ICSE,82.25,1,FIITJEE,5.9,High,12th,Urban,High,No,no
ST7927,70.37,51.5,84.16,ICSE,83.82,2,Local,5.1,Low,12th,Semi-Urban,Medium,Yes,yes
ST7928,75.01,68.27,72.48,State,75.26,2,Allen,3.1,Low,Graduate,Semi-Urban,Medium,Yes,yes
ST7929,94.09,71.02,50.26,ICSE,62.72,1,FIITJEE,4.2,Low,Upto 10th,Semi-Urban,Low,No,no
ST7930,85.8,42.25,41.24,ICSE,75.44,1,Allen,6.4,High,12th,Rural,High,No,no
ST7931,84.17,75.73,59.37,CBSE,87.57,2,Allen,5.9,Low,Graduate,Rural,High,No,yes
ST7932,65.62,87.53,60.5,ICSE,92.43,2,No Coaching,3.4,High,Upto 10th,Rural,High,No,no
ST7933,59.55,63.21,79.32,CBSE,71.83,2,FIITJEE,3.3,Mid,12th,Rural,High,Yes,no
ST7934,85.37,87.76,67.89,State,58.4,1,Local,1.1,Low,Graduate,Urban,Low,No,no
ST7935,84.26,62.96,81.6,State,83.4,2,FIITJEE,3.6,Mid,Upto 10th,Urban,Low,Yes,no
ST7936,92.62,79.59,52.1,State,72.24,1,Allen,1,High,Upto 10th,Urban,Medium,Yes,no
ST7937,63.54,30.5,79.58,State,84.43,2,No Coaching,8.6,Low,Graduate,Rural,High,No,no
ST7938,68.79,100,76.65,ICSE,77.81,2,FIITJEE,2.8,Low,PG,Urban,Low,Yes,yes
ST7939,49.05,89.93,43.78,CBSE,66.17,1,No Coaching,6.7,Mid,PG,Rural,Low,Yes,no
ST7940,66.51,61.45,83.87,State,75.58,2,No Coaching,8.1,High,PG,Rural,High,Yes,no
ST7941,85.95,34.45,69.12,State,88.08,1,Allen,4.9,High,PG,Semi-Urban,High,No,no
ST7942,65.47,70.61,72.7,CBSE,73.51,1,FIITJEE,4.3,Low,Upto 10th,Semi-Urban,Medium,No,no
ST7943,80.97,42.9,57.62,CBSE,64.65,1,FIITJEE,1.9,Low,PG,Rural,High,No,yes
ST7944,69.33,73.12,83.3,CBSE,59.11,2,FIITJEE,3.5,Low,Graduate,Semi-Urban,Medium,Yes,yes
ST7945,76.54,72.59,53.77,CBSE,67.28,2,No Coaching,7.7,Low,Upto 10th,Semi-Urban,Medium,Yes,no
ST7946,55.93,50.94,77.99,CBSE,70.9,2,Local,5.2,Low,PG,Semi-Urban,High,No,yes
ST7947,73.19,83.94,77.85,ICSE,83.2,1,FIITJEE,4.6,High,Graduate,Semi-Urban,High,No,no
ST7948,30.12,78.89,56.31,CBSE,63.79,2,Allen,7.1,Low,12th,Urban,Low,No,no
ST7949,69.38,81.61,91.8,ICSE,90.54,2,No Coaching,5.9,Mid,Upto 10th,Semi-Urban,High,No,no
ST7950,49.17,66.14,70.78,CBSE,61.63,2,Local,4.2,Low,Graduate,Rural,High,Yes,yes
ST7951,88.88,43.35,75.85,CBSE,98.31,2,FIITJEE,4.9,Low,PG,Semi-Urban,Medium,Yes,yes
ST7952,82.88,81.65,49.67,State,92.26,2,Local,3,High,Graduate,Semi-Urban,High,Yes,no
ST7953,78.53,61.67,93.41,State,76.41,1,No Coaching,3.4,High,Upto 10th,Urban,Low,Yes,no
ST7954,93.29,43.76,53.31,State,58.52,2,Local,4.1,High,12th,Urban,Low,No,no
ST7955,58.72,87.63,80.3,State,74.45,2,No Coaching,5.6,Mid,PG,Urban,High,No,no
ST7956,96.46,99.59,56.06,State,71.13,2,Local,2,High,Graduate,Semi-Urban,High,Yes,no
ST7957,85.05,65.34,60.57,State,62.26,1,Local,4.7,Low,12th,Rural,Medium,No,no
ST7958,68.69,100,77.47,CBSE,77.91,2,No Coaching,3.7,High,Upto 10th,Urban,High,Yes,no
ST7959,87.9,67.46,80.33,CBSE,66.76,1,Local,2.7,Mid,PG,Semi-Urban,Medium,No,no
ST7960,56.51,59.91,52.74,State,67.85,1,Allen,3.7,Low,12th,Semi-Urban,High,No,yes
ST7961,60.46,55.91,81.09,State,72.96,2,FIITJEE,0,Low,Upto 10th,Semi-Urban,Medium,Yes,no
ST7962,63.48,92.19,80.54,State,69.25,1,Local,3,Mid,PG,Urban,Low,Yes,no
ST7963,64.59,53.52,56.74,CBSE,95.78,1,Local,2.3,High,Graduate,Semi-Urban,High,Yes,no
ST7964,57.21,77.76,87.18,State,69.64,1,Local,3.9,High,12th,Urban,High,Yes,no
ST7965,89.12,57.05,50.52,State,79.41,2,FIITJEE,0,High,Upto 10th,Semi-Urban,Medium,Yes,no
ST7966,68.38,58.64,60.5,CBSE,76.46,1,No Coaching,4.9,High,Graduate,Rural,Medium,No,no
ST7967,76.94,82.48,73.75,CBSE,78.53,2,FIITJEE,6.3,Mid,PG,Rural,High,No,no
ST7968,64.02,59.92,57.76,ICSE,79.29,2,Local,4.3,Mid,12th,Semi-Urban,Medium,No,no
ST7969,46.51,59.52,71.17,State,83.81,1,No Coaching,5.5,High,Upto 10th,Urban,High,Yes,no
ST7970,75.78,84.12,70.89,CBSE,77.66,1,Local,3.5,Mid,12th,Semi-Urban,Low,Yes,no
ST7971,45.23,91.56,65.76,ICSE,77.25,1,No Coaching,1.4,Low,Graduate,Rural,Medium,Yes,yes
ST7972,71.04,76.32,77.99,CBSE,75.58,2,Local,4.5,High,Graduate,Semi-Urban,High,No,no
ST7973,52.84,55.52,65.26,ICSE,73.62,2,Local,5.9,Low,Upto 10th,Urban,Low,No,no
ST7974,99.82,57.83,70.78,ICSE,65.88,1,No Coaching,1.9,Low,12th,Urban,High,No,yes
ST7975,84.76,67.28,81.76,State,74.39,1,Allen,3.6,Low,12th,Urban,High,No,yes
ST7976,73.48,71.13,77.49,State,77.41,2,FIITJEE,4,High,Graduate,Urban,Low,No,no
ST7977,89.69,50.19,77.43,ICSE,79.02,2,No Coaching,10,High,12th,Rural,Medium,Yes,no
ST7978,60.15,77.57,54.21,State,76.8,2,FIITJEE,4.9,High,12th,Urban,Low,No,no
ST7979,79.61,67.37,74.3,CBSE,72.67,1,Allen,0.7,Mid,12th,Urban,High,Yes,yes
ST7980,74.8,38.55,57.46,CBSE,74.43,1,Allen,0.2,High,Upto 10th,Rural,Low,Yes,no
ST7981,75.7,51.14,52.62,ICSE,69.46,2,No Coaching,6,Low,Graduate,Urban,High,No,yes
ST7982,89.81,57.93,67.14,ICSE,78.13,2,Allen,9.5,High,PG,Rural,Low,No,no
ST7983,82.25,64.83,57.15,CBSE,72.79,1,Allen,3.9,Mid,Upto 10th,Urban,Medium,No,no
ST7984,76.04,96.23,77.49,CBSE,76.81,2,Local,3.8,High,Graduate,Urban,Low,No,no
ST7985,48.83,69.81,77.77,ICSE,85.01,1,Local,5.4,Mid,Upto 10th,Urban,Low,Yes,no
ST7986,58.56,52.55,45.17,CBSE,67.91,2,Allen,2.9,Low,PG,Urban,Medium,Yes,no
ST7987,70.28,69.53,58.06,CBSE,80.97,2,Local,0,Low,Upto 10th,Semi-Urban,High,Yes,yes
ST7988,73.31,60.37,50.48,ICSE,75.33,2,Allen,6.6,Low,Upto 10th,Semi-Urban,Low,No,yes
ST7989,56.18,71.2,62.45,State,95.21,2,Local,3.3,Low,PG,Urban,High,Yes,no
ST7990,100,75.29,73.46,CBSE,72.84,1,Allen,6.6,Low,12th,Urban,Low,Yes,no
ST7991,93.23,85.35,65.09,State,81.95,2,Allen,3,Low,Graduate,Urban,Medium,Yes,yes
ST7992,80.43,65.61,60.92,State,75.15,2,FIITJEE,4.7,Mid,PG,Semi-Urban,Low,Yes,no
ST7993,73.01,92.22,83.6,CBSE,61.12,1,Allen,6.2,Low,Upto 10th,Urban,High,Yes,no
ST7994,69.03,80.53,40.34,State,69.79,1,FIITJEE,6.6,High,12th,Rural,High,Yes,no
ST7995,58.67,54.68,82.84,ICSE,83.8,1,No Coaching,5,Mid,Upto 10th,Semi-Urban,Medium,Yes,no
ST7996,73.08,100,61.47,CBSE,70.67,2,Allen,4.9,Mid,12th,Semi-Urban,High,Yes,no
ST7997,75.61,71.23,67.06,CBSE,52.8,1,Allen,5.7,High,Upto 10th,Semi-Urban,Medium,No,no
ST7998,54.62,52.64,61.67,State,74.69,2,FIITJEE,5.4,High,Graduate,Urban,Medium,Yes,no
ST7999,76.68,92.45,86.51,CBSE,64.08,1,Allen,1.9,High,Graduate,Rural,High,No,yes
ST8000,69.83,99.24,53.23,CBSE,76.32,2,Local,2,High,Upto 10th,Semi-Urban,High,No,no
ST8001,45.29,65.47,68.14,State,90.51,1,FIITJEE,0.3,High,PG,Rural,Medium,Yes,no
ST8002,59.95,57.94,74.33,State,82.69,1,FIITJEE,6,Low,Upto 10th,Rural,High,Yes,no
ST8003,66.21,63.24,48.67,CBSE,90.37,1,Local,3.7,Mid,Upto 10th,Rural,Medium,Yes,no
ST8004,98.43,77.44,56.96,CBSE,69.38,2,Allen,6.1,High,PG,Urban,Low,No,no
ST8005,79.79,86.45,66.22,ICSE,73.57,2,No Coaching,5.3,High,PG,Urban,High,Yes,no
ST8006,53.3,75.13,57.36,ICSE,64.56,1,No Coaching,2.5,Mid,Upto 10th,Urban,High,Yes,no
ST8007,78.8,67.63,58.21,CBSE,68.16,2,No Coaching,4.3,Mid,12th,Semi-Urban,Medium,No,no
ST8008,50.34,89.97,63.8,CBSE,65.73,2,FIITJEE,3.6,Low,Graduate,Semi-Urban,Low,Yes,yes
ST8009,87.16,60.99,75.79,ICSE,61.93,2,FIITJEE,3.3,Mid,12th,Rural,Low,Yes,no
ST8010,65.4,82.49,63.89,State,88.66,2,Local,6.3,High,PG,Semi-Urban,High,No,no
ST8011,70.69,61.39,80.94,CBSE,54.08,2,Allen,9.5,Mid,Graduate,Urban,Medium,No,no
ST8012,90.56,72.9,56.03,ICSE,88.7,1,Local,6.7,High,Upto 10th,Urban,Medium,Yes,no
ST8013,53.98,64.18,52.98,ICSE,87.46,2,FIITJEE,4.4,Mid,Graduate,Urban,High,Yes,no
ST8014,52.44,65.11,91.12,CBSE,80,1,No Coaching,7,Mid,Upto 10th,Urban,Low,Yes,no
ST8015,63.83,59.96,60.1,CBSE,63.85,1,Allen,7.9,Low,Upto 10th,Rural,Medium,No,no
ST8016,86.54,87.52,52.27,ICSE,59.18,1,No Coaching,1.7,High,PG,Semi-Urban,Medium,No,no
ST8017,50.73,54.27,47.1,CBSE,69.52,2,Allen,6.9,Low,12th,Urban,High,No,yes
ST8018,32.35,54.16,80.9,State,81.25,2,No Coaching,6,Low,PG,Rural,High,Yes,yes
ST8019,65.68,99.94,63.9,CBSE,75.03,1,Allen,6.9,High,PG,Semi-Urban,Low,No,no
ST8020,79.72,81.65,64.96,ICSE,64.57,1,No Coaching,6.1,Mid,Graduate,Rural,Low,Yes,no
ST8021,88.8,27.84,66.09,ICSE,86.48,1,Local,4,Low,12th,Urban,Medium,No,yes
ST8022,65.52,56.96,80.16,CBSE,91.84,1,FIITJEE,8.6,Mid,12th,Urban,High,Yes,no
ST8023,66.24,37.01,65.85,ICSE,72.73,2,Local,5.2,Mid,12th,Urban,High,No,no
ST8024,88.15,50.79,96.13,State,76.09,1,No Coaching,3.6,Low,12th,Semi-Urban,High,Yes,yes
ST8025,45.82,15.78,69.61,CBSE,59.91,1,Allen,5.5,Low,Graduate,Urban,Low,No,no
ST8026,66.56,63.81,80.74,CBSE,70.86,2,Local,6.4,Low,Graduate,Semi-Urban,Low,Yes,yes
ST8027,74.67,47.73,77.66,ICSE,80.1,1,No Coaching,4.7,Mid,PG,Rural,Medium,No,no
ST8028,78.29,66.96,67.56,State,78.55,2,FIITJEE,5.3,High,PG,Semi-Urban,High,Yes,no
ST8029,64.86,40,60.96,CBSE,69.92,1,Allen,4.7,High,12th,Rural,Low,No,no
ST8030,72.48,67.33,71.98,ICSE,72.26,2,Local,3.2,Low,PG,Semi-Urban,High,No,yes
ST8031,37.16,59.36,74.12,CBSE,70.53,2,FIITJEE,2.9,Mid,Graduate,Urban,Low,Yes,no
ST8032,62.78,90.03,61.13,State,72.22,2,No Coaching,1.7,Low,PG,Urban,High,Yes,yes
ST8033,78.35,88.58,70,ICSE,79.23,1,Allen,7.5,Mid,Upto 10th,Rural,Medium,No,no
ST8034,58.25,78.57,82.83,CBSE,55.32,2,No Coaching,4.1,High,PG,Semi-Urban,Low,No,no
ST8035,72.83,60.77,92.84,ICSE,74.26,1,Allen,0,High,Graduate,Semi-Urban,Low,Yes,no
ST8036,78.26,97.77,78.25,ICSE,78.5,2,FIITJEE,5.3,Low,12th,Rural,Medium,No,yes
ST8037,67.2,41.15,90.35,State,69.3,2,FIITJEE,5.3,Low,Upto 10th,Semi-Urban,Medium,No,yes
ST8038,74.39,43.54,60.45,State,70.21,2,FIITJEE,0.8,High,Upto 10th,Semi-Urban,High,Yes,yes
ST8039,58.52,64.66,76.42,CBSE,70.5,1,Local,2.8,Mid,Upto 10th,Rural,Low,No,no
ST8040,69.11,100,84.06,ICSE,70.21,2,Local,2.7,High,PG,Rural,High,Yes,no
ST8041,80.54,62.76,57.24,ICSE,75.06,2,Local,3,Mid,PG,Rural,High,Yes,no
ST8042,74.2,63.07,62.17,ICSE,76.29,2,No Coaching,6.9,Low,Upto 10th,Semi-Urban,High,Yes,no
ST8043,63.79,42.93,88.85,CBSE,53.99,2,Local,4.2,High,Upto 10th,Rural,Low,No,no
ST8044,75.14,81.13,56.3,State,81.53,1,Allen,3.6,Low,12th,Rural,Medium,No,no
ST8045,82,81.25,51.91,State,72.1,1,FIITJEE,6.7,High,12th,Rural,High,No,no
ST8046,43.3,78.63,86.34,ICSE,94.33,2,No Coaching,5.5,Low,Upto 10th,Rural,Low,No,no
ST8047,88.23,55.93,82.36,CBSE,63.08,2,No Coaching,1,High,12th,Urban,High,Yes,yes
ST8048,67.29,54.69,73.19,ICSE,66.33,2,Local,3.3,High,Graduate,Urban,Medium,Yes,no
ST8049,77.96,45.31,67.45,State,72.97,2,Allen,5.1,Low,PG,Urban,Medium,No,no
ST8050,88.76,67.34,62.74,ICSE,79.13,1,FIITJEE,2.6,High,12th,Rural,Low,Yes,no
ST8051,52.8,48.71,71.38,ICSE,55.49,2,No Coaching,8.6,High,Graduate,Semi-Urban,Low,No,no
ST8052,62.07,47.16,86.96,ICSE,66.71,2,FIITJEE,4.7,High,PG,Urban,Medium,No,no
ST8053,67.96,59.22,70.86,State,80.91,1,Allen,3,High,12th,Rural,Low,Yes,no
ST8054,61.03,58.17,94,CBSE,65.52,2,FIITJEE,2.3,Low,PG,Urban,Medium,No,yes
ST8055,96.29,57.39,57.22,ICSE,88.7,2,Local,6.4,Low,Graduate,Urban,High,Yes,no
ST8056,60.01,73.46,67.76,State,70.46,1,FIITJEE,3.2,High,Graduate,Rural,Medium,Yes,no
ST8057,64.22,67.26,63.52,ICSE,66.01,2,No Coaching,5.3,High,PG,Rural,High,No,no
ST8058,74.86,61.39,54.98,CBSE,81.1,1,Local,2.2,Low,Upto 10th,Urban,Low,Yes,no
ST8059,55.17,68.93,66.16,ICSE,91.08,2,Local,4.6,High,12th,Rural,High,Yes,no
ST8060,66.46,50.14,73.01,CBSE,79.16,1,Local,3.2,Mid,Upto 10th,Urban,Medium,No,no
ST8061,76.44,67.68,74.29,State,87.6,1,Local,3.9,Low,Graduate,Urban,Low,Yes,yes
ST8062,67.34,68.41,94.05,CBSE,91.77,2,No Coaching,2.9,High,PG,Urban,Low,No,no
ST8063,70.69,41.95,73.57,CBSE,65.78,2,Allen,6.6,Mid,12th,Urban,Medium,Yes,no
ST8064,64.59,81.93,81.8,State,84.38,2,Allen,3.5,High,12th,Semi-Urban,Low,Yes,no
ST8065,50.8,51.9,68.79,CBSE,59.77,2,Local,4.2,High,Upto 10th,Semi-Urban,Medium,No,no
ST8066,76.5,67.44,88.14,CBSE,79.25,1,Allen,4.3,High,12th,Rural,High,No,no
ST8067,96.57,84.63,96.78,State,74.29,2,No Coaching,7.7,Mid,12th,Semi-Urban,High,Yes,no
ST8068,72.26,80.81,74.37,CBSE,87.43,2,Allen,6.3,Mid,12th,Semi-Urban,Low,No,no
ST8069,75.15,66.55,56.09,CBSE,86.72,2,Allen,6.1,Low,Graduate,Rural,Medium,Yes,yes
ST8070,81.7,60.2,61.41,ICSE,80.7,1,No Coaching,1.3,High,Upto 10th,Urban,Medium,Yes,no
ST8071,54.23,81.16,71.38,CBSE,77.98,1,Allen,3.2,High,Graduate,Semi-Urban,High,No,no
ST8072,95.84,76.8,73.48,CBSE,80.08,1,Local,6.9,Mid,PG,Semi-Urban,High,Yes,no
ST8073,74.83,56.11,76.38,CBSE,75.62,1,Local,2.2,High,PG,Semi-Urban,Low,Yes,no
ST8074,94.85,53.28,73.52,State,74.39,1,No Coaching,4.7,High,Upto 10th,Semi-Urban,Medium,No,no
ST8075,61.74,32.84,68.08,CBSE,89.43,2,Local,2.4,High,PG,Urban,Low,No,no
ST8076,97.45,68.46,60.37,State,90.63,2,Local,2.6,Mid,Graduate,Rural,Low,No,no
ST8077,82.85,64.68,72.81,State,73.58,2,Local,7.9,High,Graduate,Semi-Urban,Low,No,no
ST8078,79.74,84.18,90.26,CBSE,77.38,1,Local,5.9,High,Graduate,Semi-Urban,Medium,Yes,no
ST8079,75.28,71.74,80.24,CBSE,75.82,2,Local,6.5,Low,Graduate,Semi-Urban,High,Yes,no
ST8080,68.52,87.35,74.42,CBSE,58.88,1,Allen,6.1,High,Upto 10th,Semi-Urban,Medium,Yes,no
ST8081,88.81,54.84,80.35,CBSE,71.64,1,No Coaching,4.2,Mid,12th,Rural,Medium,Yes,no
ST8082,73.97,84.21,63.55,CBSE,91,1,FIITJEE,3.1,Mid,PG,Urban,Medium,Yes,no
ST8083,44.46,57.54,61.9,CBSE,67.5,1,No Coaching,3.7,High,Upto 10th,Rural,Low,Yes,no
ST8084,56.36,78.44,59.03,CBSE,96.15,1,No Coaching,4.1,Low,12th,Semi-Urban,Low,No,no
ST8085,69.4,42.66,66.5,State,86.72,2,No Coaching,8.1,High,Upto 10th,Semi-Urban,Medium,No,no
ST8086,76.34,69.76,62.94,ICSE,79.01,2,Allen,1.8,High,PG,Rural,Low,Yes,no
ST8087,71.21,34.24,82.5,State,80.61,2,No Coaching,3.4,High,Upto 10th,Urban,Low,Yes,no
ST8088,89.07,61.73,62.3,CBSE,65.83,2,No Coaching,2.7,Mid,PG,Urban,High,Yes,no
ST8089,44.68,73.05,58.37,ICSE,72.35,1,Allen,6.6,High,Upto 10th,Urban,Medium,No,no
ST8090,74.01,57.66,91.31,ICSE,89.41,2,Local,8.2,Mid,Upto 10th,Urban,Medium,Yes,no
ST8091,46.55,49.19,62.58,CBSE,68.85,2,FIITJEE,5.1,Low,Graduate,Rural,Low,No,no
ST8092,82.64,79.54,69.84,CBSE,85.61,1,Local,5.3,High,Upto 10th,Rural,Medium,Yes,no
ST8093,70.68,64.34,73.42,State,61.23,1,No Coaching,4.7,Mid,Upto 10th,Urban,Medium,No,no
ST8094,77.87,58.17,54.36,ICSE,63.02,1,Local,5.4,Mid,12th,Rural,Medium,Yes,no
ST8095,59.91,66.67,82.83,ICSE,94.01,2,Allen,6,Mid,Graduate,Rural,Medium,No,no
ST8096,89.91,100,75.65,CBSE,74.88,2,FIITJEE,5.4,High,PG,Semi-Urban,Low,No,no
ST8097,86.58,84.46,86.7,CBSE,69.62,2,Local,5.5,Low,Graduate,Rural,High,No,no
ST8098,80.17,84.6,59.85,ICSE,88.63,1,No Coaching,6.1,Mid,Upto 10th,Rural,Low,Yes,no
ST8099,70.19,72.97,69.19,ICSE,87.46,1,FIITJEE,0.9,High,PG,Urban,High,Yes,yes
ST8100,80.12,68.66,68.47,CBSE,84.21,1,No Coaching,4.5,Mid,Upto 10th,Rural,Medium,No,no
ST8101,62.1,27.66,71.17,CBSE,69.3,1,Local,5.1,Mid,Graduate,Urban,Medium,Yes,no
ST8102,83.98,55.14,50.54,CBSE,72.13,1,Local,5.3,High,Graduate,Semi-Urban,Medium,No,no
ST8103,95.09,58.31,69.33,State,78.12,1,No Coaching,4.2,Mid,Upto 10th,Semi-Urban,Medium,No,no
ST8104,86.99,36,50.88,State,81.94,2,FIITJEE,4.8,Mid,Upto 10th,Rural,Medium,No,no
ST8105,61.79,47.48,72.3,CBSE,69.92,1,FIITJEE,3.1,High,Upto 10th,Rural,Medium,No,no
ST8106,77.06,34.31,42.46,State,76.71,1,FIITJEE,1,Low,12th,Urban,Medium,Yes,no
ST8107,53.9,65.39,45.78,ICSE,77.67,1,Local,6.5,Low,Graduate,Semi-Urban,High,Yes,no
ST8108,80.01,79.1,77.82,ICSE,87.87,1,Local,2.2,Low,12th,Urban,Low,No,no
ST8109,78.31,83.71,61.44,CBSE,82.54,1,No Coaching,4.2,Low,Graduate,Rural,Medium,No,yes
ST8110,45.82,72.64,56.15,ICSE,59.93,1,No Coaching,3,High,Graduate,Semi-Urban,Medium,No,no
ST8111,55.74,50.59,83.25,ICSE,72.86,1,Allen,7.7,High,PG,Rural,Medium,Yes,no
ST8112,68.04,35.09,71.93,ICSE,65.71,1,Allen,4.3,Low,PG,Semi-Urban,High,No,no
ST8113,67.79,37.89,78.47,ICSE,80.68,1,Allen,3.9,High,Graduate,Urban,Medium,Yes,no
ST8114,55.07,45.7,66.01,ICSE,84.23,2,No Coaching,6,Low,PG,Rural,Low,No,yes
ST8115,77.45,51.78,100,State,76.02,2,FIITJEE,8.8,Mid,Graduate,Rural,High,Yes,no
ST8116,75.52,63.44,60.75,State,72.32,2,Allen,5.3,Mid,Graduate,Semi-Urban,High,No,no
ST8117,69.28,49.77,88.93,CBSE,75.69,2,No Coaching,3.7,Mid,Upto 10th,Urban,Medium,No,no
ST8118,61.42,71.42,67.26,ICSE,77.09,1,Local,5.9,Low,PG,Semi-Urban,High,Yes,no
ST8119,86.68,62.28,48.15,State,68.6,2,FIITJEE,1.4,Mid,12th,Semi-Urban,Medium,Yes,no
ST8120,95.18,66.17,73.79,State,62.81,2,Allen,4.6,Low,12th,Semi-Urban,Low,No,yes
ST8121,65.23,84.24,71.78,State,54.5,1,Local,8.5,High,PG,Rural,Low,No,no
ST8122,63.43,47.12,55.38,ICSE,87.67,1,FIITJEE,4.8,Mid,Graduate,Urban,High,No,no
ST8123,78.88,72.7,56.93,State,79.96,1,FIITJEE,4.7,Mid,12th,Urban,High,No,no
ST8124,66.99,65.78,67.7,CBSE,78.63,1,Local,4.5,Mid,PG,Urban,Medium,No,no
ST8125,70.05,60.66,72.2,CBSE,87.65,2,Allen,3.7,High,12th,Semi-Urban,High,Yes,no
ST8126,82.36,80.16,38.35,ICSE,62.45,1,Allen,5.1,Low,Upto 10th,Urban,Low,No,no
ST8127,45.27,80.06,80.64,CBSE,57.64,1,Local,6.1,Mid,Graduate,Urban,High,Yes,no
ST8128,90.46,50.86,62.07,State,78.84,1,Local,3.8,Mid,Upto 10th,Rural,Low,Yes,no
ST8129,73.02,63.09,52.02,ICSE,77.93,2,Local,0,Low,12th,Rural,Medium,Yes,yes
ST8130,66.24,70.5,79.29,CBSE,57.69,2,No Coaching,5.4,Mid,Graduate,Rural,Low,Yes,no
ST8131,70.75,61.63,67.72,ICSE,78.6,1,FIITJEE,8.8,Mid,Graduate,Semi-Urban,High,No,no
ST8132,71.47,75.36,82.59,State,71,2,Allen,3.7,Mid,Graduate,Rural,Low,No,no
ST8133,47.76,70.5,73.26,CBSE,66.93,1,Allen,1.6,Low,PG,Urban,Low,No,yes
ST8134,92.93,95.32,67.98,State,71.67,2,Local,5.9,Mid,PG,Rural,High,Yes,no
ST8135,72.58,41.52,66.17,CBSE,50.58,1,FIITJEE,8,High,Graduate,Semi-Urban,Medium,No,no
ST8136,78.2,64.04,73.79,ICSE,69.09,2,Local,5.6,Low,Graduate,Rural,Low,Yes,no
ST8137,85.32,51.46,63.04,CBSE,67.96,2,FIITJEE,7.9,Mid,Graduate,Urban,High,No,no
ST8138,57.7,75.67,57.77,CBSE,80.57,2,Local,6.1,High,Upto 10th,Rural,Low,No,no
ST8139,78.63,40.13,75.32,CBSE,73.42,1,Local,5.9,High,Upto 10th,Rural,Low,No,no
ST8140,68.25,71.54,66.27,ICSE,81.39,2,FIITJEE,3.5,High,12th,Rural,Low,No,no
ST8141,83.85,55.92,68.4,CBSE,50,2,Allen,5.1,High,Graduate,Semi-Urban,Medium,Yes,no
ST8142,42.22,54.25,81.07,State,66.61,2,Allen,4.4,High,Graduate,Semi-Urban,Low,Yes,no
ST8143,70.61,42.86,66.63,ICSE,80.56,1,No Coaching,4.4,Mid,Upto 10th,Semi-Urban,High,No,no
ST8144,63.56,58.56,68.18,ICSE,71.91,2,FIITJEE,4,High,12th,Semi-Urban,High,No,no
ST8145,78.05,83.35,60.8,State,83.45,1,Allen,5,Low,12th,Semi-Urban,Low,Yes,yes
ST8146,78.58,65.6,73.17,ICSE,56.95,1,Allen,1.9,Mid,Graduate,Rural,Medium,Yes,no
ST8147,62.09,76.04,72.2,CBSE,82.31,1,FIITJEE,6.1,Mid,PG,Rural,High,Yes,no
ST8148,62.03,92.63,78.81,ICSE,68.61,1,Allen,2.7,High,12th,Semi-Urban,Medium,Yes,no
ST8149,70.45,70.22,61.05,State,67.64,1,FIITJEE,4,High,12th,Semi-Urban,Medium,Yes,no
ST8150,59.45,57.06,62.51,ICSE,84.91,2,Allen,5.2,Mid,Graduate,Rural,High,Yes,no
ST8151,83.79,73.48,77.51,State,86.62,1,Local,2.6,Low,Graduate,Urban,High,No,yes
ST8152,66.83,57.29,71.03,ICSE,85.35,2,FIITJEE,0.6,Mid,Graduate,Rural,Medium,Yes,no
ST8153,31.3,57.93,57.13,State,95.39,2,FIITJEE,3.7,Mid,Upto 10th,Semi-Urban,Low,Yes,no
ST8154,66.75,41.68,83.68,ICSE,87.67,1,Allen,1.6,High,Graduate,Rural,Medium,Yes,no
ST8155,57.46,80.82,47.62,CBSE,67.05,1,FIITJEE,5.9,Low,PG,Semi-Urban,High,No,no
ST8156,49.16,59.82,77.41,State,76.42,1,No Coaching,2.2,High,PG,Rural,Medium,No,no
ST8157,54.68,68.91,52.82,State,71.4,2,No Coaching,7.5,High,12th,Rural,High,No,no
ST8158,73.53,49.42,90.63,ICSE,95.29,2,FIITJEE,4.5,High,Upto 10th,Rural,Low,No,no
ST8159,90.6,72.98,49.46,ICSE,86.05,2,No Coaching,4.6,High,12th,Urban,Low,Yes,no
ST8160,76.38,53.81,81.83,ICSE,73.11,2,Allen,0.5,Low,Upto 10th,Rural,Low,Yes,no
ST8161,63.51,63.73,67.02,CBSE,83.78,2,Allen,4.8,High,Graduate,Rural,Low,Yes,no
ST8162,78.38,80.05,63.6,ICSE,62.68,2,FIITJEE,4.3,High,12th,Urban,Low,Yes,no
ST8163,65.57,78.65,70.22,State,77.5,2,Allen,1.9,Low,PG,Rural,High,No,yes
ST8164,62.28,65.65,75.58,ICSE,65.62,2,Allen,4.7,Mid,Upto 10th,Urban,Medium,No,no
ST8165,55.84,37.71,57.15,CBSE,58.11,2,No Coaching,3.7,High,12th,Urban,Low,Yes,no
ST8166,47.47,100,58.21,ICSE,82.85,1,Allen,4.1,Mid,PG,Urban,High,No,no
ST8167,66.54,93.93,75.8,ICSE,84.09,2,Allen,4.6,High,PG,Rural,Medium,No,no
ST8168,74.21,77.56,47.51,State,79.57,1,No Coaching,3.6,High,Graduate,Semi-Urban,Medium,Yes,no
ST8169,70.65,53.95,60.99,ICSE,73.17,1,Local,5,Low,Upto 10th,Rural,Low,No,no
ST8170,66.18,64.18,100,CBSE,62.34,2,FIITJEE,4.3,Low,12th,Semi-Urban,Low,Yes,no
ST8171,58.76,57.31,56.38,ICSE,63.39,2,FIITJEE,5.4,Mid,PG,Semi-Urban,Medium,No,no
ST8172,80.52,86.22,81.77,ICSE,65.31,2,Local,3.4,High,Upto 10th,Urban,Medium,Yes,no
ST8173,53.56,70.2,60.97,State,72.66,2,No Coaching,2.4,Low,Graduate,Urban,High,Yes,no
ST8174,82.86,53.45,74.11,ICSE,85.76,2,No Coaching,3.1,High,Upto 10th,Urban,Low,Yes,no
ST8175,57.97,58.47,75.85,State,85.6,2,Allen,7.4,High,Upto 10th,Urban,Medium,Yes,no
ST8176,61.47,83.94,81.55,State,58.51,1,Allen,6.4,Mid,12th,Rural,Medium,Yes,no
ST8177,51.47,91.6,65.6,ICSE,68.07,1,FIITJEE,6.9,High,Upto 10th,Rural,Low,No,no
ST8178,64.98,90.45,91.87,State,67.8,2,FIITJEE,7.1,Low,Graduate,Semi-Urban,High,Yes,yes
ST8179,85.65,78.11,60.93,State,50,1,No Coaching,3.6,Mid,PG,Rural,High,Yes,no
ST8180,79.22,61.96,70.81,ICSE,80.66,1,Allen,5.1,Low,12th,Rural,Low,No,no
ST8181,85.7,14.14,70.94,ICSE,72.54,1,No Coaching,4.7,Mid,PG,Semi-Urban,High,No,no
ST8182,79.31,70.75,54.54,CBSE,73.87,1,Local,5.8,Mid,Upto 10th,Rural,High,No,no
ST8183,56.55,65.97,64.57,CBSE,88.46,1,FIITJEE,3.9,High,Graduate,Rural,High,No,no
ST8184,67.37,68.24,69.94,State,75.88,1,FIITJEE,4.7,Mid,PG,Urban,Medium,Yes,no
ST8185,61.08,66.86,62.81,State,70.69,2,No Coaching,4.6,Mid,Graduate,Urban,Medium,Yes,no
ST8186,90.63,44.78,97.29,ICSE,80.72,1,Allen,5.6,High,Upto 10th,Semi-Urban,High,No,no
ST8187,55.24,74.92,57.94,CBSE,85.59,1,Allen,5.8,Mid,Upto 10th,Urban,Low,No,no
ST8188,84.51,76.12,82.15,CBSE,77.96,1,Local,4.7,Mid,PG,Rural,Low,No,no
ST8189,84.5,76.92,78.28,ICSE,81.89,1,Local,4.7,Low,12th,Urban,Low,Yes,yes
ST8190,97.61,81.15,67.83,ICSE,73.54,2,Local,5,Low,Graduate,Urban,High,Yes,yes
ST8191,66.26,75.66,57.62,ICSE,74.18,1,No Coaching,7.8,High,Graduate,Semi-Urban,Low,No,no
ST8192,81.97,59.44,58.78,ICSE,76.13,2,FIITJEE,1,Mid,Graduate,Rural,Medium,No,no
ST8193,100,64.87,61.78,CBSE,67.47,1,No Coaching,2.6,High,Upto 10th,Semi-Urban,Low,Yes,no
ST8194,63.35,67.46,46.57,ICSE,69.32,2,No Coaching,5.8,High,Upto 10th,Rural,Low,Yes,no
ST8195,50.51,67.72,55.96,ICSE,88.78,1,Allen,5,High,PG,Rural,Medium,No,no
ST8196,45.68,81.97,50.21,CBSE,95.08,1,Local,5,Low,PG,Rural,Medium,Yes,no
ST8197,81.98,76.3,84.15,ICSE,90.92,1,FIITJEE,5.8,High,Upto 10th,Urban,High,No,no
ST8198,45.64,99.24,75.42,CBSE,61.77,2,Local,4.9,Mid,12th,Semi-Urban,High,No,no
ST8199,66.79,100,77.43,CBSE,60.8,2,Local,3.4,Low,Graduate,Rural,High,No,yes
ST8200,78.12,67.27,75.07,ICSE,63.09,2,Local,5.8,Low,Graduate,Urban,High,Yes,no
ST8201,74.59,4.61,70,ICSE,76.34,2,FIITJEE,4.5,Low,Upto 10th,Semi-Urban,High,Yes,yes
ST8202,77.96,85.79,85.53,State,50,1,Allen,3.6,Mid,12th,Urban,Medium,Yes,no
ST8203,75.11,57.35,60.67,State,69.11,1,FIITJEE,5.9,High,12th,Urban,Medium,No,no
ST8204,89.9,53.18,69.28,CBSE,89.07,2,FIITJEE,5.8,High,12th,Rural,Medium,No,no
ST8205,58.67,59.62,76.96,CBSE,84.82,1,Allen,4.9,Low,12th,Semi-Urban,Low,No,no
ST8206,62.52,58.85,52.15,State,69.91,1,FIITJEE,7.9,Low,12th,Urban,Low,No,yes
ST8207,61.18,75.8,100,CBSE,70.67,1,FIITJEE,7.2,High,PG,Urban,Low,No,no
ST8208,83.62,41.05,68.34,State,80.67,2,No Coaching,6.5,Mid,Upto 10th,Urban,High,No,no
ST8209,84.61,48.76,69.7,ICSE,84.35,2,FIITJEE,9.6,Low,Upto 10th,Urban,Low,No,yes
ST8210,78.32,71.49,83.08,ICSE,69.67,1,No Coaching,4.2,Low,Upto 10th,Rural,High,No,yes
ST8211,88.57,75.97,78.98,ICSE,72.66,2,No Coaching,3.6,Mid,Graduate,Rural,High,Yes,no
ST8212,55.51,76.26,68.46,CBSE,69.34,2,No Coaching,6.2,Low,12th,Semi-Urban,High,No,yes
ST8213,95.34,53.41,69.56,ICSE,61.69,2,Local,4,Mid,12th,Urban,High,No,no
ST8214,93.33,50.35,49.95,CBSE,72.8,2,Allen,4.5,High,Graduate,Rural,Low,No,no
ST8215,82.3,57.89,61.32,ICSE,72.04,1,Local,2.5,High,12th,Semi-Urban,Medium,Yes,no
ST8216,96.95,69.84,74.21,CBSE,62.39,2,Allen,5.7,Low,12th,Semi-Urban,High,Yes,yes
ST8217,48.81,89.77,73.33,CBSE,81.46,2,FIITJEE,1.6,High,12th,Rural,Low,No,no
ST8218,64.66,33.24,82.65,State,79.83,1,No Coaching,4.3,Mid,12th,Rural,High,Yes,no
ST8219,61.71,62.47,66.55,State,81.96,2,Local,4.5,Low,12th,Urban,High,No,yes
ST8220,82.1,44.68,51.35,State,67.32,1,FIITJEE,3.6,Mid,PG,Rural,Medium,Yes,no
ST8221,57.3,39.56,80.68,CBSE,55.16,1,Local,1,High,Upto 10th,Rural,High,Yes,yes
ST8222,82.6,81.47,85.23,State,79.67,2,FIITJEE,1,High,PG,Rural,Medium,No,no
ST8223,91.19,74.71,78.78,State,68.36,1,Local,3,High,12th,Semi-Urban,Low,Yes,no
ST8224,81.73,73.19,66.04,State,66.09,1,FIITJEE,5.6,Low,Upto 10th,Rural,High,No,no
ST8225,75.97,80.74,80.53,CBSE,62.43,2,FIITJEE,5.1,Mid,Upto 10th,Semi-Urban,Medium,No,no
ST8226,58.17,58.32,100,CBSE,72.25,2,Local,4.5,Low,Upto 10th,Semi-Urban,High,Yes,no
ST8227,60.14,59.08,69.38,State,90.77,2,FIITJEE,2.7,High,Upto 10th,Rural,High,Yes,no
ST8228,89.49,100,52.26,State,69.95,1,No Coaching,5.2,High,Graduate,Semi-Urban,High,No,no
ST8229,82.91,62.05,60.96,CBSE,64.1,1,No Coaching,0.9,Low,Upto 10th,Urban,Medium,No,yes
ST8230,71.45,77.76,75.51,CBSE,81.52,1,No Coaching,0,Mid,Graduate,Urban,Low,No,no
ST8231,66.15,66.1,48.74,State,76.73,1,No Coaching,4,High,Graduate,Semi-Urban,Medium,No,no
ST8232,43.64,36.43,70.03,State,53.81,1,Allen,3.4,Mid,Upto 10th,Rural,Low,Yes,yes
ST8233,57.01,33.29,72.56,State,81.62,1,Local,6.5,High,12th,Rural,Medium,Yes,no
ST8234,98.76,56.74,86.42,CBSE,96.28,2,No Coaching,4.8,Low,12th,Semi-Urban,Medium,No,no
ST8235,54.07,82.9,83.72,State,50,1,No Coaching,7.8,High,Upto 10th,Rural,Low,No,no
ST8236,74.65,78.61,78.38,CBSE,62.64,1,No Coaching,3.4,Low,Upto 10th,Semi-Urban,Low,No,yes
ST8237,86.1,80.63,42.05,ICSE,50,2,Allen,5.5,Low,Graduate,Urban,Low,No,yes
ST8238,54.43,50.21,79.05,State,74.25,1,Local,4,Low,PG,Semi-Urban,Medium,No,no
ST8239,74.59,91.85,76.47,ICSE,84.9,1,FIITJEE,7.3,High,Graduate,Semi-Urban,Low,No,no
ST8240,85.13,50.56,71.07,CBSE,76.06,1,Allen,4.1,Mid,12th,Urban,High,No,no
ST8241,72.17,69.41,47.24,ICSE,88.92,2,No Coaching,6.2,Mid,PG,Urban,High,Yes,no
ST8242,100,65.83,58.68,State,83.31,2,No Coaching,2.3,High,PG,Semi-Urban,High,Yes,no
ST8243,48.64,63.22,54,ICSE,92.02,2,Allen,3.7,Low,PG,Urban,High,No,yes
ST8244,86.82,87.42,43.82,ICSE,86.6,2,Local,4.3,Mid,Graduate,Urban,Low,Yes,no
ST8245,69.58,54.72,67.97,ICSE,70.97,1,Local,7,Mid,Graduate,Rural,Low,No,no
ST8246,82.81,44.41,58.43,CBSE,75.67,1,FIITJEE,0.1,High,Upto 10th,Urban,High,Yes,yes
ST8247,78.18,66.32,99.5,State,66.31,2,Allen,3.8,Low,Graduate,Urban,Low,No,yes
ST8248,61.74,59.6,65.97,CBSE,72.69,1,Local,3.8,Mid,Graduate,Semi-Urban,High,No,no
ST8249,75.21,100,83.53,ICSE,75.62,1,Allen,0.3,High,PG,Urban,Medium,No,no
ST8250,45.99,76.82,49.17,ICSE,74.15,1,Local,3.6,High,PG,Semi-Urban,Low,Yes,no
ST8251,80.45,59.45,61.64,CBSE,88.42,2,Local,1.4,Low,Graduate,Rural,Medium,Yes,no
ST8252,76.17,49.1,69.16,CBSE,71.7,1,No Coaching,0,High,12th,Semi-Urban,Low,Yes,no
ST8253,80.94,35.92,57.1,ICSE,65.68,2,Local,4,Low,PG,Semi-Urban,Low,No,yes
ST8254,86.81,49.6,62.93,State,66.3,1,Local,3.9,Mid,Upto 10th,Rural,Low,Yes,no
ST8255,77.15,67.84,65.38,CBSE,81.55,1,Allen,4,High,12th,Rural,Medium,No,no
ST8256,74.07,88.84,65.19,ICSE,60.97,2,Local,5,Mid,PG,Urban,Medium,No,no
ST8257,59.67,83.95,90.26,ICSE,72.99,2,Local,2.7,Low,Upto 10th,Semi-Urban,High,No,no
ST8258,62.03,69.67,72.54,State,88.28,1,Allen,8.1,Low,PG,Semi-Urban,Medium,Yes,yes
ST8259,88.61,60.83,73.75,ICSE,77.93,2,Local,4.4,Low,Upto 10th,Semi-Urban,Medium,Yes,no
ST8260,92.11,70.3,74.48,CBSE,74.25,2,Allen,7.1,High,PG,Rural,High,Yes,no
ST8261,68.67,57.7,75.35,ICSE,74.64,1,Allen,1.1,High,PG,Semi-Urban,Medium,Yes,no
ST8262,72.64,93.49,67.01,ICSE,64.7,2,Allen,2.8,High,Graduate,Urban,Medium,Yes,no
ST8263,59.34,62.97,64.15,ICSE,66.43,2,Allen,5.9,Mid,12th,Rural,High,Yes,no
ST8264,88.42,64.62,70,ICSE,73.05,2,No Coaching,4,Mid,12th,Semi-Urban,Medium,No,no
ST8265,81.32,30.55,81.88,State,77.71,2,No Coaching,2.4,High,Graduate,Rural,High,No,no
ST8266,99.18,62.87,81.51,CBSE,84.48,2,No Coaching,0.8,Mid,PG,Rural,Low,Yes,no
ST8267,59.7,79.38,65.12,ICSE,75.93,2,No Coaching,6,Low,12th,Rural,Low,No,no
ST8268,66.71,48.92,77.21,CBSE,88.53,1,Allen,5.8,High,Upto 10th,Semi-Urban,Medium,No,no
ST8269,75.24,53.99,65.66,State,91.05,2,Allen,5,Low,Upto 10th,Semi-Urban,Low,No,yes
ST8270,81.05,78.68,68.41,CBSE,82.95,2,Allen,3.5,Low,PG,Urban,Medium,Yes,yes
ST8271,68.98,42.37,62.32,State,87.25,1,Allen,2.3,Low,PG,Rural,High,Yes,yes
ST8272,59.78,82.92,65.82,CBSE,65.09,2,No Coaching,4.4,Mid,Upto 10th,Semi-Urban,High,Yes,no
ST8273,84.34,57.49,84.1,CBSE,63.51,2,Local,1.9,Low,PG,Semi-Urban,High,No,yes
ST8274,82.1,59.78,69.11,ICSE,80.18,1,No Coaching,3,Mid,Graduate,Urban,Low,Yes,no
ST8275,59.17,48.02,69.62,CBSE,61.59,1,Allen,7,Low,12th,Semi-Urban,High,No,no
ST8276,90.98,72.05,50.63,ICSE,72.1,2,Allen,0.8,High,Upto 10th,Semi-Urban,High,Yes,yes
ST8277,88.38,100,64.29,ICSE,82.71,2,Local,5.9,Low,Graduate,Semi-Urban,Medium,No,yes
ST8278,73.88,78.5,65.1,CBSE,89.13,1,Allen,7.5,Low,Upto 10th,Rural,Medium,Yes,no
ST8279,73.11,52.17,58.05,ICSE,72.46,2,Local,6.1,High,Upto 10th,Urban,Medium,No,no
ST8280,79.76,84.17,68.26,CBSE,68.5,2,Allen,5.3,Mid,PG,Urban,Medium,No,no
ST8281,59.94,60.93,62.85,ICSE,78.2,1,Local,3.6,High,12th,Urban,High,No,no
ST8282,72.42,87.99,68.96,ICSE,64.26,1,FIITJEE,3.2,Low,Graduate,Semi-Urban,Medium,Yes,yes
ST8283,41.87,78.91,69.46,State,73.27,1,FIITJEE,0,Low,Upto 10th,Semi-Urban,Low,Yes,yes
ST8284,84.27,18.91,56.53,State,74.92,2,FIITJEE,4.6,Mid,Upto 10th,Semi-Urban,Low,No,no
ST8285,50.14,49.93,63.22,CBSE,74.72,1,FIITJEE,3.7,Low,PG,Rural,Low,Yes,yes
ST8286,93.05,81.11,68.93,ICSE,75.89,2,Allen,3.1,Low,Graduate,Rural,Medium,Yes,yes
ST8287,67.38,68.43,82.21,State,66.65,1,Allen,4.5,Mid,PG,Urban,High,Yes,no
ST8288,69.04,49.62,71.08,State,67.73,1,Allen,4.6,Mid,PG,Rural,Medium,Yes,no
ST8289,63.21,55.86,60.06,State,67.53,2,FIITJEE,3.2,Mid,Graduate,Rural,Low,No,no
ST8290,67.97,35.5,72.79,ICSE,58.8,1,Local,7.7,Mid,12th,Semi-Urban,Medium,No,no
ST8291,91.86,64.59,88.49,CBSE,78.42,2,Local,6,Low,PG,Semi-Urban,Low,No,yes
ST8292,37.17,100,79,ICSE,83.95,2,FIITJEE,6.3,Mid,Upto 10th,Urban,High,No,no
ST8293,89.88,78.88,74.57,ICSE,82.96,2,Allen,4.3,Mid,12th,Semi-Urban,High,No,no
ST8294,76.73,100,76.71,State,72.38,2,FIITJEE,5.5,Low,Upto 10th,Semi-Urban,High,No,yes
ST8295,55.1,80.12,85.28,ICSE,66.89,2,No Coaching,2.7,Mid,12th,Rural,High,No,no
ST8296,56.95,82.44,80.91,ICSE,82.44,1,Local,5.8,Low,Upto 10th,Urban,High,Yes,yes
ST8297,95.47,97.59,74.8,State,81.39,1,FIITJEE,4.1,Mid,PG,Rural,Medium,No,no
ST8298,58.76,72.04,80.82,State,77.17,2,FIITJEE,2.5,Mid,PG,Urban,High,No,no
ST8299,55.85,63,55.02,ICSE,92.44,2,FIITJEE,4.5,High,PG,Urban,Medium,No,no
ST8300,87.92,82.52,49.97,State,74.74,2,FIITJEE,3.9,Low,Graduate,Semi-Urban,Low,Yes,no
ST8301,76.74,89.26,69.89,CBSE,72.43,2,Allen,9.1,Mid,PG,Rural,Low,Yes,no
ST8302,58.87,58.32,68.82,CBSE,71,1,Local,5.4,High,12th,Rural,High,No,no
ST8303,75.03,54.45,61.47,CBSE,59.39,1,No Coaching,7.7,High,PG,Semi-Urban,Medium,No,no
ST8304,57.64,68.22,77.91,CBSE,81.61,1,Allen,6.8,Low,Graduate,Urban,High,Yes,no
ST8305,87.41,79.3,45.65,CBSE,73.95,1,FIITJEE,4.6,High,Upto 10th,Urban,Low,Yes,no
ST8306,86.86,78.77,61.58,State,80.1,1,FIITJEE,3.6,Low,Graduate,Urban,Medium,No,yes
ST8307,79.45,43.21,62.18,State,93.42,1,FIITJEE,1,High,12th,Urban,Low,No,no
ST8308,77.06,96.59,48.36,CBSE,71.09,2,FIITJEE,2.8,Low,12th,Semi-Urban,Medium,No,yes
ST8309,96.66,55.74,85.94,CBSE,51.62,1,Local,5.8,Mid,Graduate,Urban,Low,No,no
ST8310,72,61.76,51.69,CBSE,79.81,1,FIITJEE,3.9,Low,Upto 10th,Rural,High,No,yes
ST8311,55.45,51.56,60.94,State,76.67,2,No Coaching,5.3,High,PG,Urban,High,No,no
ST8312,78.29,100,78.9,State,67.68,2,Allen,0.4,Low,12th,Urban,High,No,yes
ST8313,100,69.87,75.75,ICSE,78.97,2,Local,5.4,Mid,PG,Urban,Low,Yes,no
ST8314,57.79,52.38,54.7,ICSE,82.86,2,FIITJEE,6.7,Mid,Upto 10th,Semi-Urban,Low,No,no
ST8315,66.94,79.82,76.19,ICSE,65.53,2,No Coaching,0.9,High,12th,Urban,Low,Yes,no
ST8316,77.83,78.31,71.48,ICSE,71.99,1,Allen,5.2,High,Upto 10th,Semi-Urban,High,Yes,no
ST8317,71.25,63,96,State,89.77,2,Allen,7.2,High,Upto 10th,Rural,Low,Yes,no
ST8318,58.25,79.45,72.85,State,67.78,2,Local,7.9,Mid,Graduate,Urban,Low,No,no
ST8319,87.71,52.8,66.31,State,75.67,2,Allen,3.5,Mid,Upto 10th,Urban,High,Yes,no
ST8320,100,58.11,57.72,State,50,1,FIITJEE,6.1,High,12th,Rural,Low,Yes,no
ST8321,74.75,33.84,59.07,CBSE,60.18,2,FIITJEE,7.4,Mid,Graduate,Urban,Medium,No,no
ST8322,59.34,44.82,58.09,ICSE,76.58,2,No Coaching,5.3,Mid,12th,Urban,Low,No,no
ST8323,50.31,94.92,84.45,State,87.28,1,No Coaching,7.1,High,Graduate,Semi-Urban,High,No,no
ST8324,75.61,92.26,68.22,State,61.38,2,Allen,4.4,Mid,Graduate,Semi-Urban,Medium,No,no
ST8325,87.45,67.05,74.78,ICSE,75.75,1,Local,5.3,High,Upto 10th,Rural,High,No,no
ST8326,78.65,92.61,86.17,State,71.24,1,FIITJEE,3.3,Mid,Upto 10th,Semi-Urban,High,No,no
ST8327,71.97,63.44,39.7,CBSE,84.53,2,Allen,4.2,Low,PG,Semi-Urban,High,No,no
ST8328,63.75,62.11,83.35,State,62.82,1,Local,5.4,Low,12th,Rural,Medium,No,yes
ST8329,56.71,66.9,68.66,ICSE,79.3,2,Allen,3.1,Mid,12th,Rural,Medium,No,no
ST8330,83.69,64,73.22,CBSE,68.46,2,Local,4.1,Mid,PG,Urban,High,No,no
ST8331,84.79,62.56,58.06,CBSE,77.23,2,No Coaching,6,Low,Upto 10th,Urban,Low,Yes,yes
ST8332,50.36,84.29,58.94,ICSE,75.69,1,FIITJEE,8.6,High,12th,Urban,Medium,No,no
ST8333,94.26,68.4,73.87,ICSE,72.48,1,No Coaching,0.4,High,12th,Urban,High,Yes,yes
ST8334,80.04,77.4,96.62,CBSE,79.78,1,FIITJEE,8.5,Low,Upto 10th,Semi-Urban,Low,Yes,yes
ST8335,91.59,82.5,80.04,State,75.44,1,Local,4,High,Graduate,Semi-Urban,High,No,no
ST8336,53.21,72.21,83.19,ICSE,73.67,1,Local,6.4,High,Upto 10th,Rural,Medium,No,no
ST8337,52.88,50.48,65.7,CBSE,71.44,2,Allen,6.8,Low,PG,Rural,Medium,No,yes
ST8338,69.91,44.35,60.8,ICSE,75.78,2,Local,7.6,Low,12th,Semi-Urban,Low,No,yes
ST8339,79.04,68.38,58.63,State,77.22,2,Local,3,Mid,Graduate,Urban,Medium,Yes,no
ST8340,97.15,63.26,62.14,State,65.11,1,Allen,4,Low,PG,Urban,High,No,yes
ST8341,81.89,67.4,43.37,CBSE,71.51,1,Allen,4.4,Low,Upto 10th,Urban,High,Yes,no
ST8342,68.6,65.74,59.3,State,64.45,1,FIITJEE,3.8,High,Graduate,Urban,Low,Yes,no
ST8343,57.63,100,61.28,State,74.6,2,Local,7.1,High,12th,Rural,Low,No,no
ST8344,89.22,44.72,65.9,State,69.08,2,Allen,4.3,Mid,Graduate,Semi-Urban,Low,No,no
ST8345,58.49,34.16,69.58,ICSE,82.71,1,FIITJEE,1.3,High,12th,Rural,Low,Yes,no
ST8346,94.8,71.32,72.35,CBSE,81.73,2,FIITJEE,3.2,High,Upto 10th,Semi-Urban,High,No,no
ST8347,68.02,59.98,67.82,CBSE,65.77,1,No Coaching,1.3,High,Graduate,Urban,High,No,yes
ST8348,94.27,71.06,61.02,CBSE,74.98,2,Allen,4,Low,Graduate,Rural,High,No,yes
ST8349,81.51,75.34,44.44,State,81.39,1,No Coaching,5.8,High,Graduate,Semi-Urban,High,No,no
ST8350,70.08,86.55,61.1,ICSE,73.25,1,FIITJEE,3.2,Low,12th,Semi-Urban,Low,No,no
ST8351,64.73,41.88,56.33,CBSE,67.72,2,Local,3.7,High,Upto 10th,Semi-Urban,Medium,No,no
ST8352,67.23,57.09,73.59,ICSE,64.08,2,Allen,4,Low,Upto 10th,Semi-Urban,High,No,no
ST8353,78,72.86,78.91,CBSE,83.54,1,Allen,4.8,High,12th,Urban,Medium,Yes,no
ST8354,73.08,78.33,79.26,State,84.03,2,FIITJEE,5.5,Mid,Graduate,Urban,Low,No,no
ST8355,63.69,100,77.08,CBSE,72.92,2,Allen,6.1,Mid,12th,Semi-Urban,Low,Yes,no
ST8356,69.68,81.29,66.4,CBSE,82.66,2,FIITJEE,9,Mid,12th,Semi-Urban,Medium,Yes,no
ST8357,73.1,65.09,61.74,State,50,1,Allen,4.7,High,PG,Semi-Urban,Low,No,no
ST8358,42.2,51.75,59.03,State,88.28,2,Allen,6,Mid,Upto 10th,Urban,Medium,No,no
ST8359,78.41,56.97,49.91,CBSE,73.43,2,Local,1.3,Low,12th,Rural,High,No,yes
ST8360,58.28,56.52,79.9,ICSE,76.42,2,FIITJEE,3.7,Mid,Graduate,Semi-Urban,Low,Yes,no
ST8361,55.85,76.48,65.9,State,71.79,2,No Coaching,4,Mid,12th,Rural,Low,Yes,no
ST8362,48.38,70.11,53.04,CBSE,88.96,1,Local,2.5,Mid,12th,Urban,Medium,No,no
ST8363,46.89,44.82,58.08,State,64.39,1,FIITJEE,3.4,Mid,12th,Urban,Medium,No,no
ST8364,53.02,59.03,57.6,ICSE,89.74,1,Allen,4.3,Low,Graduate,Urban,Medium,No,yes
ST8365,62.07,80.04,68.52,CBSE,78.96,2,FIITJEE,3.5,Mid,PG,Urban,Medium,No,no
ST8366,99.35,71.63,80.81,CBSE,81.23,1,FIITJEE,9.7,High,12th,Urban,Medium,Yes,no
ST8367,64.64,75.1,63.82,ICSE,71.71,2,Local,5.5,Mid,Upto 10th,Rural,Low,Yes,no
ST8368,74.49,72.13,40.97,ICSE,61.92,1,FIITJEE,8.5,High,12th,Rural,Medium,Yes,no
ST8369,77.61,92.02,65.73,CBSE,84.31,1,Allen,7.5,High,PG,Rural,High,Yes,no
ST8370,73.83,69.78,66.13,ICSE,78.11,2,No Coaching,3.2,Mid,12th,Rural,Medium,Yes,no
ST8371,70.92,59.82,65.3,ICSE,88.62,2,No Coaching,4.6,Mid,Upto 10th,Semi-Urban,Low,No,no
ST8372,55.27,51.35,60.47,CBSE,73.06,2,Allen,3.6,High,PG,Urban,High,Yes,no
ST8373,92.31,69.99,70.61,State,70.81,1,No Coaching,4.2,Low,Upto 10th,Rural,Low,No,no
ST8374,97.3,26.95,68.79,ICSE,88.88,2,Local,2.5,Low,Upto 10th,Rural,Medium,Yes,yes
ST8375,48.44,63.05,67.7,State,94.12,2,FIITJEE,3.6,Mid,Upto 10th,Semi-Urban,Low,Yes,no
ST8376,57.66,62.71,72.95,State,75.09,2,FIITJEE,5.2,Low,PG,Semi-Urban,Low,No,yes
ST8377,68.08,44.17,62.84,State,67.47,1,No Coaching,5.2,Low,PG,Urban,Medium,Yes,yes
ST8378,58.5,51.15,62.16,ICSE,83.11,2,No Coaching,5,Mid,Upto 10th,Urban,Low,No,no
ST8379,79.08,78.95,84.56,CBSE,72.46,1,No Coaching,4.4,High,Upto 10th,Semi-Urban,Low,No,no
ST8380,61.8,69.69,74.71,CBSE,80.99,1,Local,6.2,High,Graduate,Semi-Urban,Low,No,no
ST8381,100,67.63,77.92,CBSE,72.41,2,FIITJEE,4,Low,PG,Semi-Urban,High,No,no
ST8382,88.67,70.9,82.71,CBSE,90.64,2,FIITJEE,7.3,High,12th,Urban,Low,Yes,no
ST8383,74.98,67.48,74.31,CBSE,68.01,2,Allen,0.8,Mid,PG,Semi-Urban,Medium,Yes,no
ST8384,86.38,85.89,79.14,CBSE,79.81,2,Allen,5.8,Low,Graduate,Rural,Medium,No,no
ST8385,87.48,67.97,49.05,State,70.11,1,Local,5.5,High,Graduate,Urban,Low,No,no
ST8386,64.1,42.67,70.45,State,72.18,2,FIITJEE,3.2,Low,Upto 10th,Urban,Medium,Yes,yes
ST8387,60.57,92.08,65.81,State,70.88,2,FIITJEE,3.8,High,PG,Rural,High,Yes,no
ST8388,73.09,71.93,88.13,ICSE,82.39,1,Allen,5.4,Low,12th,Rural,Medium,No,yes
ST8389,84.06,56.57,79.13,ICSE,84.18,1,Allen,6.3,High,PG,Urban,Medium,No,no
ST8390,73.95,45.95,60.43,ICSE,80.58,2,FIITJEE,1,High,Graduate,Urban,Low,No,no
ST8391,49.92,72.33,72.47,CBSE,73.92,2,Local,5.8,Mid,12th,Semi-Urban,High,No,no
ST8392,60.76,64.13,70.01,State,76.4,2,No Coaching,3.6,Mid,12th,Semi-Urban,High,Yes,no
ST8393,70.96,91.19,73.45,ICSE,83.98,2,Local,6.8,Mid,Upto 10th,Rural,Medium,No,no
ST8394,70.94,60.47,55.77,State,84.29,2,FIITJEE,0.8,Low,PG,Rural,Medium,Yes,yes
ST8395,99.62,52.6,72.32,CBSE,50,1,No Coaching,9.4,Low,PG,Rural,Low,No,yes
ST8396,52.6,80.33,65.26,State,72.28,1,Local,2.7,Low,PG,Rural,Low,No,no
ST8397,79.08,80.8,71.39,CBSE,72.76,1,Local,7.4,High,12th,Semi-Urban,High,Yes,no
ST8398,92.85,68.7,59.31,ICSE,81.69,2,FIITJEE,4.4,High,Graduate,Urban,Low,Yes,no
ST8399,100,76.82,60.98,CBSE,74.33,2,Allen,2.9,High,Graduate,Semi-Urban,High,Yes,no
ST8400,66.34,65.4,82.09,CBSE,82.19,2,Local,5,Low,Upto 10th,Rural,High,Yes,no
ST8401,78.88,69.74,55.38,State,64.21,2,Local,6.6,Mid,Graduate,Semi-Urban,Medium,No,no
ST8402,79.98,84.64,56.27,CBSE,77.6,1,Allen,1.4,Low,PG,Rural,High,No,yes
ST8403,74.74,76.01,67.38,ICSE,84,1,Local,5.9,Low,Upto 10th,Semi-Urban,High,No,no
ST8404,70.62,63.29,58.74,ICSE,60.26,2,Local,4.5,Mid,Graduate,Urban,High,No,no
ST8405,78.1,87.64,57.38,CBSE,100,2,Allen,5.7,Mid,Graduate,Rural,High,Yes,no
ST8406,36.55,28.16,69.26,State,86.91,2,FIITJEE,4.5,Low,Upto 10th,Semi-Urban,Medium,No,no
ST8407,81.55,98.83,49.94,ICSE,75.01,1,FIITJEE,3.4,High,12th,Rural,Low,Yes,no
ST8408,73.77,38.7,55.9,ICSE,66.72,1,FIITJEE,2.3,High,Upto 10th,Urban,Low,No,no
ST8409,68.89,55.97,92.65,CBSE,73.25,2,No Coaching,5.8,Mid,12th,Rural,High,No,no
ST8410,100,65.35,73.51,CBSE,75.84,2,FIITJEE,5.8,Low,PG,Urban,Low,Yes,yes
ST8411,62.55,63.66,59.04,ICSE,79.41,1,No Coaching,5.8,High,12th,Semi-Urban,Low,No,no
ST8412,66.36,82.1,73.02,CBSE,90.01,2,No Coaching,5.4,High,Upto 10th,Urban,High,No,no
ST8413,99.88,49.07,74.81,CBSE,70.24,1,No Coaching,6.4,Mid,PG,Rural,High,Yes,no
ST8414,60.35,70.17,79.93,ICSE,80.63,2,Allen,7.3,Low,Upto 10th,Semi-Urban,Low,Yes,no
ST8415,64.3,56.75,66.47,State,62.08,1,No Coaching,0.7,Mid,Upto 10th,Rural,Medium,Yes,no
ST8416,69.94,70.72,79.72,State,70.86,2,No Coaching,0,Low,12th,Rural,Low,No,yes
ST8417,83.77,64.96,43.54,ICSE,78.77,1,Allen,7.9,Low,12th,Semi-Urban,High,Yes,yes
ST8418,74.91,67.49,55.32,CBSE,81.91,1,Local,1.8,Low,12th,Urban,Low,Yes,no
ST8419,53.9,57.2,69.97,ICSE,67.47,2,Local,2.3,Low,PG,Urban,Low,No,yes
ST8420,64.55,57.84,71.96,ICSE,70.59,1,No Coaching,3.9,Low,12th,Semi-Urban,Medium,Yes,no
ST8421,63.5,70.6,57.06,CBSE,89.61,2,FIITJEE,1.2,Low,PG,Semi-Urban,Low,No,yes
ST8422,70.92,81.1,71.11,State,86.62,1,Local,3.7,High,Upto 10th,Rural,Low,Yes,no
ST8423,77.96,56.43,60.51,State,77.08,2,FIITJEE,2.6,High,Upto 10th,Rural,High,No,no
ST8424,77.85,52.1,64.68,CBSE,52.63,2,Allen,4,High,12th,Semi-Urban,Medium,Yes,no
ST8425,47.14,75.82,80.3,ICSE,100,1,Local,5.1,High,Graduate,Semi-Urban,Low,Yes,no
ST8426,86.9,65.48,78.91,CBSE,74.8,2,Allen,3.8,Low,Upto 10th,Rural,Low,Yes,yes
ST8427,75.54,79.29,56.04,ICSE,71.87,2,No Coaching,3.7,High,Graduate,Rural,High,Yes,no
ST8428,91.38,51.51,55.31,CBSE,69.78,2,Local,5,Low,Graduate,Urban,High,No,no
ST8429,78.22,37.53,63.07,CBSE,78.76,2,No Coaching,6.6,Mid,Graduate,Semi-Urban,Medium,Yes,no
ST8430,87.42,57.47,67.68,State,78.87,1,No Coaching,7.7,Mid,12th,Rural,Medium,No,no
ST8431,78.53,53.74,60.11,State,84.51,1,Allen,4.1,High,PG,Urban,Medium,No,no
ST8432,90.85,64.74,80.49,CBSE,65.74,2,Local,8.1,Low,Upto 10th,Rural,High,No,no
ST8433,79.31,55.81,72.17,CBSE,71.88,1,Local,6.3,High,Graduate,Semi-Urban,High,Yes,no
ST8434,70.63,77.86,72.87,State,95.31,2,Local,2,Low,PG,Urban,High,Yes,no
ST8435,100,61.39,52.8,ICSE,77.25,2,No Coaching,2,High,12th,Rural,High,Yes,no
ST8436,84.45,68.41,82.01,State,73.27,2,Local,3.3,Mid,Upto 10th,Semi-Urban,Medium,Yes,no
ST8437,80.03,68.52,34.16,ICSE,65.58,1,FIITJEE,7.4,Mid,PG,Semi-Urban,Medium,No,no
ST8438,54.13,69.12,78.01,State,80.06,2,FIITJEE,3.5,High,12th,Semi-Urban,Medium,No,no
ST8439,53.96,65.61,79.21,State,85.31,2,No Coaching,0.7,High,Upto 10th,Semi-Urban,High,No,yes
ST8440,76.1,74.17,62.81,ICSE,83.75,1,Allen,4,Low,Upto 10th,Urban,High,Yes,no
ST8441,74.04,53.27,83.27,CBSE,72.41,2,FIITJEE,0.5,Mid,12th,Rural,High,No,yes
ST8442,63.4,88.39,67.24,State,78.61,1,Allen,2.4,High,Graduate,Rural,High,No,no
ST8443,73.97,62.22,68.75,State,91.72,1,Local,3.3,Low,Upto 10th,Semi-Urban,Low,No,no
ST8444,94.24,45.02,72.07,State,85.71,1,FIITJEE,4.8,Mid,Upto 10th,Rural,Medium,No,no
ST8445,81.74,69.01,100,CBSE,67.16,2,No Coaching,6.5,Low,Graduate,Semi-Urban,Medium,No,yes
ST8446,56.03,52.38,84.13,State,50,2,No Coaching,5.9,Mid,PG,Rural,Low,Yes,no
ST8447,70.44,76.65,76.41,CBSE,77.97,2,Allen,2.1,Mid,Upto 10th,Rural,Medium,No,no
ST8448,60.73,100,57.05,State,82.99,2,No Coaching,3.8,Low,PG,Rural,High,No,no
ST8449,66.57,53.41,69.72,ICSE,64.11,2,Allen,4.7,Low,Graduate,Urban,Medium,No,no
ST8450,66.21,71.32,58.24,State,74.91,2,Allen,4,Mid,Upto 10th,Semi-Urban,High,No,no
ST8451,65.31,37.91,77.87,State,72.36,2,FIITJEE,4,Mid,Graduate,Urban,High,No,no
ST8452,54.43,73.26,69.69,CBSE,76.04,2,FIITJEE,1.1,Low,Upto 10th,Rural,High,Yes,yes
ST8453,70.21,51.83,54.51,CBSE,69.55,2,No Coaching,2.2,High,Upto 10th,Urban,Low,No,no
ST8454,64.15,56,68.97,CBSE,87.91,2,Allen,3.7,Low,Upto 10th,Urban,Medium,Yes,no
ST8455,30.99,48.38,57.81,ICSE,76.48,2,FIITJEE,0,High,Graduate,Urban,High,Yes,yes
ST8456,100,77.71,69.81,ICSE,66.21,2,Local,5.8,Low,Upto 10th,Rural,Medium,Yes,no
ST8457,87.24,82.12,57.69,CBSE,84.17,1,No Coaching,1.8,High,PG,Urban,Low,Yes,no
ST8458,66.73,66.37,68.33,ICSE,62.36,1,No Coaching,5.9,High,12th,Rural,Medium,Yes,no
ST8459,72.26,52.17,77.01,CBSE,87.84,2,Local,5.7,Mid,12th,Semi-Urban,Medium,No,no
ST8460,55.6,91.43,67.36,ICSE,84.91,2,Local,3.4,Low,12th,Rural,Medium,No,yes
ST8461,95.74,53.99,63.31,CBSE,88.9,1,Local,6.5,Low,PG,Rural,Medium,Yes,yes
ST8462,98.56,31.41,70.44,CBSE,73.42,1,FIITJEE,6,Low,Upto 10th,Rural,Low,Yes,no
ST8463,74.19,73.33,76.37,ICSE,70.04,2,Local,3.9,High,Graduate,Semi-Urban,Medium,Yes,no
ST8464,86.33,48.32,54.71,State,75.84,2,No Coaching,3.7,High,Graduate,Semi-Urban,High,Yes,no
ST8465,74.45,81.82,71.13,CBSE,74.16,2,FIITJEE,6.7,Mid,Upto 10th,Rural,Low,No,no
ST8466,53.29,59.9,83.81,CBSE,68.47,2,Allen,5,High,PG,Rural,Medium,No,no
ST8467,66.23,75.66,74.88,State,69.46,2,Local,6.6,Low,12th,Semi-Urban,Medium,Yes,yes
ST8468,73.85,88.42,68.69,CBSE,71.34,1,No Coaching,0,High,PG,Semi-Urban,High,No,yes
ST8469,65.64,46.66,75.68,CBSE,63.3,2,Local,4.7,High,PG,Rural,Low,Yes,no
ST8470,68.94,56.95,73.43,ICSE,81.78,1,Allen,1.3,Mid,Graduate,Semi-Urban,Low,No,no
ST8471,70.72,64.79,77.04,State,74.48,1,FIITJEE,4.4,High,Upto 10th,Rural,High,Yes,no
ST8472,70.87,90.6,43.71,CBSE,71.92,2,Allen,5.9,Low,Graduate,Rural,Medium,No,yes
ST8473,72.73,55.47,49.36,CBSE,63.9,2,FIITJEE,8,Low,12th,Rural,Medium,No,yes
ST8474,57.15,56.49,80.06,State,63.4,1,No Coaching,2.6,Low,12th,Semi-Urban,Low,Yes,no
ST8475,61.96,73.65,49.94,State,94.36,2,No Coaching,3.4,Low,Graduate,Semi-Urban,Low,Yes,no
ST8476,54.02,56.76,72.82,ICSE,68.73,1,No Coaching,4.3,Mid,Upto 10th,Semi-Urban,Medium,No,no
ST8477,85.69,68.44,63.78,ICSE,81.11,1,Allen,2.6,Mid,Upto 10th,Rural,High,Yes,no
ST8478,42.52,41.18,56.05,ICSE,76.63,2,Local,6.5,Low,PG,Rural,High,Yes,yes
ST8479,88.15,100,72.2,CBSE,50,2,Local,4.4,Low,PG,Urban,Medium,No,no
ST8480,91.41,44.44,70.41,State,92.92,2,Allen,4.7,High,Graduate,Rural,High,Yes,no
ST8481,67.77,60.85,93.32,ICSE,81.84,1,Local,5.7,High,12th,Rural,Low,Yes,no
ST8482,35.56,65.48,60.5,State,67.32,1,Allen,4.4,High,Upto 10th,Urban,Medium,No,no
ST8483,66.94,96.6,85.28,CBSE,74.72,1,Local,2.9,High,Graduate,Rural,High,Yes,no
ST8484,71.1,44.8,72.23,CBSE,63.51,2,FIITJEE,4.4,High,Graduate,Rural,High,No,no
ST8485,57.85,97.74,60.07,State,93.26,1,No Coaching,2.8,Low,12th,Semi-Urban,Low,No,no
ST8486,64.79,78.11,77.59,State,65.92,2,Local,4.7,High,PG,Urban,Low,Yes,no
ST8487,93.42,72.67,74.79,ICSE,69.77,2,Allen,6.5,High,12th,Semi-Urban,Medium,Yes,no
ST8488,81.31,50.25,68.43,State,67.7,1,FIITJEE,2.2,High,PG,Urban,Low,Yes,no
ST8489,59.06,75.14,71.2,ICSE,75.8,2,Local,1.4,Mid,PG,Rural,Low,No,no
ST8490,49.63,54.42,60.84,State,88.7,1,Local,4.6,Mid,Upto 10th,Urban,Medium,Yes,no
ST8491,67.42,86.27,58.09,State,92.89,2,Allen,3,Mid,Upto 10th,Semi-Urban,High,No,no
ST8492,69.01,50.46,77.11,State,71.01,2,FIITJEE,4.6,Low,PG,Rural,Low,Yes,no
ST8493,78.95,64.19,65.31,CBSE,78.78,1,No Coaching,5.1,Mid,PG,Semi-Urban,Medium,No,no
ST8494,64.51,57.12,67.04,CBSE,75.82,2,Allen,0.2,High,Upto 10th,Urban,Low,Yes,no
ST8495,79.16,50.2,71.36,CBSE,65.18,1,Local,5.9,High,PG,Urban,Low,No,no
ST8496,99.09,77.86,71.18,ICSE,99.23,2,No Coaching,2.2,High,PG,Urban,High,Yes,no
ST8497,83.42,74.57,50.85,ICSE,88.63,1,Local,4.5,Low,PG,Semi-Urban,Low,Yes,yes
ST8498,71.33,85.34,83.44,CBSE,76.89,1,Allen,3.2,Mid,12th,Rural,Low,No,no
ST8499,69.44,37.52,69.45,CBSE,90.82,2,FIITJEE,3.4,Mid,Graduate,Rural,Low,No,no
ST8500,67.01,83.03,65.57,State,87.12,2,No Coaching,7.9,High,PG,Semi-Urban,High,No,no
ST8501,88.53,100,73.17,State,75.82,1,Allen,5.1,High,Upto 10th,Semi-Urban,Low,No,no
ST8502,63.22,58.77,70.84,ICSE,78.26,1,Allen,6.3,Mid,PG,Semi-Urban,Medium,No,no
ST8503,72.63,96.32,77.2,ICSE,90.12,1,No Coaching,4.8,Mid,PG,Rural,Medium,No,no
ST8504,72.72,61.79,74.46,State,65.54,1,FIITJEE,5.7,High,Upto 10th,Urban,High,Yes,no
ST8505,64.98,44.04,76.61,ICSE,91.74,2,Local,5.3,Mid,Upto 10th,Semi-Urban,High,No,no
ST8506,52.79,61.11,84.21,CBSE,72.75,2,No Coaching,5,Mid,PG,Semi-Urban,High,Yes,no
ST8507,76.52,82.77,78.6,State,90.25,2,Allen,6.7,Low,Graduate,Urban,Low,No,no
ST8508,71.15,52.59,66.07,State,74.95,2,No Coaching,4.8,High,Upto 10th,Rural,High,No,no
ST8509,79,56.39,54.53,ICSE,78.38,2,No Coaching,9.1,Mid,Upto 10th,Semi-Urban,Medium,No,no
ST8510,64.53,75.5,88.01,State,74.66,1,FIITJEE,6.4,Low,12th,Semi-Urban,Medium,No,yes
ST8511,89.09,66.05,65.15,State,69.68,1,FIITJEE,2.2,Low,PG,Semi-Urban,Low,No,yes
ST8512,59.73,75.35,62.32,CBSE,72.3,2,Local,4.1,Low,12th,Urban,Low,Yes,no
ST8513,95.97,69.81,47.16,State,88.79,2,No Coaching,5.3,Low,12th,Urban,Low,Yes,yes
ST8514,47.53,73.67,72.06,State,51.86,1,FIITJEE,4.6,Low,Graduate,Urban,Low,No,no
ST8515,78.09,59.08,69.79,State,62.61,2,FIITJEE,5.9,Low,PG,Urban,Medium,Yes,no
ST8516,78.66,69.71,49.82,State,67.75,2,Allen,6.1,Low,PG,Rural,Medium,Yes,no
ST8517,60.86,51.16,73.44,CBSE,64.22,1,FIITJEE,1.8,High,12th,Urban,High,No,yes
ST8518,77.94,86.61,62.02,State,90.1,2,No Coaching,7.1,High,Upto 10th,Semi-Urban,Low,No,no
ST8519,89.91,55.85,100,CBSE,87.58,2,No Coaching,3.5,High,Upto 10th,Semi-Urban,Medium,No,no
ST8520,40.96,84.06,61.17,CBSE,80.92,2,Allen,3.3,Low,PG,Semi-Urban,Medium,Yes,yes
ST8521,79.04,62.26,62.78,CBSE,68.62,2,Allen,3.3,Mid,Graduate,Semi-Urban,High,No,no
ST8522,37.09,69.23,57.5,ICSE,88.35,1,Allen,6.1,Low,Graduate,Rural,Medium,Yes,no
ST8523,58.48,58.08,83.33,ICSE,59.12,2,No Coaching,4,High,PG,Rural,Medium,Yes,no
ST8524,94.81,49.74,63.53,State,96.42,2,No Coaching,3.2,High,Upto 10th,Rural,Low,No,no
ST8525,63.86,38.08,59.3,CBSE,68.15,1,Local,3.7,Low,Graduate,Rural,High,Yes,yes
ST8526,55.57,49.11,76.48,ICSE,72.38,1,FIITJEE,0.9,High,PG,Rural,Low,Yes,no
ST8527,69.23,60.82,51.44,State,70.71,1,Allen,2.8,Mid,PG,Rural,Low,No,no
ST8528,100,69.39,75.5,ICSE,64.27,2,FIITJEE,2,Mid,Upto 10th,Urban,High,No,no
ST8529,46.36,82.17,89.38,CBSE,94.25,1,FIITJEE,4,Mid,12th,Rural,High,No,no
ST8530,57.28,58.87,74.8,State,82.89,1,Local,5.8,Low,Upto 10th,Rural,Low,Yes,yes
ST8531,92.96,51.89,75.65,CBSE,87.15,2,No Coaching,5.6,High,Graduate,Semi-Urban,Low,No,no
ST8532,98.01,42.92,78.44,CBSE,62.76,1,FIITJEE,7,High,12th,Semi-Urban,Low,No,no
ST8533,70.55,73.68,88.52,ICSE,76.81,2,Allen,6.6,Mid,Upto 10th,Rural,Low,Yes,no
ST8534,54.65,88.13,82.52,State,80.21,2,Allen,3.4,High,Graduate,Urban,High,Yes,no
ST8535,100,86.26,73.28,State,77.71,2,No Coaching,4.5,Low,Graduate,Urban,Medium,No,no
ST8536,94.32,77.36,78.85,State,63.4,1,No Coaching,4.4,Mid,12th,Urban,High,Yes,no
ST8537,81.51,76.22,57.37,ICSE,85.76,2,No Coaching,0.2,Low,Upto 10th,Urban,Medium,No,yes
ST8538,60.63,93.16,77.32,State,76.22,1,Allen,2.1,Low,Upto 10th,Rural,High,Yes,no
ST8539,71.31,71.31,55.93,ICSE,65.45,1,No Coaching,4.2,High,Graduate,Urban,Low,Yes,no
ST8540,69.75,76.34,63.6,State,56.45,2,Local,4.2,Low,PG,Rural,Medium,Yes,yes
ST8541,76.63,60.87,31.01,ICSE,81.07,2,Local,5.5,Mid,PG,Rural,High,No,no
ST8542,92.31,44.21,72.82,State,99.5,1,Allen,5.4,Low,12th,Rural,High,Yes,no
ST8543,84.31,55.06,60.27,ICSE,64.85,2,Local,1,High,Upto 10th,Rural,High,Yes,yes
ST8544,56.92,65.85,81.33,CBSE,76.7,1,FIITJEE,5.5,Low,PG,Rural,Low,Yes,yes
ST8545,91.27,66.97,72.68,CBSE,86.1,1,No Coaching,4.9,Low,12th,Semi-Urban,High,No,yes
ST8546,76.38,96.82,81.49,CBSE,62.3,1,Local,5.7,High,Graduate,Rural,High,Yes,no
ST8547,81.62,67.3,55,State,70.2,1,No Coaching,6.6,High,PG,Rural,Low,No,no
ST8548,92.53,84.86,80.46,ICSE,66.4,1,Local,4.2,High,Upto 10th,Rural,Medium,No,no
ST8549,56.44,59.04,93.27,CBSE,84.85,1,No Coaching,7,High,Graduate,Semi-Urban,Medium,No,no
ST8550,71.5,61.01,77.17,State,88.26,2,Allen,2.7,High,Upto 10th,Semi-Urban,Low,No,no
ST8551,64.56,44.74,77.48,ICSE,76.59,1,FIITJEE,2.6,High,Graduate,Rural,Medium,No,no
ST8552,50.05,54.12,70.04,CBSE,66.58,1,No Coaching,5.4,High,Upto 10th,Urban,High,Yes,no
ST8553,76.85,74.43,61.7,CBSE,70.57,2,FIITJEE,3.8,Low,12th,Rural,High,Yes,no
ST8554,100,66.12,77.13,State,68.7,2,No Coaching,5,Low,Upto 10th,Urban,Medium,No,yes
ST8555,46.24,81.09,49.93,ICSE,65.23,1,Allen,8.5,Low,Upto 10th,Urban,Medium,No,yes
ST8556,71.55,68.9,62.99,State,73.98,1,FIITJEE,5.3,Mid,Graduate,Rural,Medium,Yes,no
ST8557,80.97,60.36,46.75,CBSE,80.75,1,Local,4.9,High,Upto 10th,Urban,Low,Yes,no
ST8558,73.72,100,59.56,State,79.9,2,FIITJEE,2.8,Low,Upto 10th,Semi-Urban,Medium,No,yes
ST8559,70.42,64.5,75.7,State,74.92,1,No Coaching,1.1,High,Upto 10th,Rural,Low,No,no
ST8560,53.81,84.61,74.06,CBSE,75.57,1,FIITJEE,4.4,Mid,Graduate,Semi-Urban,Medium,No,no
ST8561,75.26,59.58,68.61,CBSE,74.18,2,Allen,6.6,High,PG,Semi-Urban,Low,No,no
ST8562,61.41,77.35,70.04,ICSE,62.03,2,FIITJEE,3.9,Low,PG,Rural,Low,Yes,no
ST8563,41.34,80.85,45.37,ICSE,76.6,2,FIITJEE,5.3,Mid,PG,Rural,High,No,no
ST8564,88.72,69.34,63.53,CBSE,69.16,1,FIITJEE,7.4,High,Upto 10th,Rural,Medium,No,no
ST8565,85.42,28.33,59.82,CBSE,61.53,2,Local,7.3,Mid,12th,Semi-Urban,High,No,no
ST8566,72.72,66.29,60.09,ICSE,78.71,1,FIITJEE,5.4,High,12th,Rural,High,Yes,no
ST8567,75.21,85.69,75.19,State,68.88,2,No Coaching,4.8,Mid,Graduate,Semi-Urban,Low,No,no
ST8568,87.04,74.44,57.67,CBSE,77.28,2,No Coaching,1.5,Low,PG,Urban,Low,No,yes
ST8569,75.14,73.13,60.74,CBSE,83.48,1,FIITJEE,3.2,High,Upto 10th,Rural,Low,Yes,no
ST8570,84.66,38.44,42.96,State,65.5,1,FIITJEE,3.9,High,Graduate,Semi-Urban,Low,No,no
ST8571,67.84,54.47,64.47,ICSE,75.92,2,Local,2.8,High,Upto 10th,Rural,High,No,no
ST8572,90.37,72.58,54.95,ICSE,56.9,1,Allen,5,Low,Graduate,Semi-Urban,Low,Yes,yes
ST8573,76.49,72.57,68.95,State,90.33,1,No Coaching,8.3,Mid,PG,Semi-Urban,High,No,no
ST8574,74.72,85.43,56.59,CBSE,61.41,2,Local,7.5,Low,Upto 10th,Urban,High,No,no
ST8575,54.22,63.68,69.25,State,69.85,1,No Coaching,5,Mid,PG,Rural,Medium,Yes,no
ST8576,76.02,72.49,66.26,CBSE,88.38,1,No Coaching,6.1,High,PG,Semi-Urban,Medium,No,no
ST8577,60.35,66.26,88.06,ICSE,72.65,2,FIITJEE,3,Mid,Upto 10th,Rural,Low,No,no
ST8578,63.06,50.21,73.97,CBSE,63.03,1,No Coaching,7.4,Mid,PG,Semi-Urban,High,No,no
ST8579,60.58,29.91,45.92,CBSE,82.13,1,Allen,1.4,High,Graduate,Urban,High,No,yes
ST8580,57.07,72.9,52.82,CBSE,81.91,1,Allen,6.3,High,Graduate,Semi-Urban,High,Yes,no
ST8581,100,68.78,68.66,CBSE,68.67,2,Allen,5.5,Mid,Graduate,Semi-Urban,Medium,No,no
ST8582,90.64,56.11,56.84,CBSE,69.75,1,Local,3,High,PG,Rural,High,Yes,no
ST8583,98.89,40.09,32.38,ICSE,70.65,1,Allen,4.1,High,Upto 10th,Urban,High,No,no
ST8584,54.88,76.08,84.19,State,72.93,1,Allen,2.2,Mid,PG,Semi-Urban,High,No,no
ST8585,73,61.75,76.64,ICSE,56.07,1,No Coaching,2.3,Low,PG,Rural,Medium,No,no
ST8586,53.89,74.91,74.25,CBSE,73.19,1,Local,1.3,Low,Graduate,Semi-Urban,Low,No,no
ST8587,62.26,95.82,60.71,State,92.84,2,FIITJEE,6,High,Upto 10th,Rural,Low,No,no
ST8588,59.15,31.74,73.13,CBSE,66.04,1,Local,6.9,Mid,12th,Urban,Low,Yes,no
ST8589,89.35,54.81,59.55,ICSE,69.17,2,Local,0.2,High,12th,Urban,Medium,No,no
ST8590,66.45,62.65,70.46,ICSE,63.16,1,FIITJEE,8.2,Low,Upto 10th,Rural,Medium,No,no
ST8591,86.96,89.28,56.95,CBSE,81.12,2,FIITJEE,4.5,Low,Upto 10th,Urban,Low,Yes,no
ST8592,80.46,39.82,86.2,CBSE,87.03,1,FIITJEE,5.1,Mid,Graduate,Rural,Low,Yes,no
ST8593,100,96.97,49.16,State,86.8,2,No Coaching,1.6,Mid,Upto 10th,Rural,Medium,No,no
ST8594,51.29,68.17,82.79,State,62.52,1,No Coaching,7.1,Low,Upto 10th,Urban,Low,Yes,no
ST8595,89.63,64.46,68.47,CBSE,80,1,No Coaching,4.9,Mid,PG,Urban,High,No,no
ST8596,88.05,62.83,62.13,State,89.34,1,Allen,6.8,Low,PG,Rural,Medium,No,no
ST8597,58.37,59.02,70,CBSE,80.1,1,FIITJEE,6.9,High,12th,Rural,Low,No,no
ST8598,86.1,82.77,76.8,CBSE,79.78,2,No Coaching,7.2,Low,Graduate,Urban,Low,Yes,no
ST8599,76.71,48.9,84.4,CBSE,70.28,1,No Coaching,3.2,Low,Graduate,Urban,Medium,No,no
ST8600,68.82,71.53,71.76,ICSE,77.2,1,Local,4.1,Mid,Upto 10th,Rural,Medium,Yes,no
ST8601,60.46,59.85,57.31,CBSE,87.36,1,No Coaching,3.3,Mid,Graduate,Rural,High,Yes,no
ST8602,61.93,53.81,68.67,CBSE,78.28,1,FIITJEE,6.3,Mid,12th,Rural,Medium,Yes,no
ST8603,100,100,89.8,CBSE,62.52,2,FIITJEE,5.2,High,PG,Urban,Medium,No,no
ST8604,72.01,72.7,84.17,State,70.44,1,Allen,6.6,Mid,12th,Semi-Urban,High,No,no
ST8605,82.95,75.81,78.91,CBSE,87.09,1,Allen,6.7,High,12th,Rural,Low,No,no
ST8606,60.93,84.2,77.55,ICSE,78.25,1,Local,1,Mid,Upto 10th,Semi-Urban,Medium,Yes,no
ST8607,61.08,43.26,76.39,ICSE,76.19,1,Allen,7.2,Mid,PG,Urban,Low,Yes,no
ST8608,87.15,94.04,81.91,CBSE,69.46,2,FIITJEE,6.4,Low,Upto 10th,Semi-Urban,High,No,yes
ST8609,53.11,25.86,62.52,CBSE,86.89,1,Allen,3.8,Low,12th,Semi-Urban,Medium,Yes,no
ST8610,66.19,53.7,51.74,CBSE,91.62,2,Allen,5.2,Low,12th,Rural,High,Yes,no
ST8611,72.48,58.66,68.83,ICSE,87.63,1,No Coaching,4.3,High,Graduate,Semi-Urban,Low,Yes,no
ST8612,73.56,75.31,58.19,State,89.43,2,FIITJEE,5.7,Mid,Graduate,Urban,High,Yes,no
ST8613,69.49,69.5,55.34,State,71.41,2,Local,3.8,Low,Graduate,Rural,Medium,Yes,yes
ST8614,77.54,63.33,59.36,CBSE,70,1,Allen,5.5,Mid,Graduate,Semi-Urban,Medium,No,no
ST8615,81.7,65.81,97.82,State,73.44,1,Allen,4.6,Low,12th,Semi-Urban,Low,No,yes
ST8616,82.28,50.35,69.63,ICSE,75.39,1,Local,3.6,Mid,Graduate,Semi-Urban,Low,No,no
ST8617,58.2,42.04,72.34,CBSE,89.31,1,Local,4.9,Low,PG,Semi-Urban,Low,No,yes
ST8618,68.02,77.62,53.33,State,86.66,2,FIITJEE,9.9,Low,12th,Rural,Low,No,no
ST8619,88.73,77.1,45.87,CBSE,80.38,2,Local,3.1,Low,12th,Rural,Medium,Yes,no
ST8620,84.53,91.35,58.17,CBSE,60.69,2,Allen,4,Low,PG,Rural,Medium,Yes,no
ST8621,52.78,53.36,85.26,ICSE,58.12,2,FIITJEE,3.2,Low,Upto 10th,Urban,Medium,No,no
ST8622,76.92,77.09,72.01,ICSE,77.4,1,FIITJEE,3.4,Mid,Graduate,Urban,High,No,no
ST8623,44.3,61.46,75.18,State,83.8,1,Local,6.1,Low,12th,Rural,High,No,yes
ST8624,72.66,85.05,76.86,ICSE,74.2,2,FIITJEE,5.9,Mid,PG,Rural,Low,No,no
ST8625,98.57,82.35,60.9,CBSE,94.15,1,Allen,4.5,Low,Upto 10th,Urban,Low,Yes,yes
ST8626,58.73,69.38,84.66,ICSE,64.18,2,Allen,6.6,Mid,Upto 10th,Semi-Urban,Low,No,no
ST8627,60.32,60.57,60.41,State,62.92,2,Allen,6.1,Low,PG,Rural,Medium,Yes,no
ST8628,82.7,81.37,84.87,State,68.36,2,FIITJEE,4.2,Low,12th,Rural,High,No,yes
ST8629,50.4,76.35,73.31,State,67.98,1,Local,1.4,Low,12th,Semi-Urban,Low,Yes,yes
ST8630,63.14,55.05,46.53,ICSE,80.26,2,Allen,6.2,High,Graduate,Urban,Low,No,no
ST8631,80.35,44.76,59.02,ICSE,70.78,2,No Coaching,4.8,Mid,Graduate,Urban,Medium,Yes,no
ST8632,63.12,61.38,46.58,ICSE,59.52,2,Local,4.5,Mid,PG,Rural,High,No,no
ST8633,68.7,90.25,81.96,ICSE,83.92,1,FIITJEE,3.6,Low,PG,Semi-Urban,Low,Yes,yes
ST8634,82.42,84.34,67.7,ICSE,57.4,1,Allen,6,Low,12th,Urban,Low,No,no
ST8635,77.9,48.2,41.26,State,64.29,2,FIITJEE,5.2,Low,12th,Semi-Urban,Low,No,yes
ST8636,75.74,47.32,72.51,State,58.77,1,Allen,4,High,PG,Semi-Urban,Low,Yes,no
ST8637,67.25,86.39,61.55,ICSE,77.07,1,FIITJEE,2,Low,PG,Rural,High,Yes,yes
ST8638,77.18,47.83,50.19,CBSE,76.86,1,No Coaching,6.6,Low,Upto 10th,Semi-Urban,High,No,no
ST8639,70.27,74.15,88.14,State,94.16,1,FIITJEE,5.7,Mid,Upto 10th,Semi-Urban,Low,No,no
ST8640,78.41,56.14,69.29,CBSE,84.14,2,FIITJEE,5,High,Upto 10th,Semi-Urban,Medium,Yes,no
ST8641,65.04,91.87,64.48,CBSE,89.42,2,FIITJEE,0,Mid,Upto 10th,Semi-Urban,Low,Yes,no
ST8642,69.44,53.67,63.21,State,77.89,2,Allen,4.4,High,Upto 10th,Semi-Urban,Medium,Yes,no
ST8643,58.14,84.29,49.84,CBSE,65.23,2,Local,4,High,PG,Rural,Low,No,no
ST8644,71.51,68.96,52.35,CBSE,76.28,1,FIITJEE,3.3,Mid,Graduate,Urban,Low,Yes,no
ST8645,60.65,70.04,83.42,State,80.92,2,Local,6,Mid,PG,Urban,Medium,No,no
ST8646,56.4,34.48,62.31,State,82.04,1,Allen,5.9,High,Upto 10th,Semi-Urban,Low,Yes,no
ST8647,75.62,30.75,68.26,ICSE,70.28,2,FIITJEE,5.4,High,PG,Rural,High,Yes,no
ST8648,74.98,62.47,43.47,State,79.89,2,Allen,6.6,Low,12th,Rural,Medium,No,yes
ST8649,82.96,69.95,52.18,CBSE,65.67,1,Local,2.5,Low,PG,Semi-Urban,High,No,no
ST8650,65.96,48,75.32,State,64.57,2,Allen,3.6,Mid,PG,Semi-Urban,Medium,Yes,no
ST8651,77.71,48.58,72.53,ICSE,63.84,1,Allen,4.6,High,Graduate,Urban,High,No,no
ST8652,79.71,74.98,89.04,State,75.25,2,Local,3.3,Mid,Upto 10th,Urban,Low,No,no
ST8653,78.23,75.01,84.12,CBSE,63.22,2,Allen,6,Low,Upto 10th,Urban,Low,No,no
ST8654,60.44,63.8,65.23,State,70.75,1,Local,3.5,Low,PG,Semi-Urban,Medium,Yes,yes
ST8655,74.09,78.48,73.68,CBSE,84.03,2,Local,7.1,Low,PG,Urban,High,No,no
ST8656,77.1,47.21,64.2,State,64.71,1,FIITJEE,2.6,High,Upto 10th,Rural,Low,No,no
ST8657,72.1,60.31,92.66,ICSE,69.96,1,FIITJEE,8.8,Mid,12th,Rural,High,Yes,no
ST8658,42.79,92.37,81.79,ICSE,75.72,2,Allen,8.6,High,Upto 10th,Semi-Urban,High,Yes,no
ST8659,74.25,67.09,70.04,State,77.47,2,Allen,4.3,High,12th,Semi-Urban,Medium,No,no
ST8660,100,68.02,70.4,CBSE,70.01,1,Allen,6.8,Low,PG,Urban,Low,Yes,yes
ST8661,66.96,100,85.34,ICSE,82.87,2,No Coaching,3.7,Low,PG,Rural,Medium,No,yes
ST8662,61.81,43.61,74.95,CBSE,80.9,2,No Coaching,6.5,Mid,12th,Urban,Medium,No,no
ST8663,77.23,78.74,86.7,State,86.4,1,FIITJEE,4.1,High,Upto 10th,Rural,Low,Yes,no
ST8664,76.37,92.62,41.68,ICSE,74.18,1,Local,1.9,Mid,PG,Urban,High,Yes,yes
ST8665,88.7,60.8,73.53,ICSE,69.87,2,No Coaching,0,Mid,Upto 10th,Semi-Urban,Medium,No,no
ST8666,54.39,79.75,61.81,CBSE,68.17,1,No Coaching,4,Mid,PG,Rural,Low,No,no
ST8667,82.24,50.29,89.08,ICSE,78.07,2,Local,5.1,Mid,Graduate,Rural,High,Yes,no
ST8668,80.27,55.01,86.56,CBSE,71.23,2,Allen,7.2,Low,Graduate,Rural,High,Yes,no
ST8669,70.01,72.16,68.39,CBSE,69.31,2,Allen,4.6,Mid,Graduate,Urban,High,Yes,no
ST8670,76.74,78.78,86.43,State,70.52,1,No Coaching,6.5,Low,12th,Urban,Medium,No,no
ST8671,86.41,83.93,89.4,CBSE,68.16,1,No Coaching,3.6,Mid,Upto 10th,Urban,Medium,Yes,no
ST8672,84.21,91.11,68.89,ICSE,76.99,2,Local,3.8,Low,Graduate,Rural,Low,No,no
ST8673,56,64.92,97.66,CBSE,60.87,1,Local,6.6,Mid,12th,Semi-Urban,High,No,no
ST8674,83.48,85.1,67.62,ICSE,78.03,1,No Coaching,0,High,Graduate,Urban,High,Yes,yes
ST8675,71.09,60.52,65.43,CBSE,81.77,1,Local,4.5,High,PG,Rural,Low,Yes,no
ST8676,73.02,80.43,78.39,State,69.19,1,Allen,3.7,Low,Graduate,Urban,High,No,yes
ST8677,73.02,69.32,63.75,State,94.22,1,FIITJEE,7.2,Low,Upto 10th,Rural,High,Yes,no
ST8678,69.9,73.13,69.02,CBSE,75.18,2,No Coaching,3.4,Mid,Upto 10th,Rural,Low,No,no
ST8679,88.68,72.78,84.91,CBSE,59.39,1,FIITJEE,5.5,High,12th,Urban,Low,Yes,no
ST8680,70.83,40.32,68.23,CBSE,72.19,1,Local,6.3,Mid,Upto 10th,Rural,Medium,No,no
ST8681,56.33,48.01,47.66,State,75.63,1,FIITJEE,1.5,Low,Graduate,Urban,Medium,No,yes
ST8682,66.49,67.64,72.41,CBSE,79.49,2,No Coaching,4.2,Mid,PG,Rural,Medium,No,no
ST8683,74.5,39,59.64,CBSE,72.43,2,Local,3.6,High,PG,Semi-Urban,Low,No,no
ST8684,89.21,79.3,78.38,ICSE,64.88,1,FIITJEE,6.4,High,12th,Semi-Urban,Medium,Yes,no
ST8685,80.44,79.94,76.35,State,64.05,2,Allen,5.9,High,PG,Semi-Urban,High,No,no
ST8686,60.09,71.23,85.66,State,68.46,1,No Coaching,4,High,12th,Semi-Urban,Medium,No,no
ST8687,100,48.06,78.89,CBSE,69.42,2,No Coaching,2.4,High,12th,Urban,Medium,Yes,no
ST8688,75.71,88.08,81.08,CBSE,63.65,2,No Coaching,6.6,Low,12th,Rural,Medium,No,no
ST8689,89.86,98.6,59.97,ICSE,67.67,1,No Coaching,4.4,Mid,Upto 10th,Rural,Low,Yes,no
ST8690,69.88,68.35,77.65,CBSE,81.59,2,Local,1.3,Mid,Graduate,Semi-Urban,High,No,yes
ST8691,79.47,74.17,91.62,State,91.48,1,Allen,1.4,Mid,Upto 10th,Semi-Urban,Low,Yes,no
ST8692,83.75,69.23,59.74,ICSE,82.55,1,Allen,5.4,Low,PG,Rural,High,Yes,no
ST8693,89.05,74.49,89.6,State,88.06,2,FIITJEE,1.9,Low,Upto 10th,Rural,Medium,No,no
ST8694,86.8,64.09,61.41,CBSE,84.74,2,No Coaching,8.2,Low,12th,Rural,Medium,No,yes
ST8695,84.21,65.45,57.78,ICSE,83.33,2,No Coaching,2.6,Low,Upto 10th,Semi-Urban,High,Yes,yes
ST8696,67.59,80.49,71.55,State,71.62,1,FIITJEE,4.5,Mid,Upto 10th,Rural,Low,Yes,no
ST8697,64,100,76.59,State,76.41,1,Local,4.8,High,PG,Semi-Urban,Low,No,no
ST8698,76.66,43.6,78.94,State,70.79,1,Allen,3,High,Graduate,Semi-Urban,Medium,No,no
ST8699,85.06,64.34,56.46,CBSE,72.81,2,No Coaching,0,Low,12th,Semi-Urban,High,No,yes
ST8700,68.88,47.11,73.21,CBSE,75.68,2,FIITJEE,4.9,Mid,Upto 10th,Rural,High,No,no
ST8701,86.91,91.47,59.77,CBSE,82.14,2,Allen,3,Mid,PG,Semi-Urban,High,Yes,no
ST8702,92.34,56.6,50.13,CBSE,79.23,2,FIITJEE,4.7,Low,PG,Urban,High,Yes,no
ST8703,59.17,42.91,56.86,State,73.38,1,FIITJEE,4.3,Mid,12th,Rural,Medium,Yes,no
ST8704,60.28,76.21,58.99,ICSE,75.56,2,Local,5,High,PG,Rural,Low,Yes,no
ST8705,70.03,93.91,74.26,CBSE,79.33,1,Allen,7.6,Low,Graduate,Rural,Medium,No,no
ST8706,76.31,76.62,81.83,ICSE,81.67,1,No Coaching,3.4,Mid,PG,Rural,High,Yes,no
ST8707,64.66,69.28,50.32,State,59.81,1,Allen,3.6,Mid,Upto 10th,Semi-Urban,Low,No,no
ST8708,90.93,72.55,72.22,CBSE,64.23,2,Local,1.2,Mid,Graduate,Urban,Medium,No,no
ST8709,77.94,88.64,53.88,State,86.07,2,No Coaching,4.1,Low,Graduate,Semi-Urban,High,No,no
ST8710,72.55,52.01,75.55,CBSE,74.39,2,Allen,5.3,High,PG,Urban,Medium,No,no
ST8711,51.9,64.21,60.53,CBSE,70.76,2,Local,3.5,Mid,12th,Rural,High,No,no
ST8712,53.58,58.76,55.38,ICSE,72.37,2,No Coaching,5.3,Low,12th,Semi-Urban,Medium,Yes,yes
ST8713,75.93,47.31,77.6,State,72.36,2,No Coaching,4.1,Low,12th,Semi-Urban,Medium,Yes,yes
ST8714,42.14,60.75,60.96,State,80.58,2,FIITJEE,1.9,Mid,Upto 10th,Semi-Urban,Medium,Yes,no
ST8715,86.18,83.72,64.21,State,63.92,2,FIITJEE,5.1,Low,PG,Urban,High,No,yes
ST8716,69.79,75.07,41.36,ICSE,75.25,2,Local,4.1,High,12th,Urban,Low,Yes,no
ST8717,100,76.31,79.36,ICSE,77.46,2,No Coaching,4.7,High,Upto 10th,Rural,Low,No,no
ST8718,100,68.34,77.85,State,78.96,2,Allen,3.4,Low,Graduate,Semi-Urban,High,Yes,no
ST8719,69.46,74.37,68.07,State,77.23,2,No Coaching,3.2,Mid,12th,Rural,Low,Yes,no
ST8720,70.51,53.19,49.67,CBSE,80.16,2,Local,4.8,High,Graduate,Urban,Low,No,no
ST8721,85.94,61.05,82.51,CBSE,69.27,2,Allen,4,Mid,12th,Rural,Medium,No,no
ST8722,95.84,69.07,60,ICSE,65.58,1,No Coaching,7.9,Low,PG,Semi-Urban,Medium,Yes,no
ST8723,49.07,70.44,62.56,CBSE,99.57,1,Allen,6.1,High,Graduate,Semi-Urban,High,No,no
ST8724,46.99,71.12,95.74,State,71.99,1,FIITJEE,5.6,Mid,PG,Urban,High,No,no
ST8725,63.29,63.79,59.56,State,73.16,2,Allen,4.1,Low,Upto 10th,Urban,Medium,No,no
ST8726,80.16,59.96,76.91,CBSE,81.78,1,FIITJEE,0.4,Mid,Graduate,Rural,High,Yes,yes
ST8727,78.96,100,74.75,CBSE,90.96,2,Allen,2.9,High,Upto 10th,Semi-Urban,High,Yes,no
ST8728,86.98,80.51,72.68,ICSE,69.55,2,FIITJEE,3.2,Low,12th,Rural,Low,Yes,yes
ST8729,55.2,72.61,71.38,CBSE,65.01,1,Local,4,Low,12th,Urban,High,No,no
ST8730,39.57,62.27,72.52,ICSE,62.58,2,Allen,4.4,Mid,12th,Urban,High,No,no
ST8731,84.01,58.78,71.26,CBSE,90.93,2,No Coaching,5.8,Mid,Upto 10th,Rural,Medium,No,no
ST8732,60.41,63.91,67.38,CBSE,64.62,2,Local,5,Low,12th,Semi-Urban,High,No,no
ST8733,43.74,70.69,86.14,CBSE,74.72,2,Local,6.8,High,PG,Urban,Medium,No,no
ST8734,74.03,35.91,52.25,CBSE,65.23,1,Allen,3.9,High,Upto 10th,Rural,High,Yes,no
ST8735,83.1,40.89,80.26,State,60.52,2,Local,5,Mid,Upto 10th,Semi-Urban,Low,Yes,no
ST8736,70.29,55.81,77.87,State,72.08,1,FIITJEE,5.2,Mid,Graduate,Rural,Medium,Yes,no
ST8737,65.59,69.31,76.38,State,65.62,1,FIITJEE,5,Mid,12th,Urban,High,No,no
ST8738,69.77,62.17,81.4,CBSE,68.08,2,Allen,7.1,High,Graduate,Semi-Urban,High,Yes,no
ST8739,66.81,89.65,66.89,ICSE,95.06,1,Local,6.1,High,Upto 10th,Urban,Low,Yes,no
ST8740,53.13,42.28,45.57,CBSE,79.25,2,No Coaching,1.9,Mid,Graduate,Urban,High,Yes,yes
ST8741,61.99,53.98,67.13,State,84.31,2,Allen,4.3,Mid,PG,Urban,Low,No,no
ST8742,79.3,90.32,56.11,ICSE,83.25,1,Allen,4.5,Low,12th,Urban,Medium,No,no
ST8743,76.5,68.1,59.22,ICSE,73.99,1,Local,8.8,Low,Upto 10th,Urban,Medium,Yes,no
ST8744,74.35,80.16,53.09,State,70.6,1,FIITJEE,3.8,Low,Graduate,Rural,High,Yes,yes
ST8745,58.07,98.82,62.27,CBSE,77.49,2,Local,2.5,Low,12th,Urban,Medium,Yes,no
ST8746,69.46,54.9,60.84,ICSE,76.68,1,No Coaching,5.4,Mid,PG,Urban,Low,Yes,no
ST8747,41.52,64.41,39.47,ICSE,69.31,1,No Coaching,5.5,High,12th,Urban,Low,No,no
ST8748,74.5,61.64,76.4,State,76.3,1,No Coaching,4.4,High,Graduate,Semi-Urban,High,Yes,no
ST8749,92,34.73,94.64,ICSE,67.94,2,No Coaching,4.1,Low,PG,Urban,Low,No,no
ST8750,51.36,61.03,75.27,ICSE,73.29,2,Allen,6.4,High,Upto 10th,Semi-Urban,Low,Yes,no
ST8751,63.8,80.1,65.56,ICSE,71.65,1,No Coaching,2.8,Low,PG,Rural,Low,No,yes
ST8752,76.61,74.65,67.34,CBSE,62.31,1,No Coaching,3.8,Mid,12th,Urban,High,No,no
ST8753,89.54,75.91,62.95,CBSE,51.49,1,No Coaching,3.5,Low,Upto 10th,Rural,Medium,No,no
ST8754,65.72,59.99,69.08,State,65.61,2,Local,6.7,High,12th,Rural,Low,Yes,no
ST8755,62.31,55.5,67.56,CBSE,93.04,2,FIITJEE,5.1,High,Upto 10th,Urban,Medium,No,no
ST8756,44.44,86.31,57.91,ICSE,71.9,2,FIITJEE,2.4,High,PG,Rural,Medium,No,no
ST8757,73.45,58.04,88.19,CBSE,82.76,2,FIITJEE,2.6,Mid,Upto 10th,Urban,High,Yes,no
ST8758,100,70.71,50.15,ICSE,53.76,2,No Coaching,8.2,Low,12th,Rural,High,Yes,no
ST8759,75.88,68.61,76.62,ICSE,64.92,1,Local,6.7,Mid,Graduate,Semi-Urban,Medium,No,no
ST8760,71.69,89.39,66.79,CBSE,61.46,1,Allen,6.2,Mid,Graduate,Semi-Urban,High,No,no
ST8761,76.51,81.54,90.81,CBSE,72.98,2,Local,4.5,Low,Graduate,Semi-Urban,Medium,Yes,yes
ST8762,71.84,45.28,72.09,CBSE,99.22,2,Allen,7.5,High,Upto 10th,Urban,Low,Yes,no
ST8763,60.62,47,63.68,CBSE,79.6,1,Local,2.3,High,Graduate,Rural,Medium,No,no
ST8764,83.53,75.26,65.03,State,91.96,1,FIITJEE,6,High,Graduate,Semi-Urban,Medium,Yes,no
ST8765,75.16,64.97,68.48,CBSE,72.46,1,FIITJEE,3.6,High,12th,Urban,Low,Yes,no
ST8766,72.25,58.72,54.29,State,88.65,1,No Coaching,4,Mid,PG,Semi-Urban,High,No,no
ST8767,58.34,82.25,58.8,ICSE,95.73,1,FIITJEE,6,Low,Upto 10th,Semi-Urban,Medium,Yes,yes
ST8768,90.25,69,46.58,State,73.91,1,FIITJEE,4.2,Low,Graduate,Urban,High,No,yes
ST8769,81.31,66.84,56.92,ICSE,69.61,1,FIITJEE,3.6,Low,12th,Semi-Urban,Low,Yes,no
ST8770,64.26,78.48,69.13,State,61.82,1,Local,3.5,Mid,Upto 10th,Urban,Medium,Yes,no
ST8771,86.03,60,71.6,State,71.91,1,FIITJEE,0.5,High,12th,Semi-Urban,Medium,Yes,no
ST8772,65.03,91.1,44.25,ICSE,75.82,1,Allen,6,High,PG,Urban,Medium,Yes,no
ST8773,61.05,53.39,66.35,State,95.31,1,No Coaching,2.5,Low,Graduate,Semi-Urban,Medium,Yes,no
ST8774,61.36,76.51,74.76,ICSE,62.05,2,Local,8.2,High,Upto 10th,Rural,High,Yes,no
ST8775,47.21,88.94,66.05,CBSE,75.6,2,Allen,3.9,Mid,Upto 10th,Rural,High,No,no
ST8776,78.6,43.96,60.39,ICSE,56.86,2,Local,7.1,High,Graduate,Urban,Low,Yes,no
ST8777,46.36,60.51,63.05,State,70.73,1,FIITJEE,0.9,High,12th,Urban,High,No,yes
ST8778,54.8,84.28,61.51,CBSE,78.11,1,Local,6,High,PG,Rural,Medium,Yes,no
ST8779,42.94,84.52,60.36,State,80.13,2,Local,6.5,Low,Upto 10th,Urban,Low,Yes,no
ST8780,70.8,63.26,70.09,CBSE,80.89,2,No Coaching,7.1,Mid,Upto 10th,Semi-Urban,Medium,Yes,no
ST8781,69.9,54.25,95.69,ICSE,78.97,1,Local,1.4,Low,PG,Semi-Urban,Medium,Yes,yes
ST8782,67.43,81.29,59.08,CBSE,80.8,1,Local,3.1,Mid,Upto 10th,Semi-Urban,Low,Yes,no
ST8783,57.4,84.94,64.18,CBSE,75.46,1,No Coaching,5.7,Low,PG,Semi-Urban,Medium,Yes,yes
ST8784,55.59,47.37,67.38,CBSE,64.52,2,Local,4.8,Mid,Graduate,Semi-Urban,Medium,No,no
ST8785,78.5,46.74,59.75,State,56.48,1,Local,5.1,Mid,PG,Semi-Urban,Low,No,no
ST8786,64.29,69.6,81.18,CBSE,69.53,1,Allen,3.8,Low,PG,Semi-Urban,High,Yes,yes
ST8787,76.43,76.07,39.55,ICSE,73.65,1,Allen,7.6,Low,12th,Urban,Low,No,yes
ST8788,59.61,61.21,61.63,ICSE,87.54,1,Local,9.7,High,PG,Rural,Low,Yes,no
ST8789,74.53,76.87,77.82,ICSE,73.99,2,Local,4.7,Mid,Graduate,Semi-Urban,Low,No,no
ST8790,90.25,54.64,64.47,CBSE,73.03,2,FIITJEE,5.4,Mid,Upto 10th,Semi-Urban,High,No,no
ST8791,80.21,32.16,58.15,ICSE,78.86,1,Allen,4.6,Mid,12th,Urban,Low,Yes,no
ST8792,66.23,59.22,73.29,State,72.3,2,FIITJEE,7.1,Mid,PG,Urban,High,No,no
ST8793,75.6,67.01,78.88,ICSE,83.11,2,Local,6.2,Mid,12th,Rural,Medium,Yes,no
ST8794,68.63,61.59,70.53,CBSE,94.79,1,FIITJEE,2.4,High,Graduate,Rural,Low,Yes,no
ST8795,72.11,47.46,58.39,ICSE,96.91,2,FIITJEE,3.3,High,Graduate,Urban,Medium,No,no
ST8796,67.44,36.95,73.47,CBSE,75.97,1,No Coaching,2.5,High,Upto 10th,Semi-Urban,Medium,Yes,no
ST8797,69.7,57.77,63.18,CBSE,78.37,1,No Coaching,9.9,Mid,Graduate,Semi-Urban,High,No,no
ST8798,74.97,80.36,76.94,ICSE,90.79,2,Local,5.8,Low,Graduate,Semi-Urban,Medium,Yes,no
ST8799,58.09,86.1,85.8,State,73.5,1,Allen,3.3,Low,PG,Semi-Urban,Medium,No,no
ST8800,57.78,85,36.73,State,81.79,1,Local,3.1,Mid,Graduate,Semi-Urban,Low,No,no
ST8801,52.56,52.95,69.33,ICSE,63.65,1,Allen,6.1,High,Graduate,Urban,Medium,No,no
ST8802,49.6,47.54,47.17,CBSE,71.89,1,No Coaching,6.3,Low,Graduate,Rural,Low,Yes,yes
ST8803,54.96,73.95,97.3,ICSE,86.56,2,Allen,6.1,Low,Upto 10th,Rural,Medium,No,yes
ST8804,74.23,76.16,62.38,CBSE,67.82,1,FIITJEE,3.6,High,PG,Urban,High,No,no
ST8805,59.5,72.4,76.96,CBSE,73.72,2,FIITJEE,5.1,Mid,PG,Semi-Urban,Medium,Yes,no
ST8806,79.19,33.77,67.58,CBSE,59.26,2,No Coaching,4.7,Mid,12th,Urban,High,No,no
ST8807,72.49,52.13,58.36,State,95.06,2,Local,2.6,Mid,Graduate,Rural,Low,No,no
ST8808,44.44,65.52,56.94,State,87.63,1,Allen,2.6,Mid,12th,Rural,Low,Yes,no
ST8809,81.17,73.8,87.03,ICSE,76.88,2,Local,5.3,Mid,12th,Rural,Medium,No,no
ST8810,83.35,78.28,79.47,State,80.08,2,Allen,4.9,Low,Graduate,Rural,Medium,No,yes
ST8811,58.09,68.31,91.32,CBSE,78.96,2,No Coaching,5.6,High,PG,Urban,Low,Yes,no
ST8812,77.88,71.29,68.67,CBSE,88.84,2,FIITJEE,6.1,Low,Graduate,Semi-Urban,Low,Yes,no
ST8813,60.01,67.36,71.46,ICSE,69.81,2,FIITJEE,7.5,Low,12th,Semi-Urban,Low,Yes,yes
ST8814,73.37,76.97,64.79,CBSE,82.32,2,Allen,2.9,Low,Upto 10th,Urban,High,No,no
ST8815,54.3,71.01,64.56,ICSE,85.77,2,Local,5.8,High,12th,Semi-Urban,Medium,Yes,no
ST8816,46.9,67.05,55.5,ICSE,87.15,1,No Coaching,6,Low,PG,Semi-Urban,Low,Yes,no
ST8817,66.64,61.71,69.01,CBSE,52.41,1,No Coaching,3.9,Low,Upto 10th,Semi-Urban,Low,Yes,no
ST8818,70.27,67.3,58.53,State,69.01,2,Local,4.7,Mid,12th,Semi-Urban,Medium,No,no
ST8819,66.43,73.75,73.3,CBSE,64.81,2,FIITJEE,3.9,High,Graduate,Rural,Medium,Yes,no
ST8820,55.42,70.28,70.04,CBSE,76.5,1,Local,8.7,Mid,PG,Semi-Urban,High,Yes,no
ST8821,66.4,72.09,71.45,ICSE,54.84,2,FIITJEE,4.7,Mid,Upto 10th,Urban,Low,Yes,no
ST8822,75.77,87.48,88.1,State,54.54,2,Allen,5.4,Low,PG,Rural,Medium,No,yes
ST8823,71.37,70.24,67.55,ICSE,96.7,1,No Coaching,4,Mid,12th,Rural,High,Yes,no
ST8824,74.56,55.62,77.08,CBSE,81.18,2,Allen,3.5,Low,PG,Urban,Low,Yes,no
ST8825,62.62,80.14,92.62,ICSE,76.21,2,Local,1.9,Mid,Upto 10th,Semi-Urban,High,No,yes
ST8826,88.4,44.14,83.68,ICSE,78.64,2,Local,6.7,High,Graduate,Rural,Medium,No,no
ST8827,55.53,48.7,81.84,CBSE,76.46,2,Allen,6,High,Upto 10th,Urban,High,Yes,no
ST8828,78.83,71.37,64.32,ICSE,84.97,1,Local,3.9,Mid,PG,Urban,Low,Yes,no
ST8829,88.55,74.26,70.76,CBSE,68.68,2,Local,2.7,Low,Graduate,Semi-Urban,Medium,No,no
ST8830,78.73,46.08,52.18,ICSE,76.87,2,Local,4.9,Low,Graduate,Semi-Urban,Low,Yes,yes
ST8831,69.16,59.87,73.99,State,77.27,1,No Coaching,3.5,Low,PG,Urban,High,Yes,no
ST8832,64.6,56.3,71.29,CBSE,64.53,1,No Coaching,4.1,Mid,Upto 10th,Semi-Urban,High,No,no
ST8833,86.51,58.21,68.28,State,87.77,2,FIITJEE,2,Low,Graduate,Urban,High,Yes,no
ST8834,52.08,81.1,80.33,ICSE,70.54,2,No Coaching,4.9,Mid,Graduate,Semi-Urban,Medium,No,no
ST8835,58.42,77.3,53.51,State,85.17,2,Allen,5,High,PG,Semi-Urban,High,No,no
ST8836,66.43,65.69,87.62,State,76.15,2,Allen,6.7,Low,Graduate,Urban,Medium,Yes,yes
ST8837,89.33,57.26,78.82,State,91.34,2,No Coaching,4.2,Mid,Upto 10th,Urban,High,No,no
ST8838,77.32,44.41,67.15,ICSE,64.59,2,Allen,3.8,Low,Graduate,Semi-Urban,High,No,yes
ST8839,58.45,88.72,66.22,CBSE,64.15,2,Local,1.4,Mid,12th,Urban,Medium,Yes,no
ST8840,67.66,75.47,73.77,ICSE,65.94,1,No Coaching,6.7,Low,Graduate,Rural,Medium,Yes,yes
ST8841,63.4,54.69,86.25,ICSE,76.33,1,FIITJEE,6.3,High,12th,Semi-Urban,Medium,No,no
ST8842,62.06,77.51,69.22,ICSE,90.41,2,FIITJEE,4.6,Mid,Upto 10th,Rural,Low,No,no
ST8843,85.7,64.88,69.73,CBSE,90.93,2,No Coaching,1.8,Mid,12th,Rural,High,Yes,yes
ST8844,52.8,61.41,68.22,ICSE,51.9,2,Allen,2.1,High,Graduate,Rural,Low,Yes,no
ST8845,94.52,72.96,89.38,ICSE,77.5,2,No Coaching,3.4,High,Graduate,Urban,High,No,no
ST8846,83.6,54.14,63.57,CBSE,50,2,No Coaching,6.4,Low,PG,Semi-Urban,High,Yes,no
ST8847,87.27,60.5,67.65,CBSE,82.95,2,FIITJEE,5.1,Mid,PG,Semi-Urban,High,No,no
ST8848,65.52,67.94,85.56,CBSE,86.18,1,Local,1.5,Mid,Graduate,Rural,High,Yes,yes
ST8849,69.9,58.01,69.76,State,74.6,1,Local,5.3,Low,Graduate,Urban,Low,No,yes
ST8850,51.94,76.71,81.64,CBSE,75.84,2,No Coaching,2.8,Low,Graduate,Semi-Urban,High,No,no
ST8851,64.65,95.91,57.06,State,75.74,2,FIITJEE,3.5,Mid,Graduate,Semi-Urban,Low,No,no
ST8852,78.91,53.93,65.54,State,67.16,2,FIITJEE,6.4,High,Upto 10th,Semi-Urban,Medium,Yes,no
ST8853,90.14,39.36,85.81,ICSE,79.32,1,No Coaching,6,Low,Graduate,Rural,Low,No,no
ST8854,56.5,33.97,59.88,State,72.69,1,No Coaching,6.7,Mid,12th,Rural,High,Yes,no
ST8855,66.88,63.59,66.18,ICSE,84.3,1,No Coaching,4.5,Low,PG,Rural,Low,Yes,no
ST8856,69.88,55.39,71.08,State,73.86,2,Local,6.3,High,12th,Rural,Low,No,no
ST8857,52.46,69.33,56.13,CBSE,66.39,1,No Coaching,3.3,Mid,12th,Rural,Medium,Yes,no
ST8858,80.28,68.12,63.03,ICSE,59.64,2,FIITJEE,4,Mid,Upto 10th,Semi-Urban,Medium,Yes,no
ST8859,61.86,40.35,69.35,State,56.36,2,No Coaching,3.8,Mid,12th,Rural,Medium,No,no
ST8860,69.26,36.96,68.56,ICSE,88.13,2,FIITJEE,4.5,High,12th,Urban,High,No,no
ST8861,65.67,70.73,83.36,CBSE,70.42,2,FIITJEE,1.9,Low,12th,Rural,Low,Yes,yes
ST8862,60.95,68.17,86.5,State,78.39,1,Allen,4,High,PG,Rural,Low,No,no
ST8863,71.9,59.19,57.73,State,92.83,2,FIITJEE,7.4,High,Upto 10th,Rural,Medium,No,no
ST8864,68.98,39.49,69.34,CBSE,69.37,2,Allen,2.3,High,12th,Semi-Urban,High,No,no
ST8865,66.79,73.54,76.09,State,68.73,1,No Coaching,1.8,Mid,12th,Semi-Urban,High,Yes,yes
ST8866,61.8,86.35,86.2,State,73.68,2,Allen,2,High,Upto 10th,Urban,High,No,no
ST8867,76.47,70.45,76.62,ICSE,75.29,2,Local,9.8,Mid,Graduate,Semi-Urban,Medium,Yes,no
ST8868,95.15,52.44,71.49,State,93.88,2,Local,5.4,Mid,12th,Rural,High,No,no
ST8869,73.96,66.71,76,CBSE,90.66,1,Local,4,Low,PG,Urban,High,Yes,no
ST8870,85.95,44.14,76.09,State,81.21,2,No Coaching,4.6,Low,PG,Urban,High,No,yes
ST8871,52.54,82.93,56.87,ICSE,89.49,2,FIITJEE,5,High,Graduate,Urban,Medium,No,no
ST8872,74.21,67.31,70.31,State,73.22,1,Local,3.2,Mid,12th,Rural,Medium,Yes,no
ST8873,56.64,37.71,85.51,ICSE,77.99,2,Allen,3.5,Mid,Upto 10th,Semi-Urban,Low,No,no
ST8874,51.32,61.19,65.51,State,71.98,2,No Coaching,4.2,Low,Graduate,Semi-Urban,Low,No,yes
ST8875,61.65,73.41,69.55,ICSE,62.1,2,No Coaching,3.1,Mid,PG,Rural,Low,No,no
ST8876,88.69,60.67,65.09,ICSE,87.04,2,Allen,3.7,High,PG,Semi-Urban,Medium,No,no
ST8877,85.3,61.59,40.23,State,80.32,1,Allen,5.2,Mid,Upto 10th,Rural,Low,Yes,no
ST8878,75.4,46.41,68.25,CBSE,75.18,1,No Coaching,2.5,High,Graduate,Rural,High,No,no
ST8879,50.54,75.06,71.62,CBSE,74.98,2,No Coaching,9.7,Low,Upto 10th,Urban,Medium,Yes,yes
ST8880,69.25,55.62,61.85,State,59.94,1,FIITJEE,6,Low,Graduate,Semi-Urban,Medium,Yes,yes
ST8881,76.22,31.5,54.14,State,65.23,2,No Coaching,2,Mid,Graduate,Urban,Low,Yes,no
ST8882,74.46,60.06,57.43,State,78.36,2,Allen,0,Mid,Graduate,Semi-Urban,High,No,yes
ST8883,46.19,81.7,77.17,State,69.71,1,No Coaching,3.1,Low,12th,Rural,High,No,no
ST8884,59.54,59.81,91.67,State,72.82,2,No Coaching,5.9,High,PG,Urban,Medium,Yes,no
ST8885,71.1,93.81,84.59,CBSE,73.95,2,Allen,5.5,High,PG,Rural,Medium,Yes,no
ST8886,79.51,72.86,51.87,ICSE,68.18,2,FIITJEE,4.3,High,PG,Rural,Low,Yes,no
ST8887,41.25,71.42,78.26,ICSE,65.32,2,No Coaching,3.3,Low,Graduate,Urban,High,No,no
ST8888,69.73,63.95,60.04,CBSE,58.88,1,Local,2.7,Low,Graduate,Urban,Medium,Yes,no
ST8889,74,64.91,61.01,CBSE,73.53,1,Local,3.7,Low,12th,Semi-Urban,High,No,no
ST8890,83.89,61.79,62.46,ICSE,81.19,1,Allen,2.5,Mid,PG,Semi-Urban,Medium,Yes,no
ST8891,81.7,61.16,76.47,CBSE,58.56,1,Allen,3.7,Low,PG,Urban,Low,No,no
ST8892,80.16,74.49,79.51,State,74.76,1,Allen,7.2,High,12th,Semi-Urban,Medium,Yes,no
ST8893,60.8,51.03,66.82,CBSE,77.81,2,Local,3,High,PG,Rural,Medium,No,no
ST8894,45.29,48.79,67.03,CBSE,65.1,1,Allen,5.7,Low,Upto 10th,Rural,Medium,No,no
ST8895,66.5,48.03,73.57,CBSE,89.22,1,Local,6,Low,Upto 10th,Rural,Low,No,no
ST8896,86.02,98.73,74.82,CBSE,71.14,2,FIITJEE,2.3,High,12th,Rural,Low,Yes,no
ST8897,91.51,74.49,82.11,ICSE,73.99,2,Allen,2.8,Low,PG,Rural,Low,No,yes
ST8898,81.95,70.87,52.59,ICSE,73.39,2,No Coaching,6.6,Mid,12th,Rural,Medium,Yes,no
ST8899,78.01,49.08,68.24,ICSE,57.29,2,FIITJEE,2.6,Low,12th,Semi-Urban,Medium,No,yes
ST8900,77.31,75.97,55.18,ICSE,85.09,2,Local,4.4,High,12th,Urban,High,No,no
ST8901,64.21,64.13,67.39,State,65.44,1,Allen,8.6,High,PG,Urban,Low,No,no
ST8902,70.18,69.43,65.29,State,72.63,1,No Coaching,6.5,Low,12th,Semi-Urban,Low,No,yes
ST8903,95.37,50.37,67.44,ICSE,80.98,1,Local,4.7,High,PG,Semi-Urban,Medium,Yes,no
ST8904,58.8,68.56,58.4,ICSE,89.61,2,FIITJEE,6.2,Low,Upto 10th,Semi-Urban,Low,No,yes
ST8905,94.61,59.22,50.15,ICSE,64.2,1,No Coaching,4.4,High,12th,Urban,High,Yes,no
ST8906,67.49,53.75,42.87,CBSE,70.54,2,FIITJEE,6.5,High,12th,Semi-Urban,Low,No,no
ST8907,90.56,77.75,66.43,State,88.82,1,Allen,0.4,High,PG,Semi-Urban,Low,No,no
ST8908,52.3,41.4,62.83,State,79.64,2,No Coaching,4.2,Low,Upto 10th,Urban,Low,Yes,yes
ST8909,80.2,75.04,59.89,CBSE,81.71,1,Allen,0.3,Low,PG,Semi-Urban,High,Yes,yes
ST8910,61.69,76.95,83.87,CBSE,64.49,1,Local,4.8,Low,Graduate,Rural,High,Yes,no
ST8911,52.19,51.93,57.69,CBSE,71.21,2,Local,4,Mid,PG,Urban,Low,Yes,no
ST8912,75.06,52.87,85,State,73.32,2,FIITJEE,7.2,Mid,Upto 10th,Urban,High,Yes,no
ST8913,86.13,62.43,87.49,CBSE,66.42,2,Allen,5.9,Mid,Upto 10th,Urban,Medium,Yes,no
ST8914,60.17,70.51,44.59,CBSE,58.25,1,Allen,3.4,High,12th,Semi-Urban,Low,Yes,no
ST8915,51.01,63.55,69.11,CBSE,69.9,2,No Coaching,3.7,High,PG,Urban,High,Yes,no
ST8916,70.71,72.94,63.2,ICSE,88.54,2,Local,5.3,Low,PG,Rural,High,No,no
ST8917,70.78,94.21,33.06,CBSE,75.59,2,Allen,3.4,High,Graduate,Rural,High,Yes,no
ST8918,79.68,57.88,50.66,ICSE,88.74,1,Allen,4.4,Mid,Upto 10th,Urban,Medium,No,no
ST8919,85.29,38.56,77.3,State,76.79,2,Allen,7.1,Mid,PG,Rural,High,Yes,no
ST8920,71.17,79.21,92.23,State,67.35,1,Local,2.8,Low,Graduate,Semi-Urban,Medium,Yes,no
ST8921,97.98,92.93,78.83,State,87.78,1,Local,3.6,High,PG,Urban,Medium,Yes,no
ST8922,75.14,72.28,71.88,ICSE,77.12,1,Local,3.9,High,Upto 10th,Rural,High,Yes,no
ST8923,67.15,48.6,67.74,CBSE,84.62,2,FIITJEE,10,Mid,12th,Semi-Urban,Medium,No,no
ST8924,49.44,64.02,88.19,State,64.32,1,Local,5.7,Low,PG,Urban,High,Yes,yes
ST8925,68.32,48.1,93.78,CBSE,85.39,2,Local,6.8,Mid,Upto 10th,Urban,High,Yes,no
ST8926,67.29,76.29,60.96,ICSE,85.69,2,Local,6,High,Upto 10th,Urban,High,Yes,no
ST8927,85.44,44.38,44,State,77.9,2,No Coaching,6.2,Mid,Upto 10th,Rural,Low,Yes,no
ST8928,78.47,61.2,42.82,CBSE,66.93,1,No Coaching,5.4,Mid,Graduate,Urban,Medium,Yes,no
ST8929,55.49,49.93,83.86,CBSE,74.54,1,Allen,5.2,High,Graduate,Rural,Medium,Yes,no
ST8930,74.41,68.03,67.44,State,81.11,1,No Coaching,1.6,High,12th,Semi-Urban,High,No,yes
ST8931,81.4,60.14,70.2,CBSE,77.35,2,FIITJEE,5.2,High,PG,Semi-Urban,Medium,Yes,no
ST8932,93.39,68.83,46.51,ICSE,81.01,2,FIITJEE,4.3,Mid,Graduate,Semi-Urban,High,No,no
ST8933,84.43,66.36,58.96,State,85.12,1,Allen,5.6,Mid,Graduate,Urban,Medium,No,no
ST8934,82.65,50.21,64.45,State,68.52,1,Allen,4.4,Mid,Graduate,Semi-Urban,Medium,Yes,no
ST8935,72.84,76.03,70.49,State,63.45,2,FIITJEE,6,Low,PG,Rural,High,Yes,yes
ST8936,77.44,65.22,63.22,State,74.62,2,FIITJEE,6.4,Low,12th,Rural,High,Yes,no
ST8937,89.49,50.18,55.55,ICSE,71.7,2,FIITJEE,0,High,12th,Rural,High,No,yes
ST8938,53.34,100,58.59,ICSE,82.86,2,Allen,3.6,Low,12th,Rural,Medium,Yes,yes
ST8939,67.11,73.62,82.5,CBSE,64.26,1,FIITJEE,0.8,High,PG,Rural,Low,No,no
ST8940,61.18,63.55,70.94,ICSE,85.2,1,Allen,5,Mid,PG,Rural,Low,Yes,no
ST8941,77.31,88.64,75.35,CBSE,88.54,2,FIITJEE,3.9,High,12th,Semi-Urban,Medium,Yes,no
ST8942,89.22,95.47,57.21,CBSE,75,1,FIITJEE,7.2,Mid,Upto 10th,Urban,Medium,No,no
ST8943,63.64,63.67,32.55,State,75.61,1,No Coaching,4.9,High,PG,Rural,High,Yes,no
ST8944,38.54,71.56,61.72,CBSE,67.32,2,FIITJEE,3.5,Low,PG,Semi-Urban,High,Yes,yes
ST8945,66.23,50.19,57.6,State,69.57,2,Allen,6.4,Mid,12th,Semi-Urban,High,Yes,no
ST8946,84.79,63.64,72.19,CBSE,70.92,1,FIITJEE,3.9,Mid,12th,Rural,Medium,No,no
ST8947,79.53,62.81,100,ICSE,89.43,2,Local,3.5,Mid,Upto 10th,Semi-Urban,High,No,no
ST8948,77.99,68.96,76.34,State,74.28,1,No Coaching,5.3,Low,Upto 10th,Rural,High,No,no
ST8949,68.08,71.32,100,CBSE,61.78,2,FIITJEE,7.7,Low,Graduate,Urban,Medium,No,yes
ST8950,54.09,74.96,74.83,ICSE,77.55,1,FIITJEE,6.2,Low,Graduate,Rural,Low,Yes,yes
ST8951,79.21,69.8,60.44,ICSE,83.26,2,Local,5.6,Mid,12th,Urban,High,No,no
ST8952,60.32,46.63,72.17,State,74.75,1,Local,10,High,Graduate,Semi-Urban,Low,No,no
ST8953,100,50.98,89.37,State,89.69,2,Local,3,High,PG,Semi-Urban,High,Yes,no
ST8954,79.99,57.26,89.95,State,82.78,2,Local,3,Low,Upto 10th,Rural,High,No,yes
ST8955,63.87,61.48,61.1,CBSE,64.51,2,Local,4.8,High,Graduate,Semi-Urban,High,Yes,no
ST8956,63.44,82.81,71.04,State,69.49,2,Local,7.5,Mid,Graduate,Semi-Urban,Medium,Yes,no
ST8957,70.7,47.39,50.85,ICSE,77.26,2,FIITJEE,2.6,Mid,12th,Urban,Medium,No,no
ST8958,68.65,60.28,77.9,ICSE,58.34,1,Allen,8,Low,Upto 10th,Rural,High,Yes,no
ST8959,87.64,81.25,86.64,State,78.36,1,FIITJEE,1.6,Low,Upto 10th,Rural,High,No,yes
ST8960,74.61,61.2,68.48,State,57.38,2,FIITJEE,4.3,High,Graduate,Urban,Medium,Yes,no
ST8961,61.76,73.37,59.99,ICSE,85.23,1,FIITJEE,4.8,High,PG,Urban,Medium,No,no
ST8962,98.47,63.77,72.32,CBSE,84.07,1,No Coaching,2.7,High,PG,Urban,Low,No,no
ST8963,72.69,70.11,73.01,ICSE,80.05,2,Allen,3.3,Low,PG,Rural,Medium,Yes,yes
ST8964,82.76,62.34,68.97,ICSE,68.24,1,Allen,6.1,Low,PG,Urban,High,No,yes
ST8965,63.48,76.67,70.14,ICSE,76.7,1,No Coaching,7.4,Low,PG,Rural,Medium,No,yes
ST8966,77.08,41.28,65.91,State,69.87,1,Allen,0.3,Mid,Graduate,Urban,Low,No,no
ST8967,76.36,60.19,79.95,CBSE,64.69,1,No Coaching,4.9,High,PG,Semi-Urban,Low,No,no
ST8968,45.54,70.75,76.83,CBSE,71.61,2,FIITJEE,4.3,Low,Graduate,Rural,High,Yes,no
ST8969,100,74.54,56.2,State,81.98,1,Allen,4.7,Low,12th,Rural,Medium,No,no
ST8970,90.07,89.89,55.87,ICSE,75.44,1,FIITJEE,3.9,Low,Graduate,Rural,Low,Yes,yes
ST8971,66.44,59.74,64.95,State,89.51,1,Local,1.9,High,PG,Semi-Urban,Low,Yes,no
ST8972,56.57,89.67,76.84,State,82.66,1,FIITJEE,7.6,High,Graduate,Semi-Urban,Low,Yes,no
ST8973,76.87,55.46,69.78,CBSE,81.59,2,Allen,6.8,Mid,PG,Rural,High,No,no
ST8974,73.21,87.26,60.28,CBSE,58.91,1,FIITJEE,4.3,Mid,12th,Urban,Low,Yes,no
ST8975,76.98,79.08,71.14,State,72.15,2,FIITJEE,3.5,Mid,PG,Rural,Medium,No,no
ST8976,74.68,51.38,64.03,State,64.36,2,No Coaching,3.3,Mid,Upto 10th,Rural,High,Yes,no
ST8977,79.09,70.91,78.57,CBSE,73.17,2,Allen,0,Low,12th,Semi-Urban,Medium,Yes,no
ST8978,92.26,65.18,72,CBSE,68.07,2,FIITJEE,5.2,Mid,Graduate,Semi-Urban,Medium,No,no
ST8979,79.95,76.01,64.22,ICSE,71.22,2,No Coaching,6.1,Low,Graduate,Urban,Low,Yes,no
ST8980,57.3,62.43,70.78,State,85.61,1,Allen,4.8,Low,PG,Urban,High,No,no
ST8981,91.08,61.08,83.78,ICSE,79.75,1,Local,4.3,High,Upto 10th,Rural,High,No,no
ST8982,94.97,87.91,61.16,ICSE,85.07,2,FIITJEE,4.8,Low,12th,Rural,Medium,No,no
ST8983,100,64.42,72.83,ICSE,58.99,2,FIITJEE,2.8,High,Graduate,Urban,High,Yes,no
ST8984,56.27,79.22,67.15,CBSE,75.58,1,FIITJEE,3.5,Mid,PG,Rural,High,No,no
ST8985,75.4,62.39,73.12,ICSE,84.67,1,FIITJEE,4.2,Mid,Upto 10th,Rural,High,No,no
ST8986,42.85,92.67,60.15,CBSE,90.06,2,FIITJEE,5.9,High,Graduate,Urban,High,No,no
ST8987,79.74,55.15,69.32,CBSE,59.52,1,Local,7.3,High,PG,Urban,Low,Yes,no
ST8988,64.33,56.17,81.29,CBSE,71.49,1,Local,4,Mid,PG,Urban,Medium,No,no
ST8989,98.93,90.39,56.76,State,85.34,2,Allen,2.4,Low,Upto 10th,Semi-Urban,Medium,No,no
ST8990,61.16,58.88,52.05,ICSE,73.08,2,Allen,4.6,Low,Graduate,Urban,High,Yes,no
ST8991,48.35,91.62,52.5,CBSE,65.9,2,No Coaching,8.5,High,PG,Semi-Urban,High,Yes,no
ST8992,65.4,80.27,53.95,State,59.5,2,No Coaching,2.6,Low,Graduate,Urban,Medium,No,yes
ST8993,44.34,63.53,75.14,State,65.51,2,No Coaching,6.3,Low,Upto 10th,Urban,Medium,No,no
ST8994,82.52,36.99,51.13,State,58.11,1,Local,7.2,Mid,Upto 10th,Semi-Urban,Low,No,no
ST8995,43.09,65.69,64.43,CBSE,75.58,2,Allen,3.8,High,Graduate,Semi-Urban,High,No,no
ST8996,72.4,67.63,75.42,CBSE,83.96,1,Allen,3.1,Mid,Upto 10th,Rural,Medium,No,no
ST8997,42.91,84.68,73,CBSE,62.39,2,Local,5.6,Low,PG,Rural,Low,Yes,yes
ST8998,67.52,91.42,63.37,State,77.58,2,Allen,5.2,Low,Graduate,Rural,Low,Yes,yes
ST8999,95.01,55.04,70.29,CBSE,83.45,2,FIITJEE,5.9,Mid,PG,Semi-Urban,High,No,no
ST9000,77.05,78.82,69.29,ICSE,74.97,2,Allen,8.6,Low,Graduate,Urban,Low,No,yes
ST9001,59.91,78.25,65.31,CBSE,58.89,2,Allen,4.8,Low,12th,Semi-Urban,Low,No,no
ST9002,71.56,83.17,65.47,CBSE,78.86,2,FIITJEE,2.1,Mid,PG,Urban,Low,No,no
ST9003,72.25,73.98,94.83,ICSE,74.45,1,No Coaching,4.6,Low,PG,Urban,Low,Yes,no
ST9004,78.62,34.92,77.71,CBSE,73.43,2,No Coaching,5,Mid,Graduate,Urban,Low,No,no
ST9005,52.86,63.51,97.77,CBSE,69.53,2,No Coaching,7,High,Graduate,Rural,High,No,no
ST9006,80.3,47.51,62.04,CBSE,75.87,1,Local,4.1,Low,PG,Semi-Urban,High,Yes,yes
ST9007,34.14,62.76,66.98,CBSE,80.1,1,FIITJEE,3.7,Low,Upto 10th,Semi-Urban,High,No,yes
ST9008,63.18,81.68,52.01,State,98.91,2,FIITJEE,1.8,Mid,PG,Rural,High,Yes,yes
ST9009,65.16,70.88,58.29,CBSE,76.12,1,Local,5.6,High,12th,Urban,Medium,No,no
ST9010,80.87,84.37,90.82,ICSE,90.11,1,FIITJEE,10,Low,Upto 10th,Rural,High,No,yes
ST9011,72.32,71.47,61.74,ICSE,78.58,2,Allen,4.1,Low,Upto 10th,Urban,High,Yes,no
ST9012,52.32,45.23,91.03,State,74,2,No Coaching,5.4,High,Graduate,Rural,High,No,no
ST9013,58.21,25.67,53.08,CBSE,76.49,1,FIITJEE,3.4,Low,Graduate,Semi-Urban,Low,No,no
ST9014,74.78,68.38,55.36,ICSE,62.78,2,FIITJEE,1.9,Mid,PG,Rural,Low,No,no
ST9015,70.89,62.58,63.91,State,78.06,1,No Coaching,5.4,High,PG,Semi-Urban,Low,Yes,no
ST9016,63.89,50.37,67.24,CBSE,55.08,1,Local,4.6,High,Graduate,Urban,High,Yes,no
ST9017,65.27,38.79,79.08,State,66.37,1,No Coaching,0,Low,PG,Rural,Medium,No,yes
ST9018,81.75,54.24,73.41,CBSE,76.1,1,Local,7.7,High,Upto 10th,Rural,Medium,Yes,no
ST9019,64.75,62.89,63,State,86.94,2,Local,5.3,High,PG,Rural,High,No,no
ST9020,70.77,76.65,66.4,State,89.31,2,Allen,4.6,High,Upto 10th,Rural,Medium,Yes,no
ST9021,100,69.02,64.17,ICSE,72.63,2,No Coaching,3.7,Low,Graduate,Semi-Urban,Medium,No,no
ST9022,52.07,91.73,57.02,ICSE,76.56,2,FIITJEE,5.3,High,PG,Semi-Urban,High,Yes,no
ST9023,46.07,49.43,57.34,State,84.84,2,Local,5.4,Low,Upto 10th,Rural,Low,No,yes
ST9024,82.97,80.1,80.33,CBSE,61.71,2,Allen,5.3,High,12th,Semi-Urban,Medium,No,no
ST9025,62.5,66.76,46.06,CBSE,79.05,2,No Coaching,6.6,Mid,12th,Rural,Low,Yes,no
ST9026,67.54,77.11,87.41,CBSE,66.72,2,Local,7.1,High,12th,Semi-Urban,High,No,no
ST9027,61.06,59.02,63.88,CBSE,73.28,2,Allen,8.5,High,Upto 10th,Semi-Urban,Low,Yes,no
ST9028,68.36,83.15,58.73,CBSE,70.41,2,FIITJEE,2.8,High,PG,Semi-Urban,Medium,Yes,no
ST9029,94.38,70.72,76.88,ICSE,79.35,2,Local,3.4,Mid,12th,Rural,Low,No,no
ST9030,83.23,55.13,85.82,State,80.5,2,Local,5.2,High,Graduate,Rural,Low,No,no
ST9031,84.07,65.81,81.41,ICSE,83.91,1,FIITJEE,2.9,Mid,Graduate,Semi-Urban,Low,Yes,no
ST9032,52.17,62.17,74.02,CBSE,78.48,2,FIITJEE,3.3,Mid,Graduate,Urban,High,No,no
ST9033,55.88,73.83,81.04,State,76.72,2,FIITJEE,5.5,Mid,12th,Semi-Urban,High,No,no
ST9034,32.25,47.12,47.4,CBSE,93.54,2,Local,6.3,Low,12th,Rural,High,No,no
ST9035,60.67,65.53,61.74,CBSE,59.76,2,Allen,7.1,Low,PG,Urban,High,Yes,yes
ST9036,85.39,72.32,57.07,State,91.96,2,Allen,4.1,Mid,Upto 10th,Rural,Low,Yes,no
ST9037,79.24,66.53,82.7,CBSE,72.1,1,FIITJEE,5.4,Low,Graduate,Urban,Medium,No,no
ST9038,68.9,87.55,63.4,ICSE,80.71,1,Allen,5,Mid,PG,Urban,Low,Yes,no
ST9039,71.69,78.38,78.14,ICSE,71.74,2,FIITJEE,4.5,Low,Upto 10th,Rural,Low,Yes,yes
ST9040,62.36,65.88,74.43,ICSE,67.97,2,FIITJEE,2.9,Low,12th,Semi-Urban,Low,Yes,no
ST9041,74.87,69.47,57.65,CBSE,79.85,2,No Coaching,2.6,High,Upto 10th,Rural,Medium,No,no
ST9042,82.72,70.73,60.96,ICSE,85.42,1,Allen,5.8,Low,Graduate,Rural,Medium,No,no
ST9043,49.38,72.45,83.53,CBSE,79.73,2,Local,2.8,Low,Upto 10th,Semi-Urban,Medium,No,yes
ST9044,76.2,36.79,58.69,CBSE,69.58,2,No Coaching,0.9,High,Upto 10th,Semi-Urban,Low,No,no
ST9045,85.05,61.18,69.5,ICSE,100,1,FIITJEE,4.4,Mid,12th,Urban,High,Yes,no
ST9046,66.19,42.25,58.61,ICSE,86.99,1,No Coaching,7.4,High,12th,Urban,High,Yes,no
ST9047,81.81,86.45,64.23,CBSE,84.33,2,FIITJEE,0,Low,PG,Semi-Urban,Low,No,no
ST9048,100,65.03,67.45,CBSE,71.47,2,FIITJEE,3.9,Low,12th,Rural,High,No,yes
ST9049,70.54,62.91,58.61,CBSE,68.75,1,FIITJEE,5.9,Mid,12th,Semi-Urban,High,Yes,no
ST9050,77.51,80.35,56.47,CBSE,72.2,2,Allen,0.9,Low,Graduate,Semi-Urban,Low,No,no
ST9051,61.67,72.76,71.44,ICSE,85.81,2,FIITJEE,4.1,High,Graduate,Semi-Urban,Low,No,no
ST9052,74.54,47.94,57.86,CBSE,65.09,1,FIITJEE,2.2,Mid,Upto 10th,Rural,High,No,no
ST9053,78.44,64.87,58.27,CBSE,64.32,2,Allen,2.5,High,Graduate,Rural,Low,No,no
ST9054,74.73,60.64,56.73,CBSE,80.4,1,Allen,3.7,Low,PG,Urban,High,No,yes
ST9055,57.72,38.09,67.07,CBSE,78.19,2,FIITJEE,2.3,Mid,PG,Semi-Urban,Medium,No,no
ST9056,74.89,54.96,79.32,CBSE,67.3,2,Allen,2.1,Low,Upto 10th,Semi-Urban,Medium,Yes,yes
ST9057,92.47,63.06,86.08,State,64.09,1,Local,4.4,Low,PG,Rural,Low,Yes,no
ST9058,78.28,64.16,59.29,State,89.38,1,Local,9,High,PG,Semi-Urban,High,No,no
ST9059,85.47,42.28,93.8,State,78.57,1,FIITJEE,6,Low,12th,Rural,Medium,No,no
ST9060,68.68,84.43,55.94,ICSE,61.36,1,No Coaching,6.5,High,Upto 10th,Urban,Low,Yes,no
ST9061,82.5,64.37,81,CBSE,62.06,1,Allen,6.1,Low,PG,Urban,Medium,Yes,yes
ST9062,75.91,66.6,59.34,ICSE,71.38,1,No Coaching,3.1,High,Upto 10th,Urban,Medium,No,no
ST9063,58.69,72.41,57.55,CBSE,82.33,1,Local,5.1,High,PG,Rural,Low,No,no
ST9064,76.46,53.39,59.06,State,80.95,1,FIITJEE,6.7,Mid,Graduate,Rural,Medium,No,no
ST9065,58.12,73.3,67.37,CBSE,86.32,1,Local,6.2,Mid,Upto 10th,Semi-Urban,Low,Yes,no
ST9066,63.14,60.13,74.96,ICSE,60.1,2,Allen,4.9,Low,Graduate,Urban,Low,No,no
ST9067,74.65,51.65,76.04,ICSE,77.24,2,Allen,5.5,Low,Upto 10th,Rural,Medium,No,yes
ST9068,76.16,75.18,56.67,CBSE,89.26,1,FIITJEE,9.4,Mid,Graduate,Urban,Medium,Yes,no
ST9069,55.35,89.87,56.12,ICSE,88.33,2,Allen,6.2,High,12th,Urban,High,Yes,no
ST9070,86.76,77.6,57,State,78.59,1,Allen,3.9,High,Graduate,Urban,Medium,No,no
ST9071,80.01,80.77,66.66,CBSE,98.48,1,Allen,4.4,Mid,PG,Semi-Urban,High,No,no
ST9072,62.13,57.67,65.48,State,81.09,2,No Coaching,2.4,Mid,12th,Rural,Low,Yes,no
ST9073,50.47,40.44,56.6,State,85.43,1,FIITJEE,9.2,Low,Graduate,Rural,Medium,No,no
ST9074,69.97,89.84,71.24,ICSE,75.44,1,FIITJEE,7.7,High,12th,Rural,Medium,No,no
ST9075,65.76,98.87,95.15,CBSE,67.19,1,FIITJEE,4.7,Mid,12th,Semi-Urban,Low,Yes,no
ST9076,73.58,90.68,61.94,State,66.25,1,Allen,8.9,High,PG,Semi-Urban,Medium,No,no
ST9077,66.92,60.63,62.8,State,76.82,2,Allen,5.8,High,Graduate,Semi-Urban,High,Yes,no
ST9078,43.9,47.53,74.72,CBSE,72.88,1,Allen,3.6,Mid,12th,Semi-Urban,Medium,No,no
ST9079,66.56,48.95,61.29,ICSE,57.31,2,FIITJEE,6.3,High,PG,Rural,High,Yes,no
ST9080,67.72,39.06,76.03,State,64.74,2,No Coaching,5.3,Low,Upto 10th,Semi-Urban,Medium,Yes,yes
ST9081,80.87,64.28,59.38,CBSE,71.82,1,Local,6.2,Mid,Upto 10th,Rural,Medium,Yes,no
ST9082,62.23,91.69,89.99,CBSE,82.27,2,FIITJEE,1.8,High,12th,Urban,Low,Yes,no
ST9083,95.5,63.73,72.14,State,74.84,2,FIITJEE,2.9,Mid,12th,Rural,High,No,no
ST9084,45.24,70.84,60.56,State,74.28,2,No Coaching,7.5,Mid,12th,Urban,Low,Yes,no
ST9085,90.36,88.01,60.94,State,65.13,2,Local,7.9,High,PG,Semi-Urban,Low,No,no
ST9086,68.86,59.53,61.83,ICSE,75.23,1,Local,7.3,Low,PG,Urban,Low,Yes,no
ST9087,84.03,98.57,84.47,ICSE,88.19,1,Allen,8.9,Mid,Graduate,Semi-Urban,High,Yes,no
ST9088,73.12,97.87,52.77,CBSE,76.56,1,Local,5.7,High,Upto 10th,Rural,Low,Yes,no
ST9089,87.95,63.9,59.98,CBSE,59.93,2,Allen,5.5,Mid,12th,Rural,High,No,no
ST9090,66.58,56.76,61.26,State,62.48,2,FIITJEE,2.7,Mid,12th,Semi-Urban,High,Yes,no
ST9091,56.62,77.16,67.81,CBSE,80.89,1,No Coaching,3.3,High,PG,Rural,Medium,No,no
ST9092,91.89,60.44,64.75,ICSE,72.76,2,FIITJEE,0.5,Low,PG,Urban,High,Yes,yes
ST9093,70.41,47.5,50.11,CBSE,74.25,2,Local,3.9,High,Graduate,Urban,High,No,no
ST9094,75.1,86.5,63.2,CBSE,68.87,1,FIITJEE,0.4,Mid,Upto 10th,Urban,Medium,No,no
ST9095,89.29,85.46,66.81,State,80.03,2,No Coaching,6.7,Low,12th,Semi-Urban,Low,No,yes
ST9096,57.55,68.49,60.46,State,71.99,2,No Coaching,5.3,Low,PG,Urban,Medium,No,yes
ST9097,80.34,45.79,76.24,ICSE,73.13,1,Allen,0.4,Low,Upto 10th,Urban,Medium,No,yes
ST9098,63.74,46.33,79.03,CBSE,66.49,1,FIITJEE,4.1,Low,Graduate,Urban,Medium,No,yes
ST9099,70.15,67.72,67.06,CBSE,84.22,1,No Coaching,8.4,Mid,Upto 10th,Urban,High,Yes,no
ST9100,73.01,58,70.77,CBSE,72.79,1,No Coaching,4.2,High,12th,Urban,Medium,No,no
ST9101,51,60.54,42.07,State,81.08,1,No Coaching,2.5,High,PG,Urban,High,Yes,no
ST9102,61.1,82.35,62.95,ICSE,63.06,1,No Coaching,0.9,Low,12th,Semi-Urban,High,Yes,yes
ST9103,90.92,77.73,80.06,CBSE,92.34,1,Local,1,Low,Upto 10th,Urban,High,No,yes
ST9104,84.41,88.05,62.92,CBSE,87.77,2,FIITJEE,5.6,High,PG,Semi-Urban,High,No,no
ST9105,71.12,50.15,59.15,CBSE,55.9,1,FIITJEE,3.6,Low,Graduate,Semi-Urban,Low,Yes,yes
ST9106,75.4,60.51,95.33,CBSE,66.98,2,FIITJEE,3.8,High,Graduate,Semi-Urban,High,Yes,no
ST9107,67.88,78.14,89.83,ICSE,79.78,1,Local,3.6,High,PG,Urban,High,No,no
ST9108,90.99,73.17,73.61,ICSE,61.8,2,Local,4.2,Low,Graduate,Urban,Medium,Yes,yes
ST9109,69.2,90.52,81.67,ICSE,73.68,2,No Coaching,2,High,Graduate,Semi-Urban,Medium,Yes,no
ST9110,75.25,72.73,41.29,State,79.27,2,Local,5.1,High,PG,Semi-Urban,High,No,no
ST9111,88.04,95.57,58.55,CBSE,73.15,2,Allen,1.7,High,12th,Urban,Low,Yes,no
ST9112,61.12,74.64,62.36,CBSE,80.39,2,Local,3,Low,Upto 10th,Rural,Low,No,yes
ST9113,93.82,82.99,65.17,CBSE,68.07,1,No Coaching,6.5,Mid,12th,Rural,Medium,No,no
ST9114,50.57,60.82,62.12,CBSE,52.56,1,FIITJEE,5.3,Mid,Upto 10th,Rural,Low,Yes,no
ST9115,94.81,66.23,37.4,ICSE,84.82,1,Local,5.9,Mid,Upto 10th,Urban,Medium,Yes,no
ST9116,66.78,80.58,72.63,State,84.76,2,FIITJEE,8.8,Mid,PG,Semi-Urban,Low,Yes,no
ST9117,68.6,91.81,74.52,State,100,2,FIITJEE,4.4,Mid,Graduate,Rural,Low,No,no
ST9118,45.54,77.67,87.22,CBSE,52.93,2,Allen,4.5,Low,Graduate,Semi-Urban,Low,Yes,no
ST9119,65.63,64.67,58.54,ICSE,82.51,1,Allen,4,Low,Upto 10th,Urban,Medium,Yes,yes
ST9120,57.44,88.04,57.56,State,55.31,2,Local,3.6,Mid,Upto 10th,Semi-Urban,Medium,No,no
ST9121,63.49,30.93,35.84,State,92.56,2,FIITJEE,2.5,Mid,PG,Rural,High,Yes,no
ST9122,70.08,43.24,64.48,CBSE,79.88,1,No Coaching,4.7,High,Upto 10th,Urban,High,Yes,no
ST9123,85.41,76.91,78.81,State,65.48,1,FIITJEE,5.2,High,12th,Semi-Urban,Low,No,no
ST9124,74.91,66.23,60.66,CBSE,82.8,1,FIITJEE,5.3,High,Upto 10th,Urban,Low,No,no
ST9125,76.31,75.69,93.72,ICSE,69.47,2,Allen,4.6,Mid,12th,Rural,Low,Yes,no
ST9126,56.66,67.03,64.92,CBSE,78,2,Allen,6.4,Mid,PG,Rural,Medium,No,no
ST9127,59.67,75.14,69.76,State,77.06,1,Allen,4.6,Low,Upto 10th,Rural,Low,Yes,yes
ST9128,97.18,52.97,51.64,CBSE,92.44,2,Allen,3.7,High,Graduate,Urban,High,No,no
ST9129,61.71,75.13,71.45,CBSE,93.15,2,Local,2.6,High,PG,Urban,Low,No,no
ST9130,95.19,81.91,44.25,CBSE,69.03,2,Local,1.4,Low,Upto 10th,Rural,High,No,yes
ST9131,68.6,85.53,76.32,CBSE,85.58,2,FIITJEE,7.4,Low,Upto 10th,Urban,Low,Yes,yes
ST9132,72.03,98.22,76.69,CBSE,78.55,1,Local,3.1,Low,12th,Urban,Low,No,yes
ST9133,86.99,69.91,84.31,CBSE,60.87,2,No Coaching,2.6,High,Upto 10th,Rural,Low,No,no
ST9134,89.81,70.38,55.76,State,68.04,2,FIITJEE,3.7,Low,12th,Rural,High,No,no
ST9135,70.45,41.63,69.93,CBSE,98.36,1,FIITJEE,3.9,Mid,12th,Semi-Urban,High,No,no
ST9136,66.56,57.5,74.77,State,78.58,2,No Coaching,7.8,Mid,Graduate,Rural,Medium,Yes,no
ST9137,71.22,62.91,73.31,CBSE,85,2,FIITJEE,3.8,Mid,Graduate,Urban,High,No,no
ST9138,76.73,82.81,57.62,ICSE,72.88,1,No Coaching,9.8,Low,Graduate,Semi-Urban,Low,Yes,yes
ST9139,84.48,56.22,39.3,CBSE,69.6,2,Allen,4.6,High,PG,Urban,High,Yes,no
ST9140,72.06,78.74,72.16,State,75.27,1,Allen,8.6,High,Graduate,Semi-Urban,Low,No,no
ST9141,80.66,65.97,66.17,State,72.34,2,Allen,6.3,Low,12th,Urban,Low,Yes,yes
ST9142,94.94,63.17,61.2,ICSE,60.07,2,No Coaching,5.2,Low,Upto 10th,Semi-Urban,High,No,no
ST9143,77.34,69.98,77.17,CBSE,64.97,2,Local,7.7,High,12th,Semi-Urban,Medium,Yes,no
ST9144,76.36,59.74,67.46,ICSE,82.08,1,Local,6.7,Mid,Graduate,Urban,High,No,no
ST9145,50.74,59.14,52.17,CBSE,71.19,2,FIITJEE,5.8,Mid,Upto 10th,Semi-Urban,High,Yes,no
ST9146,35.17,38.72,44.82,CBSE,75.26,2,Allen,9.1,High,12th,Urban,Low,Yes,yes
ST9147,77.44,62.03,54.45,State,77.35,1,Allen,3.5,Low,Upto 10th,Urban,High,No,no
ST9148,70.67,58.32,96.72,ICSE,78.13,2,FIITJEE,2.5,Mid,12th,Semi-Urban,Medium,No,no
ST9149,64.79,57.74,76.67,ICSE,86.47,2,Allen,3.1,Mid,Upto 10th,Rural,Low,Yes,no
ST9150,75.41,72.67,70.26,State,64.01,2,Allen,8,Mid,Upto 10th,Rural,High,Yes,no
ST9151,71.15,76.54,65.82,State,80.7,1,No Coaching,7.4,Low,Graduate,Rural,Medium,No,no
ST9152,87.79,69.72,65.03,ICSE,82.55,1,FIITJEE,3.4,Low,PG,Urban,Low,Yes,no
ST9153,73.21,81.93,82.01,State,84.86,1,No Coaching,0,Mid,Graduate,Urban,Medium,Yes,no
ST9154,61.54,75.21,62.11,CBSE,60.87,2,Allen,4.1,Low,Upto 10th,Rural,Medium,Yes,no
ST9155,85.86,61.28,74.92,ICSE,77.55,1,Allen,2.5,High,Upto 10th,Urban,Low,No,no
ST9156,68.96,58.59,63.82,ICSE,92.16,2,FIITJEE,3.5,Low,Graduate,Rural,High,Yes,no
ST9157,79.37,71.01,91.28,State,74.01,1,Allen,2.4,High,12th,Urban,Medium,No,no
ST9158,65.32,75.18,76.91,CBSE,79.83,1,Local,1.3,Mid,Upto 10th,Urban,Low,No,no
ST9159,62.9,88.37,82.95,ICSE,82.8,2,No Coaching,8.3,Mid,12th,Urban,High,Yes,no
ST9160,73.18,85.06,60.99,ICSE,64.75,1,No Coaching,3.1,High,Graduate,Rural,Medium,No,no
ST9161,72.18,57.34,80.7,CBSE,93.34,1,Local,7.3,Mid,PG,Semi-Urban,Low,No,no
ST9162,78.72,64.37,64.25,State,80,2,FIITJEE,4.1,Mid,PG,Urban,Medium,No,no
ST9163,68.24,76.74,69.32,State,80.2,2,FIITJEE,2.2,Mid,Upto 10th,Urban,High,No,no
ST9164,46.29,83.09,87.62,State,58.38,2,Allen,5.5,Low,12th,Rural,High,No,no
ST9165,65.94,81.02,55.49,State,82.95,2,FIITJEE,3.7,Low,Graduate,Rural,High,No,yes
ST9166,83.11,64.98,70.44,CBSE,80.06,2,Local,4.1,High,Upto 10th,Urban,Low,No,no
ST9167,67.84,45.94,73.26,CBSE,91.24,2,FIITJEE,4.8,High,PG,Urban,High,No,no
ST9168,68.55,50.02,74.24,ICSE,71.89,2,Allen,2.9,Low,PG,Semi-Urban,High,Yes,yes
ST9169,85.81,70.36,62.59,ICSE,65.12,2,Local,1.3,Mid,12th,Urban,Low,No,no
ST9170,62.03,71.48,93.04,CBSE,68.18,1,Allen,4.4,Low,Upto 10th,Urban,High,Yes,yes
ST9171,50.4,48.42,52.46,ICSE,69.95,2,No Coaching,6.4,Mid,12th,Urban,High,No,no
ST9172,69.75,66.71,85.51,CBSE,63.81,1,No Coaching,2.7,High,12th,Semi-Urban,High,No,no
ST9173,65.22,76.1,82.58,State,87.9,2,FIITJEE,4.8,High,Upto 10th,Urban,Low,Yes,no
ST9174,58.47,47.58,90.81,CBSE,88.28,2,Local,7.5,High,Graduate,Semi-Urban,High,Yes,no
ST9175,69.54,83.68,48.94,CBSE,73.04,1,Local,4.3,Low,PG,Rural,Medium,Yes,no
ST9176,78.88,59.96,57.57,ICSE,71.07,1,Local,4.7,Low,Upto 10th,Urban,Low,Yes,yes
ST9177,71.87,86.12,85.9,CBSE,56.85,1,Allen,4.6,Mid,PG,Urban,Medium,Yes,no
ST9178,76.3,57.46,45.48,State,81.96,2,Local,3.1,High,Graduate,Urban,Low,Yes,no
ST9179,97.39,49.57,48.72,State,91.53,2,FIITJEE,2.5,Mid,PG,Urban,Low,No,no
ST9180,67.2,58.67,62.14,ICSE,68.63,2,No Coaching,2.5,Mid,PG,Semi-Urban,Low,Yes,no
ST9181,75.9,64.48,70.3,ICSE,73.83,2,FIITJEE,5.2,Low,12th,Rural,Medium,No,yes
ST9182,64.87,59.78,87.11,CBSE,79.34,1,No Coaching,6,Low,12th,Rural,High,Yes,no
ST9183,60.15,62.54,65.78,ICSE,92.24,2,No Coaching,6.1,Mid,12th,Semi-Urban,High,Yes,no
ST9184,63.81,71.34,60.7,State,77,1,FIITJEE,3.7,Mid,Graduate,Semi-Urban,High,No,no
ST9185,65.3,63.26,71.74,ICSE,76.95,2,No Coaching,6.7,Mid,12th,Semi-Urban,High,No,no
ST9186,77.03,64.94,73.64,ICSE,76.79,2,No Coaching,5.1,Low,PG,Semi-Urban,Low,Yes,no
ST9187,100,38.65,73.29,State,60.75,1,Allen,4.6,Mid,PG,Urban,Low,No,no
ST9188,61.98,72.27,65.86,CBSE,60.53,2,FIITJEE,0,Low,PG,Urban,Medium,Yes,yes
ST9189,66.17,64.57,44.54,CBSE,66.92,1,FIITJEE,2.9,High,Upto 10th,Semi-Urban,High,Yes,no
ST9190,71.12,91.76,56.99,ICSE,85.13,2,FIITJEE,1.5,High,PG,Urban,Low,No,no
ST9191,77.54,50.97,85.04,State,71.65,2,No Coaching,5.8,Mid,12th,Urban,High,Yes,no
ST9192,75.69,37.07,70.24,State,69.7,2,Local,4.7,Low,Graduate,Rural,High,No,no
ST9193,89.98,75.89,64.13,State,69.53,2,Local,2.4,High,Graduate,Urban,Medium,No,no
ST9194,38.03,71.54,81.42,CBSE,73.62,2,No Coaching,5.1,Low,PG,Rural,Low,No,yes
ST9195,38.58,49.87,54.44,State,92.02,1,Local,1.7,Low,PG,Urban,High,Yes,yes
ST9196,65.06,41.52,65.3,State,73.49,2,Local,2.4,High,Upto 10th,Rural,Medium,Yes,no
ST9197,87.36,90.6,69.65,CBSE,67.14,2,No Coaching,3.1,Mid,PG,Rural,Medium,No,no
ST9198,50.08,88.63,62.7,State,75.25,2,FIITJEE,5.6,Mid,PG,Rural,High,Yes,no
ST9199,29.89,26.2,69.21,CBSE,92.55,2,Allen,7.3,High,PG,Rural,High,Yes,yes
ST9200,80,58.67,65.75,ICSE,69.97,1,FIITJEE,3.3,Low,Upto 10th,Semi-Urban,Medium,No,yes
ST9201,75.41,92.63,51.21,ICSE,63.19,2,FIITJEE,7.1,Mid,Graduate,Urban,Medium,No,no
ST9202,56.74,58.38,70.18,ICSE,69.99,1,FIITJEE,4.6,Low,PG,Semi-Urban,High,Yes,yes
ST9203,58.2,58.15,52.06,ICSE,76.29,1,Allen,5,High,Graduate,Urban,High,No,no
ST9204,58.42,61.48,69.99,ICSE,81.88,1,FIITJEE,4.4,Mid,Upto 10th,Semi-Urban,Medium,Yes,no
ST9205,73.55,48.07,84.49,CBSE,85.07,1,Local,4.1,Mid,Upto 10th,Urban,Low,Yes,no
ST9206,63.23,38.72,64.63,CBSE,64.54,1,Allen,5.4,Mid,PG,Semi-Urban,Medium,No,no
ST9207,78.92,82.84,53.94,CBSE,65.49,2,Local,6,High,Upto 10th,Semi-Urban,Medium,No,no
ST9208,32.04,36.51,66.48,State,71.77,1,Allen,2.7,High,Upto 10th,Rural,Low,Yes,yes
ST9209,60,69.96,58.02,ICSE,81.84,1,Local,4.1,High,Graduate,Semi-Urban,High,Yes,no
ST9210,56.24,80.19,75.13,State,62.4,1,FIITJEE,7.8,Low,12th,Rural,Medium,Yes,no
ST9211,68.41,42.78,66.22,State,68.93,1,FIITJEE,4.9,Low,Graduate,Rural,High,No,yes
ST9212,64.47,51.21,88.52,State,69.07,1,FIITJEE,5.1,Low,PG,Semi-Urban,Low,No,yes
ST9213,83.17,85.41,81.96,ICSE,84.42,1,Local,6.8,Mid,Upto 10th,Urban,Medium,No,no
ST9214,45.97,74.53,66.16,State,80.28,2,Local,3.5,Mid,PG,Semi-Urban,High,No,no
ST9215,72.64,56.12,76.59,ICSE,84.04,2,No Coaching,4.4,Mid,Graduate,Rural,High,Yes,no
ST9216,79.82,85.24,63.28,ICSE,88.39,1,Local,6.1,High,Upto 10th,Rural,High,Yes,no
ST9217,97.99,85.3,68.41,ICSE,71.94,1,Allen,7,High,PG,Semi-Urban,High,Yes,no
ST9218,65.26,70.3,63.66,State,63.13,1,FIITJEE,0,Mid,PG,Semi-Urban,High,Yes,yes
ST9219,76.54,51.6,77.2,ICSE,63.19,1,Allen,3,High,Graduate,Semi-Urban,High,No,no
ST9220,46.75,59.38,85.2,ICSE,56.62,1,No Coaching,2.5,Low,PG,Semi-Urban,Medium,No,no
ST9221,38.51,70.58,77.58,CBSE,70.41,2,No Coaching,4.3,Low,Upto 10th,Urban,Medium,No,yes
ST9222,83.83,62.98,79.06,State,71.16,2,Local,2.7,High,PG,Rural,Low,Yes,no
ST9223,71.92,81.02,79.08,CBSE,82.88,2,FIITJEE,5.8,Low,Upto 10th,Semi-Urban,High,Yes,no
ST9224,88.5,41.52,74.62,CBSE,75.17,2,Allen,4.8,Low,PG,Semi-Urban,Low,No,no
ST9225,52.77,42.09,54.33,State,70.1,2,No Coaching,6.3,Low,Graduate,Semi-Urban,Medium,Yes,no
ST9226,79.28,68.89,88.41,CBSE,73.84,2,No Coaching,6.4,Mid,Upto 10th,Rural,Low,Yes,no
ST9227,98.16,58.14,89.65,ICSE,64.61,1,Allen,5.9,High,PG,Rural,Medium,Yes,no
ST9228,77.88,55.97,65.19,CBSE,85.25,1,No Coaching,3.8,High,12th,Rural,Medium,Yes,no
ST9229,75.87,37.71,63.55,CBSE,67.14,2,Allen,4.7,Mid,Upto 10th,Semi-Urban,Low,Yes,no
ST9230,72.12,66.31,75.35,ICSE,63.6,1,FIITJEE,3.6,Low,Upto 10th,Rural,Medium,No,yes
ST9231,50.01,65.16,74.61,CBSE,83.18,2,Local,1.8,Mid,Upto 10th,Semi-Urban,Medium,No,no
ST9232,90.98,76.46,65.58,ICSE,80.74,2,Allen,6.4,Low,12th,Semi-Urban,Low,Yes,yes
ST9233,63.45,67.1,53,State,57.76,2,FIITJEE,4.3,Mid,Graduate,Urban,Low,Yes,no
ST9234,79.06,63.88,71.67,CBSE,83.55,1,Allen,1.5,Low,PG,Urban,High,Yes,yes
ST9235,50.12,84.83,74.62,State,67.58,1,No Coaching,5.6,Mid,12th,Urban,Low,No,no
ST9236,55.49,45,76.71,CBSE,71.26,2,FIITJEE,4.1,Mid,PG,Rural,Medium,Yes,no
ST9237,92.09,74.58,72.19,ICSE,76.87,1,Allen,0.4,Low,12th,Urban,High,Yes,yes
ST9238,67.14,39.26,64.75,CBSE,80.87,2,FIITJEE,1.8,Low,12th,Rural,Medium,Yes,no
ST9239,92.35,52.59,79.93,State,79.45,1,Allen,3.1,High,PG,Semi-Urban,Low,Yes,no
ST9240,70.9,46.6,68.79,ICSE,74.5,1,Allen,4.9,High,PG,Urban,Medium,No,no
ST9241,46.21,78.51,62.42,ICSE,70.75,2,FIITJEE,6.1,Mid,PG,Urban,Low,Yes,no
ST9242,84.49,64.95,65.83,State,79.12,2,FIITJEE,6,Mid,Graduate,Rural,Low,No,no
ST9243,63.74,65.78,47.05,State,73.82,2,FIITJEE,5.7,High,Upto 10th,Rural,Low,Yes,no
ST9244,81.78,48.29,65.81,CBSE,93.05,2,No Coaching,4.4,High,12th,Urban,High,Yes,no
ST9245,72.35,61.2,76.26,CBSE,80.86,1,Local,7.9,Low,Upto 10th,Rural,Low,Yes,no
ST9246,50.4,53.78,72.08,ICSE,65.77,2,Allen,5.9,High,PG,Rural,Medium,Yes,no
ST9247,74.3,72.14,86.25,State,70.22,1,Allen,4.9,Mid,PG,Rural,High,Yes,no
ST9248,100,50.14,64.84,State,75.48,2,FIITJEE,5.6,High,12th,Semi-Urban,High,Yes,no
ST9249,78.9,87.28,73.85,CBSE,87.99,1,Allen,3.7,High,12th,Urban,High,No,no
ST9250,71.19,39.19,77.51,CBSE,89.11,2,Local,4.4,High,12th,Rural,Medium,Yes,no
ST9251,87.05,53.1,96.11,ICSE,71.04,2,Local,0.3,High,12th,Rural,Low,No,no
ST9252,74.95,92.84,69.74,State,65.66,2,Allen,3.7,Mid,12th,Semi-Urban,High,No,no
ST9253,74.93,59.04,55.47,State,64.39,1,Allen,8,High,PG,Semi-Urban,Low,Yes,no
ST9254,56.72,44.96,78.18,State,77.52,1,FIITJEE,4.8,High,12th,Semi-Urban,Low,No,no
ST9255,75.27,69.51,90.39,State,98.04,2,Local,4.7,Mid,Graduate,Semi-Urban,Medium,Yes,no
ST9256,86.5,58.39,64.13,CBSE,80.39,1,Allen,6.5,High,Upto 10th,Urban,High,Yes,no
ST9257,60.3,52.63,78.09,CBSE,59.06,2,Local,5.2,Mid,Upto 10th,Urban,Medium,Yes,no
ST9258,91.94,48.47,82.74,CBSE,67.74,1,Allen,2.9,High,Graduate,Rural,High,Yes,no
ST9259,70.72,100,80.2,ICSE,68.76,2,No Coaching,4.5,High,12th,Urban,High,No,no
ST9260,59.57,61.98,69.51,State,66.78,2,Local,2.2,High,PG,Rural,Low,No,no
ST9261,85.97,35.19,59.62,CBSE,71.12,1,No Coaching,4.9,Low,PG,Urban,Low,Yes,yes
ST9262,67.98,89.9,67.02,State,78.69,1,FIITJEE,2.8,High,Graduate,Urban,High,No,no
ST9263,82.63,75.78,73.5,CBSE,81.82,1,Local,6.4,Mid,Graduate,Urban,High,Yes,no
ST9264,67.92,53.74,78.9,ICSE,85.92,2,Allen,3.5,Low,Graduate,Rural,Low,Yes,no
ST9265,71.16,51.07,72.01,CBSE,80.24,1,Allen,2.9,High,Upto 10th,Rural,High,No,no
ST9266,78.91,76.78,63.44,ICSE,55.46,1,No Coaching,4.3,Mid,Graduate,Semi-Urban,High,Yes,no
ST9267,76.07,62.05,74.66,State,64.43,1,Local,5.2,High,PG,Rural,High,No,no
ST9268,44.06,35.18,78.32,CBSE,73.42,1,Local,2.1,Mid,12th,Semi-Urban,Medium,No,no
ST9269,56.3,94.6,72.56,CBSE,76.47,1,Local,3.5,High,PG,Rural,High,Yes,no
ST9270,85.01,59.06,57.97,CBSE,83.61,2,FIITJEE,4.7,Mid,Graduate,Rural,High,No,no
ST9271,70.15,89.93,65.82,State,75.43,2,Local,7.2,Mid,PG,Urban,Low,No,no
ST9272,64.67,86.45,79.37,ICSE,75.51,1,FIITJEE,0,Low,Upto 10th,Rural,Low,Yes,no
ST9273,52.98,49.98,51.4,ICSE,77.38,2,Allen,5.7,Low,PG,Urban,Medium,No,no
ST9274,56.88,82.53,42.88,CBSE,72.45,1,No Coaching,3.7,Mid,Upto 10th,Rural,Low,No,no
ST9275,43.69,55.58,86.1,State,75.87,1,No Coaching,3.5,Mid,12th,Semi-Urban,High,No,no
ST9276,70.58,36.13,74.14,ICSE,86.26,2,Local,3.1,Low,Graduate,Rural,Medium,No,yes
ST9277,63.62,59.21,75.28,ICSE,74.16,2,No Coaching,3.8,Mid,12th,Urban,High,Yes,no
ST9278,58.47,72.36,55.08,ICSE,74.7,2,Local,5.7,High,Graduate,Urban,High,Yes,no
ST9279,71.05,58.6,76.85,ICSE,74.66,2,Allen,3.4,High,12th,Urban,High,No,no
ST9280,77.1,61.09,71.3,ICSE,87.98,2,Allen,7.8,Mid,12th,Urban,Medium,No,no
ST9281,100,84.3,48.99,CBSE,63.92,2,Allen,5.7,Mid,12th,Rural,Low,Yes,no
ST9282,50.83,67.7,85.09,CBSE,92.76,2,No Coaching,4.9,Low,Upto 10th,Urban,Low,Yes,yes
ST9283,88.23,52.51,69.9,CBSE,63.24,1,Local,4.2,Low,Upto 10th,Urban,Low,No,yes
ST9284,85.62,77.23,63.25,ICSE,68.46,1,FIITJEE,6.9,Mid,PG,Rural,High,No,no
ST9285,61.09,69.16,63.46,ICSE,82.45,1,Allen,7.2,High,PG,Urban,Medium,Yes,no
ST9286,74.85,25.65,43.82,ICSE,85.3,2,Allen,2.2,Low,PG,Semi-Urban,Low,No,no
ST9287,65.59,72.85,75.12,CBSE,60.97,1,FIITJEE,3.1,High,Graduate,Semi-Urban,Medium,No,no
ST9288,74.6,72.27,71.14,ICSE,64.07,1,FIITJEE,5.8,High,Upto 10th,Urban,Medium,No,no
ST9289,93.13,66.32,65.67,CBSE,77.78,1,No Coaching,6.4,High,12th,Semi-Urban,High,No,no
ST9290,80.48,80.27,83.34,ICSE,98.44,1,Allen,3.9,High,PG,Urban,Medium,Yes,no
ST9291,79.12,55.24,51.39,CBSE,87.46,2,No Coaching,3,Low,Upto 10th,Rural,Low,Yes,yes
ST9292,65.98,71.38,60.84,State,72.52,1,Allen,4.7,Mid,Upto 10th,Semi-Urban,Low,Yes,no
ST9293,51.22,40.93,57.8,ICSE,50.81,1,No Coaching,7.5,Mid,Graduate,Semi-Urban,Medium,Yes,no
ST9294,69.08,72.51,64.65,ICSE,75.82,1,No Coaching,4.6,Low,12th,Rural,Medium,Yes,no
ST9295,88.89,97.25,68.81,CBSE,78.62,1,FIITJEE,2,High,Upto 10th,Semi-Urban,Medium,Yes,no
ST9296,50.62,50.08,73.16,ICSE,71.17,1,Local,4.7,Mid,Upto 10th,Urban,Medium,Yes,no
ST9297,57.23,53.84,63.84,CBSE,66.49,2,Local,6.1,Mid,PG,Urban,Low,Yes,no
ST9298,73.77,54.64,57.47,CBSE,76.59,1,Local,4.3,Mid,Graduate,Semi-Urban,Low,Yes,no
ST9299,58.21,68.08,88.23,State,65.58,1,Allen,7,High,Graduate,Rural,High,No,no
ST9300,60.9,48.99,96.94,State,93.72,1,FIITJEE,6.2,Mid,12th,Urban,Medium,Yes,no
ST9301,66.07,72.74,69.72,ICSE,90.17,1,FIITJEE,4.4,Low,Graduate,Urban,Low,No,yes
ST9302,52.88,79.55,58.92,ICSE,81.58,1,FIITJEE,4.6,Mid,12th,Semi-Urban,Medium,No,no
ST9303,58.36,74.55,85.71,CBSE,75.9,1,Allen,0.8,Mid,12th,Rural,Low,No,no
ST9304,81.85,37.71,50.64,CBSE,68.4,2,No Coaching,6.9,Low,PG,Urban,High,Yes,yes
ST9305,53.7,81.92,63.98,CBSE,74.79,1,No Coaching,3.8,High,PG,Rural,Low,No,no
ST9306,49.63,81,59.65,CBSE,91.39,1,Local,3.7,Mid,Upto 10th,Semi-Urban,Low,Yes,no
ST9307,63.18,79.28,54.09,ICSE,83.69,2,Local,3.4,High,PG,Semi-Urban,High,Yes,no
ST9308,82.25,71.97,64.64,State,77.04,2,Allen,5.4,High,Upto 10th,Urban,Medium,Yes,no
ST9309,69.24,69.52,57.63,ICSE,84.24,1,Allen,2.2,High,Upto 10th,Rural,Low,No,no
ST9310,65.5,82.52,68.15,ICSE,80.46,1,Local,2.5,Mid,Upto 10th,Rural,High,No,no
ST9311,72.62,96.78,68.33,ICSE,78.96,2,No Coaching,4.4,Mid,Upto 10th,Semi-Urban,High,Yes,no
ST9312,47.56,50.75,60.54,State,84.81,1,No Coaching,3.2,Low,12th,Semi-Urban,High,No,yes
ST9313,78.93,83.25,63.55,ICSE,80.17,2,FIITJEE,5.2,High,Upto 10th,Semi-Urban,Low,Yes,no
ST9314,77.37,64.62,65.23,State,83.59,1,Local,3.3,Low,Upto 10th,Semi-Urban,Medium,No,yes
ST9315,66.27,63.93,77.72,CBSE,76.61,1,Local,7.7,Mid,Upto 10th,Semi-Urban,Low,No,no
ST9316,86.08,41.42,66.22,ICSE,72.46,1,No Coaching,5.9,Mid,12th,Urban,Low,No,no
ST9317,56.22,61.44,77.9,CBSE,69.52,2,FIITJEE,5.9,Low,Graduate,Urban,Low,Yes,yes
ST9318,87.79,50.04,75.03,CBSE,68.33,2,Local,3.3,Low,Graduate,Rural,High,No,no
ST9319,74.16,58.58,74.86,CBSE,58.95,2,No Coaching,9.3,High,Upto 10th,Urban,Medium,Yes,no
ST9320,67.29,48.43,84.65,ICSE,65.88,2,No Coaching,3.6,Mid,Graduate,Urban,Low,No,no
ST9321,71.72,58.82,54.57,CBSE,65.59,1,No Coaching,3.1,High,PG,Urban,Medium,No,no
ST9322,70.5,59.5,62.32,ICSE,69.93,1,FIITJEE,5.9,High,PG,Rural,Low,Yes,no
ST9323,89.08,67.55,89.16,CBSE,90.62,2,FIITJEE,4.9,Mid,PG,Urban,Medium,No,no
ST9324,56.93,40.16,64.91,ICSE,73.42,2,No Coaching,2.9,Mid,PG,Rural,High,Yes,no
ST9325,61.32,42.87,34.22,ICSE,77.42,2,FIITJEE,8.9,High,12th,Rural,Medium,Yes,no
ST9326,86.51,71.79,65.56,ICSE,77.73,2,FIITJEE,6.5,Low,Upto 10th,Urban,High,No,yes
ST9327,63.66,53.24,69.62,CBSE,90.88,1,FIITJEE,4.5,Mid,12th,Urban,High,Yes,no
ST9328,84.61,83.19,36.59,ICSE,69.24,2,FIITJEE,9.3,High,12th,Urban,Medium,No,no
ST9329,95.79,69.6,84.01,CBSE,72.77,1,Allen,6.1,Low,Upto 10th,Semi-Urban,Low,Yes,no
ST9330,66.37,75.71,59.44,State,73.94,2,Local,4.5,High,12th,Rural,Low,Yes,no
ST9331,81.54,88.57,71.94,CBSE,86.37,1,Local,9.1,Mid,Upto 10th,Rural,Low,No,no
ST9332,55.85,61.04,65.29,CBSE,88.44,2,FIITJEE,5.8,Low,12th,Semi-Urban,Low,Yes,yes
ST9333,82.57,56.81,52.54,ICSE,79.75,1,No Coaching,5.7,Low,Graduate,Semi-Urban,Medium,Yes,yes
ST9334,74.79,79.95,55.15,CBSE,87.33,1,Local,3.7,Low,Graduate,Urban,Low,Yes,yes
ST9335,78.62,74.15,56.78,State,76.78,1,FIITJEE,4.6,Mid,PG,Semi-Urban,Low,Yes,no
ST9336,62.96,63,81.03,ICSE,73.27,1,Local,3.7,Mid,Graduate,Semi-Urban,High,No,no
ST9337,48.74,88.26,66.23,CBSE,86.79,1,No Coaching,7.4,High,PG,Semi-Urban,Medium,No,no
ST9338,79.05,62.6,61.74,CBSE,79.88,1,FIITJEE,1.3,High,PG,Rural,High,No,yes
ST9339,43.11,66.52,56.78,ICSE,67.64,1,No Coaching,7.2,Mid,PG,Semi-Urban,High,Yes,no
ST9340,67.56,66.34,82.35,ICSE,84.97,1,Local,2.7,High,12th,Urban,Low,Yes,no
ST9341,85.18,51.05,85.57,CBSE,72.92,1,Allen,4.4,Low,Upto 10th,Rural,Low,No,yes
ST9342,74.69,67.24,82.22,CBSE,71.69,2,No Coaching,3.9,Mid,Graduate,Rural,Medium,No,no
ST9343,99.28,88.35,73.91,ICSE,83.93,2,FIITJEE,3.5,Mid,Upto 10th,Semi-Urban,High,No,no
ST9344,86.35,73.12,71.48,ICSE,74.11,1,FIITJEE,5.9,High,Graduate,Semi-Urban,Low,Yes,no
ST9345,62.85,66.5,53.41,State,78.89,2,No Coaching,4.5,Mid,Graduate,Semi-Urban,High,No,no
ST9346,72.38,63.41,65.05,State,81.62,2,Allen,3.2,Low,12th,Semi-Urban,Low,Yes,yes
ST9347,71.34,71.29,59.79,State,67.17,1,Local,4.8,Mid,Graduate,Urban,Low,Yes,no
ST9348,49.85,78,46.09,ICSE,78.85,1,Local,3.1,Low,Upto 10th,Semi-Urban,Low,No,no
ST9349,58.83,75.75,80.68,ICSE,88.49,2,Local,3.4,Mid,Upto 10th,Urban,Low,Yes,no
ST9350,64.15,60.69,59.65,ICSE,65.44,1,Local,1.5,Mid,Graduate,Semi-Urban,Medium,No,no
ST9351,43.49,71.2,82.35,CBSE,79.5,1,Local,3.6,Mid,Upto 10th,Semi-Urban,High,No,no
ST9352,72.66,73.68,78.58,ICSE,66.71,1,FIITJEE,5.5,High,PG,Urban,High,Yes,no
ST9353,68.51,49.88,74.68,CBSE,85.21,2,FIITJEE,4.6,High,Upto 10th,Semi-Urban,Medium,Yes,no
ST9354,48.58,68.69,75.35,ICSE,85.12,2,No Coaching,8.1,Low,PG,Rural,Medium,No,yes
ST9355,77.66,31.42,60.62,ICSE,71.46,2,No Coaching,9.7,High,PG,Urban,Medium,No,no
ST9356,82.02,73.72,90.29,CBSE,97.1,1,Local,3.6,Mid,Upto 10th,Urban,Low,No,no
ST9357,75.18,76.57,68.52,ICSE,86.07,1,Local,2.8,High,PG,Rural,Low,No,no
ST9358,67.46,77.96,71.62,ICSE,82.07,1,Local,6.8,High,Upto 10th,Urban,High,No,no
ST9359,80.28,59.68,60.21,ICSE,81.51,1,Allen,5.2,Low,Upto 10th,Semi-Urban,Medium,No,no
ST9360,81.52,70.94,56.83,State,84.84,1,No Coaching,6.8,Mid,Graduate,Urban,High,Yes,no
ST9361,76.3,88.78,73.73,ICSE,65.04,2,FIITJEE,5.3,Low,Upto 10th,Urban,Medium,Yes,no
ST9362,60.46,88.62,70.61,CBSE,76.95,1,Local,4.1,High,Upto 10th,Rural,High,Yes,no
ST9363,75.87,65.53,58.53,CBSE,78.83,2,No Coaching,4.1,Mid,Graduate,Urban,Medium,No,no
ST9364,88.74,68.23,50.74,CBSE,71,1,Allen,5.4,Low,12th,Semi-Urban,Medium,Yes,no
ST9365,63.65,83.77,52.76,ICSE,79.65,2,Allen,4.1,Low,Upto 10th,Urban,Low,No,no
ST9366,100,41.99,82.35,CBSE,87.32,1,Local,6.9,Mid,12th,Urban,High,No,no
ST9367,64.64,60.83,60.64,State,70.78,1,FIITJEE,1.9,Low,12th,Rural,Low,Yes,no
ST9368,72.45,87.37,63.93,CBSE,74.46,1,No Coaching,6.9,Low,Graduate,Rural,Low,Yes,yes
ST9369,62.59,81.6,85.4,ICSE,66.79,1,FIITJEE,0.8,Low,12th,Urban,High,No,yes
ST9370,75.13,71.91,54.53,State,57.13,2,Local,4.8,High,12th,Semi-Urban,Low,Yes,no
ST9371,47.61,41.91,59.28,CBSE,82.79,1,Local,3.8,Low,PG,Rural,Medium,No,yes
ST9372,64.36,65.2,58.77,State,74.74,2,Allen,1.5,High,12th,Rural,Medium,Yes,no
ST9373,56.71,56.56,87.42,CBSE,75.48,2,Allen,0.4,Low,Graduate,Semi-Urban,Medium,Yes,no
ST9374,73.89,71.3,91.92,ICSE,65.13,2,No Coaching,2.3,Low,Upto 10th,Rural,Medium,Yes,yes
ST9375,85.92,53.05,77.02,State,73.14,1,Local,4.6,Low,PG,Urban,Low,Yes,no
ST9376,81.04,49.59,77.4,CBSE,85.97,1,Local,3.3,Low,Graduate,Rural,High,Yes,no
ST9377,38.8,32.96,61.04,CBSE,75.01,2,No Coaching,2.4,Mid,Graduate,Semi-Urban,Low,Yes,yes
ST9378,100,85.55,91.37,State,75.29,1,FIITJEE,7.2,High,PG,Urban,High,Yes,no
ST9379,76.13,59.6,71.21,State,77.08,2,Allen,2,Mid,PG,Semi-Urban,High,No,no
ST9380,61.13,68.51,78.24,State,62.64,2,Local,5.9,Mid,Graduate,Semi-Urban,Low,Yes,no
ST9381,74.2,65.96,66.73,State,81.25,1,Local,2.7,Mid,Upto 10th,Semi-Urban,Low,No,no
ST9382,74.47,48.92,64.78,CBSE,62.45,1,FIITJEE,2.3,Mid,12th,Semi-Urban,Medium,No,no
ST9383,62.66,45.85,87.96,CBSE,65.6,2,FIITJEE,3.3,Low,Upto 10th,Rural,High,Yes,yes
ST9384,74.77,49.91,74.48,CBSE,64.51,2,FIITJEE,5.7,Low,12th,Rural,High,No,yes
ST9385,63.5,54.43,85.42,ICSE,73.25,1,Allen,1.8,Mid,Upto 10th,Rural,High,Yes,yes
ST9386,66.34,71.87,71.06,State,71.48,1,No Coaching,5.1,Mid,PG,Rural,Medium,Yes,no
ST9387,62.39,53.27,57.82,CBSE,74.99,1,Local,2.6,High,PG,Urban,High,Yes,no
ST9388,51.94,93.94,61,State,65.95,2,Allen,2.9,Mid,PG,Rural,High,No,no
ST9389,74.04,82.43,69.24,State,85.05,2,FIITJEE,5.3,Low,Graduate,Semi-Urban,Medium,Yes,yes
ST9390,80.19,78.93,60.48,CBSE,83.34,2,Local,8.8,High,Graduate,Urban,Low,No,no
ST9391,79.21,64.09,54.71,State,73.26,1,Local,2.7,Mid,12th,Rural,Medium,No,no
ST9392,83.48,90.23,82.42,State,70.22,2,Allen,5.9,High,PG,Rural,Medium,Yes,no
ST9393,76.54,62.51,61.46,State,69.21,2,FIITJEE,3.9,Mid,Graduate,Urban,Low,Yes,no
ST9394,64.54,65.5,69.66,State,71.9,2,FIITJEE,3.6,High,Graduate,Rural,High,Yes,no
ST9395,83.76,68.72,71.55,State,61,1,No Coaching,6.6,High,PG,Semi-Urban,Low,No,no
ST9396,52.99,77.23,60.94,CBSE,65.4,2,FIITJEE,2.8,Low,Upto 10th,Semi-Urban,High,No,yes
ST9397,59.39,76.19,85.41,CBSE,83.6,1,Allen,2.2,High,PG,Semi-Urban,Medium,Yes,no
ST9398,58.5,58.4,54.59,State,78.02,2,No Coaching,5.4,Mid,12th,Semi-Urban,High,No,no
ST9399,87.12,57.47,71.14,State,91.34,2,No Coaching,7.7,High,PG,Rural,Medium,Yes,no
ST9400,85.2,76.24,70.95,State,72.01,1,No Coaching,6,Mid,Upto 10th,Semi-Urban,High,Yes,no
ST9401,78.82,77.44,67.35,ICSE,71.38,1,No Coaching,1.7,Mid,Upto 10th,Rural,Medium,No,no
ST9402,87.01,59.71,52.44,State,70.92,1,No Coaching,3.3,Low,PG,Rural,High,No,yes
ST9403,59.69,40.6,78.45,ICSE,71.81,2,Allen,6.5,High,Graduate,Rural,High,No,no
ST9404,76.88,62.68,76.92,ICSE,68.4,1,Local,7.7,Low,Upto 10th,Rural,High,Yes,no
ST9405,70.25,75.98,59.89,ICSE,77.71,2,FIITJEE,5,Mid,12th,Urban,Low,No,no
ST9406,83.86,94.89,76.49,CBSE,75.29,2,Local,3.3,High,Graduate,Urban,Medium,No,no
ST9407,70.39,46.83,72.5,ICSE,69.9,1,Local,7.8,High,12th,Urban,Medium,Yes,no
ST9408,66.61,59.17,52.63,State,87.51,1,FIITJEE,4.4,Mid,12th,Semi-Urban,Medium,No,no
ST9409,79.57,59.77,57.75,State,93.97,1,FIITJEE,3.3,Low,12th,Rural,Low,No,no
ST9410,84.27,87.69,81.66,CBSE,86.67,1,Local,3,Low,12th,Rural,Low,No,yes
ST9411,62.64,65.44,71.71,CBSE,80.58,2,FIITJEE,2.1,High,Upto 10th,Semi-Urban,Low,No,no
ST9412,71.14,51.48,61.23,State,82.62,2,No Coaching,10,Low,Graduate,Urban,Low,No,no
ST9413,57.18,74.94,57.7,CBSE,93.56,1,FIITJEE,7.3,High,PG,Rural,High,Yes,no
ST9414,37.03,59.53,61.82,CBSE,82.6,1,FIITJEE,3.2,Low,Upto 10th,Semi-Urban,Medium,Yes,no
ST9415,74.81,46.41,62.67,ICSE,69.15,2,No Coaching,8,Mid,Graduate,Urban,High,Yes,no
ST9416,80.52,51.72,57.85,ICSE,78.92,2,No Coaching,5.6,Mid,PG,Semi-Urban,Low,Yes,no
ST9417,75.67,93.74,47.1,CBSE,81.26,1,No Coaching,5.4,Mid,PG,Semi-Urban,Low,Yes,no
ST9418,44.71,72.15,81.68,State,65.05,2,FIITJEE,3.1,High,Upto 10th,Rural,High,No,no
ST9419,67.09,67.72,79.65,ICSE,72.15,2,No Coaching,3.5,High,Graduate,Urban,Medium,No,no
ST9420,40.94,62,52.72,State,86,2,No Coaching,4.4,Mid,12th,Urban,Low,Yes,no
ST9421,91.18,70.67,69.64,CBSE,56.77,2,Allen,0.6,Mid,12th,Rural,High,No,yes
ST9422,56.8,70.48,57.17,State,62.5,2,Allen,3.5,Low,PG,Urban,High,No,no
ST9423,89.58,70.67,64.86,State,73.24,2,FIITJEE,4.5,Mid,Upto 10th,Semi-Urban,High,No,no
ST9424,85.24,67.84,63.86,State,78.54,2,No Coaching,7.1,Mid,Upto 10th,Semi-Urban,High,Yes,no
ST9425,59.39,79.9,62.87,State,61.42,2,FIITJEE,3.3,Mid,12th,Semi-Urban,Medium,Yes,no
ST9426,56.14,66.37,92.04,CBSE,73.73,1,Allen,6.1,High,Upto 10th,Rural,Medium,No,no
ST9427,76.91,50.35,62.72,CBSE,86.54,2,Allen,0.4,High,Upto 10th,Urban,Low,Yes,no
ST9428,60.18,56.2,58.3,ICSE,75.69,1,No Coaching,6.8,Mid,Graduate,Rural,Low,Yes,no
ST9429,73.43,34.34,58.85,ICSE,84.39,1,FIITJEE,2.7,Low,Graduate,Rural,Medium,No,no
ST9430,65.24,98.43,80.53,ICSE,69.08,1,Allen,4.8,Low,PG,Rural,Medium,Yes,yes
ST9431,47.06,79.8,48.17,ICSE,66.9,1,Local,5.3,Mid,Graduate,Rural,High,No,no
ST9432,40.77,52.72,58.85,State,83.49,1,No Coaching,4.9,High,Upto 10th,Urban,High,Yes,no
ST9433,75.17,61.49,85.36,ICSE,78.69,2,FIITJEE,4.3,Mid,12th,Semi-Urban,High,No,no
ST9434,64.14,55.81,70.93,ICSE,63.14,1,Local,2,Low,12th,Semi-Urban,Low,No,yes
ST9435,64.26,90.68,70.3,State,66.99,2,No Coaching,2.7,High,12th,Semi-Urban,Low,Yes,no
ST9436,81.74,43.28,93.59,CBSE,90.65,1,No Coaching,6.5,High,PG,Urban,Low,No,no
ST9437,88.43,67.83,70.96,ICSE,65.75,2,Allen,3.3,High,12th,Urban,Low,No,no
ST9438,68.18,64.26,59.5,CBSE,84.34,2,FIITJEE,4.3,Mid,Graduate,Urban,High,Yes,no
ST9439,67.23,79.23,64.62,ICSE,70.22,1,Allen,1.5,Mid,Graduate,Semi-Urban,Low,No,no
ST9440,79,64.34,54.37,CBSE,74.97,2,Local,6.2,Mid,Upto 10th,Urban,Low,Yes,no
ST9441,53,37.87,83.07,ICSE,77.95,1,Local,1.9,Low,PG,Semi-Urban,High,Yes,yes
ST9442,75.12,61.98,74.89,CBSE,53.99,2,Local,6.3,High,12th,Semi-Urban,High,Yes,no
ST9443,79.73,50.45,81.49,CBSE,60.37,2,Local,2.4,High,Upto 10th,Rural,Medium,Yes,no
ST9444,81.52,67.27,82.56,ICSE,75.86,1,Local,6.5,Low,12th,Urban,High,Yes,yes
ST9445,44.89,88.95,63.03,CBSE,67.76,2,FIITJEE,4.5,Low,12th,Rural,Low,No,no
ST9446,61.34,38.17,56.66,ICSE,84.97,2,FIITJEE,3.4,High,Upto 10th,Urban,High,No,no
ST9447,59.7,53.2,67.38,ICSE,58.94,2,No Coaching,7.7,High,Graduate,Urban,Low,Yes,no
ST9448,73.4,57.16,57.53,State,80.65,2,No Coaching,4.4,Low,Upto 10th,Rural,Medium,No,no
ST9449,78.73,59.89,69.98,ICSE,61.24,2,FIITJEE,3.8,Mid,PG,Urban,Medium,Yes,no
ST9450,92.95,77.84,81.59,ICSE,71.48,2,No Coaching,6.3,Mid,Upto 10th,Urban,Medium,No,no
ST9451,65.07,63.22,65.98,ICSE,64.36,1,Allen,1.5,Mid,12th,Urban,Low,Yes,no
ST9452,65.03,72.65,69.8,ICSE,94.02,2,FIITJEE,0,Low,Graduate,Semi-Urban,Low,No,no
ST9453,88.1,55.99,66.87,State,61.61,1,Allen,6.8,High,Upto 10th,Semi-Urban,Medium,No,no
ST9454,76.15,69.68,77.63,State,73.78,2,Local,2.8,Low,Graduate,Urban,Medium,No,no
ST9455,89.75,78.44,59.99,State,57.73,1,Local,6.2,Mid,Graduate,Rural,Low,No,no
ST9456,76.04,54.28,41.64,State,91,2,No Coaching,4.6,Mid,Graduate,Semi-Urban,Low,No,no
ST9457,55.8,78.5,73.65,CBSE,79.01,1,FIITJEE,2.2,Mid,Graduate,Semi-Urban,Low,Yes,no
ST9458,53.34,66.84,79.85,ICSE,76.37,2,Local,5.7,Low,12th,Urban,Low,No,no
ST9459,50.28,82.73,73.36,State,89.74,1,No Coaching,3.7,Low,12th,Semi-Urban,Medium,No,yes
ST9460,81.27,62.78,60.32,ICSE,76.47,1,Allen,2.3,Mid,12th,Rural,Medium,Yes,no
ST9461,88.64,72.1,54.38,State,77.2,1,FIITJEE,2.4,Mid,12th,Rural,High,No,no
ST9462,97.89,65.35,73.93,ICSE,76.32,2,No Coaching,1,High,12th,Rural,High,No,yes
ST9463,83.8,64.46,69.7,CBSE,80.64,2,Local,5.3,Low,PG,Rural,Low,Yes,no
ST9464,88.28,70.14,66.49,State,70.08,2,Allen,2.6,High,PG,Semi-Urban,Medium,No,no
ST9465,63.88,74.59,89.87,CBSE,72.86,1,Allen,4.4,Mid,Upto 10th,Semi-Urban,Low,No,no
ST9466,55.81,46.01,56.64,CBSE,83.1,2,No Coaching,4.1,Mid,Graduate,Rural,High,Yes,no
ST9467,83.9,88.94,89.3,ICSE,77.77,1,FIITJEE,2.6,Mid,PG,Semi-Urban,Low,No,no
ST9468,77.85,36.25,68.38,State,73.86,2,No Coaching,1.5,High,12th,Urban,High,No,yes
ST9469,73.5,55.04,45.97,CBSE,60.99,1,Local,9.6,Low,Graduate,Urban,High,Yes,no
ST9470,77.42,64.49,65.85,ICSE,89.98,1,FIITJEE,4.4,Low,12th,Urban,Medium,No,no
ST9471,76.52,72.6,79.51,ICSE,68.39,1,Local,8.1,High,12th,Urban,Low,Yes,no
ST9472,89.97,91.22,63.62,ICSE,84.87,2,Allen,6.8,Low,Upto 10th,Urban,Medium,Yes,no
ST9473,90.13,36.27,50.3,CBSE,76.76,1,Allen,3.9,High,Graduate,Rural,High,No,no
ST9474,79.62,57.88,66.03,ICSE,62.07,2,Local,4.9,High,12th,Semi-Urban,High,Yes,no
ST9475,83.84,31.97,57.71,ICSE,87.52,1,Local,4.8,Low,12th,Rural,Low,Yes,no
ST9476,79.2,66.51,73.9,ICSE,77.55,2,Allen,8.2,Low,Upto 10th,Rural,Low,No,no
ST9477,65.54,70.35,77.28,CBSE,88.35,1,No Coaching,6.2,High,Graduate,Rural,Low,Yes,no
ST9478,82.59,91.45,55.32,ICSE,73.18,1,No Coaching,2.9,Low,PG,Semi-Urban,Low,Yes,yes
ST9479,52.48,67.93,59.53,CBSE,82.04,1,No Coaching,5.2,Low,Graduate,Urban,High,No,no
ST9480,86.75,82.7,77.08,ICSE,57.37,2,Local,6.1,High,12th,Rural,High,No,no
ST9481,55.28,75.34,57.69,CBSE,70,1,Local,2.1,Mid,PG,Semi-Urban,High,No,no
ST9482,76,59.04,55.01,CBSE,62.27,1,Allen,5.5,High,Upto 10th,Rural,Medium,Yes,no
ST9483,60.17,43.46,53.86,State,71.25,2,FIITJEE,7.2,Low,Upto 10th,Semi-Urban,Medium,No,yes
ST9484,79.75,70.4,72.22,State,79.72,2,No Coaching,2.8,Mid,12th,Rural,Medium,No,no
ST9485,71.53,42.13,71.71,State,68.95,1,No Coaching,3.1,Low,Graduate,Urban,Low,No,yes
ST9486,49.67,86.72,59.79,CBSE,83.64,2,No Coaching,6.8,High,12th,Semi-Urban,High,Yes,no
ST9487,77.89,63.41,68.06,ICSE,66.43,2,Allen,3.8,High,Graduate,Rural,Medium,No,no
ST9488,63.91,85.12,86.33,ICSE,83.85,1,FIITJEE,2.5,High,Upto 10th,Urban,Low,Yes,no
ST9489,84.34,58.32,56.31,CBSE,88.1,2,FIITJEE,6.3,Mid,12th,Urban,Low,Yes,no
ST9490,72.02,70.3,44.58,ICSE,85.14,1,FIITJEE,5.7,Low,12th,Semi-Urban,Low,Yes,yes
ST9491,77.54,69.35,73.46,CBSE,71.56,1,No Coaching,4.7,Mid,PG,Urban,High,Yes,no
ST9492,58.59,65.28,66.68,ICSE,53.75,1,Local,6.7,High,12th,Semi-Urban,Low,No,no
ST9493,63.75,59.08,59.48,CBSE,80.82,2,No Coaching,6.9,Low,Graduate,Semi-Urban,Medium,Yes,no
ST9494,65.58,72.28,75.82,State,73.75,2,FIITJEE,4.3,High,PG,Urban,Low,No,no
ST9495,83.99,51.18,78.07,State,65.22,1,Allen,8.4,Low,Graduate,Urban,High,No,yes
ST9496,95.48,46.65,41.5,ICSE,69.44,1,FIITJEE,7.7,Mid,PG,Semi-Urban,High,No,no
ST9497,60.73,85.89,60.17,ICSE,89.34,2,No Coaching,0.5,Mid,Upto 10th,Urban,Low,Yes,no
ST9498,87.08,77.63,95.81,ICSE,63.63,2,Local,2.4,Mid,Graduate,Semi-Urban,High,No,no
ST9499,41.62,67.05,75,ICSE,79.68,1,FIITJEE,0,Mid,Graduate,Urban,High,No,yes
ST9500,55.28,92.64,76.11,State,77.18,1,Local,3.9,Low,12th,Semi-Urban,Medium,No,yes
ST9501,58.58,61.72,82.07,State,71.43,1,FIITJEE,2.1,Low,Upto 10th,Urban,Medium,No,yes
ST9502,53.06,87.16,68.2,CBSE,81.45,2,Local,2.9,Mid,PG,Urban,Low,Yes,no
ST9503,49.83,68.81,77.56,ICSE,91.32,1,Local,6.7,Mid,PG,Rural,High,No,no
ST9504,77.78,49.6,76.62,State,72.04,2,FIITJEE,1,Low,Upto 10th,Rural,High,Yes,yes
ST9505,69,95.57,74.47,CBSE,72.57,1,Allen,4.8,High,12th,Semi-Urban,High,Yes,no
ST9506,77.31,81.85,64.14,CBSE,81.22,2,No Coaching,4.7,Mid,Graduate,Rural,Medium,No,no
ST9507,81.67,64.06,70.06,CBSE,84.18,2,No Coaching,4.3,Low,Graduate,Rural,High,Yes,yes
ST9508,75.72,77.63,60.94,State,73.72,1,FIITJEE,4.8,Mid,12th,Semi-Urban,Medium,No,no
ST9509,81.21,59.54,68.15,CBSE,71.95,2,Local,0,Low,PG,Urban,High,No,yes
ST9510,71.03,79.27,53.98,ICSE,52.82,2,No Coaching,2.9,Mid,12th,Urban,Medium,Yes,no
ST9511,55.38,27.74,58.51,CBSE,67.22,1,Local,7.6,Mid,Graduate,Semi-Urban,Low,No,no
ST9512,86.81,49.68,64.61,CBSE,63.61,2,Allen,2.1,High,Upto 10th,Rural,Low,No,no
ST9513,63.75,81.67,56.68,State,81.85,2,FIITJEE,7.8,High,PG,Urban,High,No,no
ST9514,58.9,62.01,61.94,CBSE,72.56,1,Allen,1.7,High,12th,Rural,High,Yes,yes
ST9515,69.51,69.32,66.03,State,72.17,2,Local,1.4,High,Graduate,Semi-Urban,Medium,No,no
ST9516,59.22,44.45,72.83,State,74.91,2,Local,2.6,Mid,PG,Rural,Medium,No,no
ST9517,66.16,95.57,79.39,ICSE,66.3,1,FIITJEE,6.8,Mid,12th,Semi-Urban,Medium,Yes,no
ST9518,76.82,85.05,62.43,CBSE,90.53,1,Local,3.4,High,Upto 10th,Semi-Urban,High,Yes,no
ST9519,76.88,62.79,84.02,ICSE,87.98,1,FIITJEE,5.2,High,PG,Urban,Medium,No,no
ST9520,59.43,59.52,79.26,ICSE,91.18,2,FIITJEE,4.6,Mid,Upto 10th,Semi-Urban,High,No,no
ST9521,65.17,82.47,74.05,CBSE,81.83,1,Allen,4.4,Low,Graduate,Urban,Medium,No,no
ST9522,87.04,97.72,69.84,CBSE,74.71,1,No Coaching,7,High,PG,Semi-Urban,High,No,no
ST9523,78.95,81.26,71.83,State,91.15,1,No Coaching,6,Low,Upto 10th,Urban,Medium,No,yes
ST9524,100,100,82.24,CBSE,68.19,1,Local,2.2,Mid,12th,Rural,Medium,No,no
ST9525,88.52,51.24,82.68,State,66.29,1,No Coaching,3.9,Low,Upto 10th,Semi-Urban,Medium,Yes,yes
ST9526,88.02,52.89,84.02,ICSE,68.98,1,Local,8,High,Graduate,Rural,High,Yes,no
ST9527,52.57,46.98,68.5,ICSE,80.23,1,No Coaching,5.1,High,12th,Semi-Urban,Low,No,no
ST9528,82.69,73.07,74.66,State,67.38,2,Allen,1.5,High,Upto 10th,Semi-Urban,Low,Yes,no
ST9529,71.26,68.81,84.12,CBSE,73.45,2,No Coaching,1.6,High,PG,Semi-Urban,High,Yes,yes
ST9530,64.29,63.57,60.52,CBSE,58.98,1,Local,6.3,High,Upto 10th,Urban,High,Yes,no
ST9531,74.35,78.95,64.18,State,79.81,1,Local,5.9,Mid,PG,Urban,Low,No,no
ST9532,85.23,85.72,68.19,ICSE,59.83,2,No Coaching,2.7,Low,PG,Rural,Low,Yes,yes
ST9533,79.01,41.59,78.8,State,65.68,1,FIITJEE,6,Mid,Upto 10th,Rural,Medium,Yes,no
ST9534,59.7,56.45,78.98,CBSE,87.17,2,Allen,7.7,Mid,Graduate,Semi-Urban,Medium,Yes,no
ST9535,82.39,79.12,65.23,CBSE,86.8,1,FIITJEE,7.4,Mid,PG,Rural,High,No,no
ST9536,63.07,58.52,49.9,State,78.74,2,No Coaching,7.7,Low,Graduate,Semi-Urban,Low,Yes,yes
ST9537,75.03,53.23,70.95,CBSE,77.76,1,FIITJEE,5.6,Low,PG,Semi-Urban,Low,No,yes
ST9538,67.75,82.3,56.98,ICSE,69.69,2,No Coaching,4.1,Mid,PG,Semi-Urban,High,No,no
ST9539,68.94,45.37,50.12,State,67.27,2,Local,3.7,Low,Upto 10th,Urban,Low,Yes,yes
ST9540,82.73,61.17,52.83,ICSE,71.38,1,FIITJEE,4.5,Mid,PG,Rural,Medium,Yes,no
ST9541,57.44,71.26,71.92,ICSE,59.86,2,Allen,2.7,Mid,12th,Urban,Low,No,no
ST9542,99.23,56.82,84.33,State,77.52,2,FIITJEE,3.8,High,Upto 10th,Semi-Urban,Low,Yes,no
ST9543,46.5,78.53,68.47,State,75.49,1,Local,7.1,Low,12th,Semi-Urban,Medium,No,yes
ST9544,63.63,56.9,70.54,CBSE,65.67,2,Local,1.3,High,12th,Urban,Low,No,no
ST9545,77.18,88.54,82.19,CBSE,90.69,2,Local,1.4,Mid,PG,Rural,Medium,No,no
ST9546,80.18,63.99,49.47,State,81.07,2,FIITJEE,6.2,Mid,Graduate,Urban,Medium,No,no
ST9547,70.59,76.74,74.24,State,81.92,2,Local,3.8,Mid,Upto 10th,Urban,Medium,Yes,no
ST9548,71.2,77.94,67.86,CBSE,70.13,1,Local,0.6,High,Graduate,Rural,Low,No,no
ST9549,77.75,55.96,74.79,CBSE,74.99,2,FIITJEE,4.4,High,Upto 10th,Semi-Urban,Medium,No,no
ST9550,68.77,33.14,62.2,CBSE,81.27,2,FIITJEE,4.1,Mid,12th,Rural,High,No,no
ST9551,91.5,71.77,58.18,State,76.53,2,No Coaching,3.6,High,PG,Rural,Low,No,no
ST9552,83.75,67.16,69.69,State,91.02,2,FIITJEE,5.9,Mid,PG,Urban,Medium,No,no
ST9553,84.22,74.89,87.79,CBSE,72.96,1,Local,1.8,Mid,PG,Semi-Urban,High,No,yes
ST9554,58.47,62.38,78.33,ICSE,69.95,2,Allen,4.5,High,Graduate,Semi-Urban,High,Yes,no
ST9555,70.89,59.11,61.91,ICSE,81.34,1,Local,4.1,Low,PG,Semi-Urban,Medium,Yes,no
ST9556,67.79,98.14,51.91,CBSE,62.35,1,Local,4.6,Mid,PG,Urban,High,No,no
ST9557,57.92,42.44,47.82,State,84.24,2,Local,1,Mid,Graduate,Urban,Medium,Yes,no
ST9558,77.04,77.74,83.79,State,61.99,1,FIITJEE,3.5,High,Graduate,Rural,High,No,no
ST9559,64.47,56.81,56.54,ICSE,81.39,2,Allen,4.5,High,PG,Rural,Low,Yes,no
ST9560,81.18,60.63,64.09,CBSE,68.52,2,Local,5.6,High,PG,Urban,Medium,No,no
ST9561,57.02,60.93,83.85,ICSE,79.77,2,FIITJEE,8.2,Mid,12th,Rural,High,No,no
ST9562,96.07,53.15,48.63,ICSE,84.07,1,No Coaching,6.1,Low,PG,Urban,High,No,no
ST9563,59.45,75.14,85.91,CBSE,76.53,1,Allen,5.4,Low,Graduate,Rural,Medium,Yes,no
ST9564,75.07,88.25,64.96,ICSE,63,2,Allen,7,Low,Upto 10th,Semi-Urban,Low,Yes,yes
ST9565,83.09,73.52,54.22,State,66.03,1,FIITJEE,3.9,Mid,PG,Urban,Medium,Yes,no
ST9566,64.01,67.65,65.03,ICSE,67.71,1,No Coaching,7.6,High,Upto 10th,Rural,High,Yes,no
ST9567,83.93,50.22,59.33,CBSE,56.05,1,Local,6.7,Low,PG,Urban,Medium,No,no
ST9568,54.79,74.27,73.29,State,86.27,1,No Coaching,3.6,Low,PG,Urban,Low,No,yes
ST9569,92.33,100,60.22,State,76.1,2,Allen,8.3,Low,12th,Rural,High,Yes,yes
ST9570,72.2,59.91,45.06,ICSE,63.64,2,FIITJEE,5.4,Mid,PG,Rural,Low,No,no
ST9571,63.65,59.98,65.35,State,89.56,2,No Coaching,8.9,High,Graduate,Urban,Low,Yes,no
ST9572,67.81,57.02,51.72,CBSE,67.99,1,Local,5.1,High,PG,Urban,High,No,no
ST9573,83.32,58.17,70.45,ICSE,77.51,2,No Coaching,3.4,High,Upto 10th,Rural,Low,No,no
ST9574,63.82,22.08,53.75,State,66.75,2,No Coaching,3,High,PG,Semi-Urban,High,Yes,no
ST9575,61.51,72.48,62.14,CBSE,54.82,2,FIITJEE,3.8,Low,Graduate,Semi-Urban,Low,Yes,no
ST9576,68.9,52.47,70.19,ICSE,61.36,1,FIITJEE,3.4,High,PG,Semi-Urban,Low,No,no
ST9577,55.52,40.24,65.45,CBSE,70.52,1,Allen,7,Low,Upto 10th,Urban,High,Yes,yes
ST9578,97.49,78.05,71.01,State,83.98,1,FIITJEE,4.4,Mid,PG,Semi-Urban,Low,No,no
ST9579,64.07,48.69,76.16,ICSE,78.47,2,No Coaching,1.3,Mid,12th,Urban,Low,No,no
ST9580,83.64,60.58,54.1,ICSE,76.4,2,Local,4.9,Mid,PG,Rural,Low,No,no
ST9581,74.93,89.46,67.23,State,54.9,2,Allen,4.8,High,Upto 10th,Semi-Urban,Medium,No,no
ST9582,58.22,43.45,28.05,CBSE,87.7,1,FIITJEE,3.6,High,Upto 10th,Rural,Low,No,no
ST9583,71.92,41.48,70.97,State,77.24,2,No Coaching,5,Low,Upto 10th,Semi-Urban,Medium,No,no
ST9584,82.98,70.31,64.39,ICSE,73.81,1,No Coaching,4.4,High,12th,Semi-Urban,High,No,no
ST9585,69.36,84.39,56.2,ICSE,86.32,1,Allen,5.8,Mid,PG,Rural,High,No,no
ST9586,88.7,40.81,71.79,State,87.47,1,Allen,5.6,High,Upto 10th,Rural,High,Yes,no
ST9587,86.3,72.52,82.07,CBSE,86.55,2,FIITJEE,5.2,Low,12th,Urban,Medium,No,yes
ST9588,84.86,75.3,62.29,State,72.53,1,FIITJEE,1.9,Mid,12th,Rural,High,No,yes
ST9589,65.56,33.05,56.66,CBSE,64.97,2,Local,8.7,Mid,Upto 10th,Urban,High,No,no
ST9590,56.88,78.78,69.98,CBSE,84.89,1,Allen,1.4,Low,Graduate,Urban,Low,Yes,no
ST9591,63.41,80.03,51.97,ICSE,61.35,2,Allen,4.2,Mid,PG,Rural,Medium,No,no
ST9592,74.75,61.01,60.08,CBSE,94.47,1,No Coaching,2.3,Low,Upto 10th,Semi-Urban,Medium,Yes,yes
ST9593,79.64,86.04,82.67,ICSE,75.28,2,Local,5.3,Low,PG,Semi-Urban,Medium,Yes,yes
ST9594,41.6,84.18,68.75,CBSE,64.39,2,FIITJEE,4.8,High,12th,Semi-Urban,High,Yes,no
ST9595,71.89,67.65,45.45,CBSE,62.68,1,Local,4.2,Mid,PG,Rural,Medium,No,no
ST9596,74.21,58.78,46.44,ICSE,62.22,2,Local,7.5,High,Graduate,Semi-Urban,High,No,no
ST9597,68.11,50.43,69.95,CBSE,76.4,2,No Coaching,6.7,High,PG,Urban,High,No,no
ST9598,90.08,65.4,78.35,State,74.94,1,Allen,3.8,Low,Upto 10th,Rural,High,No,yes
ST9599,77.9,75.12,48.59,CBSE,62.64,1,Allen,6.1,Low,Upto 10th,Urban,High,Yes,yes
ST9600,90.34,60.81,73.4,ICSE,71.44,2,Allen,7.6,High,Upto 10th,Semi-Urban,Low,No,no
ST9601,68.98,30.84,83.96,ICSE,61.32,1,FIITJEE,6.7,Low,PG,Semi-Urban,Medium,Yes,no
ST9602,85.12,86.3,90.65,State,80.89,2,Allen,4.2,Mid,Upto 10th,Semi-Urban,Medium,Yes,no
ST9603,94.89,69.04,71.97,CBSE,74.45,1,Local,1.3,Mid,PG,Urban,High,No,yes
ST9604,90.36,59.93,74.08,State,71.22,1,Local,5.1,High,PG,Semi-Urban,High,No,no
ST9605,56.71,79.71,42.4,CBSE,62.12,1,Allen,5.8,Mid,Upto 10th,Urban,High,Yes,no
ST9606,68.45,90.39,93.2,State,72,2,Local,3,High,Graduate,Rural,Low,Yes,no
ST9607,67.17,21.17,61.09,ICSE,70.85,1,FIITJEE,4.5,Mid,Upto 10th,Rural,High,No,no
ST9608,78.85,72.95,56.8,ICSE,78.18,2,Allen,4.3,Low,12th,Rural,Medium,No,no
ST9609,81.61,43.17,64.94,State,76.67,2,FIITJEE,7.3,Mid,12th,Semi-Urban,Medium,No,no
ST9610,60.26,73.99,86.14,CBSE,82.92,1,Allen,8.2,Low,Graduate,Urban,Low,Yes,no
ST9611,72.95,68.05,94.5,CBSE,70.15,1,FIITJEE,6.9,High,12th,Semi-Urban,High,Yes,no
ST9612,43.72,76.17,69.5,ICSE,56.4,1,FIITJEE,4.3,Mid,Graduate,Rural,Medium,Yes,no
ST9613,92.19,58.01,79.98,CBSE,84.91,1,FIITJEE,6.8,Low,PG,Rural,Low,Yes,yes
ST9614,64.83,36.03,68.52,State,65.64,1,Local,5.8,Low,12th,Semi-Urban,Medium,No,yes
ST9615,72.78,58.79,55.55,State,63.93,2,FIITJEE,4.4,High,Graduate,Semi-Urban,Low,No,no
ST9616,67.66,72.51,85.72,CBSE,74.57,1,No Coaching,8.7,High,Upto 10th,Semi-Urban,High,No,no
ST9617,88.04,82.25,60.53,ICSE,78.02,2,FIITJEE,3,Mid,12th,Urban,Medium,No,no
ST9618,32.27,47.25,86.43,ICSE,69.69,2,FIITJEE,5.7,Mid,12th,Semi-Urban,Medium,No,no
ST9619,71.77,82.43,83.58,ICSE,69.61,1,FIITJEE,6.2,Mid,Graduate,Rural,High,No,no
ST9620,70.52,55.63,75.37,ICSE,71.09,1,FIITJEE,3.9,Low,PG,Rural,High,Yes,yes
ST9621,65.65,71.8,89.95,ICSE,89.17,2,Allen,5.6,High,Graduate,Urban,Low,No,no
ST9622,96.17,57.84,94.79,State,74.97,2,Local,6.4,Mid,Graduate,Semi-Urban,High,Yes,no
ST9623,59.58,68.91,65.9,CBSE,65.32,1,Local,5,Mid,12th,Urban,Medium,No,no
ST9624,82.81,80.27,58.29,State,65.42,2,Local,5.4,Low,Graduate,Semi-Urban,Medium,No,yes
ST9625,76.99,46.37,45.63,ICSE,72.49,2,Allen,4.7,Mid,Upto 10th,Rural,High,No,no
ST9626,89.66,55.12,94.94,ICSE,77.38,2,FIITJEE,6.1,Low,Graduate,Semi-Urban,High,Yes,no
ST9627,62.66,68.96,62.72,CBSE,79.84,1,FIITJEE,4,Low,Upto 10th,Semi-Urban,High,Yes,yes
ST9628,61.74,100,81.62,CBSE,76.24,2,Local,3.9,High,Upto 10th,Rural,High,Yes,no
ST9629,87.34,52.19,59.1,CBSE,66.58,2,No Coaching,4.5,Low,Graduate,Rural,Medium,No,yes
ST9630,77.95,98.64,86.46,State,70.76,2,FIITJEE,6.9,High,PG,Rural,Low,Yes,no
ST9631,50.37,98.07,59.6,CBSE,82.34,1,FIITJEE,1,Low,Upto 10th,Semi-Urban,Medium,No,no
ST9632,64.45,64.44,53.7,State,63.54,1,FIITJEE,2.7,High,Upto 10th,Urban,Medium,No,no
ST9633,77.41,61.23,65.5,ICSE,70.34,2,Allen,9.1,Low,Upto 10th,Semi-Urban,Low,No,no
ST9634,83.73,54.93,61.62,State,80.97,2,FIITJEE,5.1,Mid,PG,Urban,High,Yes,no
ST9635,62.49,64.91,75.16,CBSE,83.75,2,Local,3.7,High,Graduate,Semi-Urban,Low,Yes,no
ST9636,31.2,43.49,67.38,State,73.07,1,FIITJEE,6.1,High,PG,Semi-Urban,Medium,Yes,yes
ST9637,79.33,64.78,75.53,State,70.89,1,Local,2.9,Low,Graduate,Semi-Urban,High,No,yes
ST9638,54.92,89.95,64.51,State,61.78,2,No Coaching,0.3,Mid,Upto 10th,Semi-Urban,High,Yes,yes
ST9639,43.76,56.22,60.02,CBSE,80.26,2,Allen,5.2,Mid,12th,Urban,High,No,no
ST9640,32.35,62.15,61,State,88.19,2,No Coaching,3,High,Upto 10th,Semi-Urban,High,No,no
ST9641,83.4,38.78,92.54,CBSE,100,2,FIITJEE,4.7,Mid,Graduate,Rural,High,Yes,no
ST9642,73.8,71.98,70.7,State,78.86,2,No Coaching,5.2,Mid,PG,Rural,High,No,no
ST9643,68.84,70.23,44.19,State,74.49,2,FIITJEE,4.8,Low,Upto 10th,Semi-Urban,Low,No,no
ST9644,91.45,67.02,61.76,State,65.8,2,Local,1.1,Mid,Upto 10th,Urban,High,No,yes
ST9645,80.92,62.53,69.16,CBSE,56.21,1,FIITJEE,4.6,Mid,Graduate,Rural,Low,Yes,no
ST9646,94.63,61.32,90.14,CBSE,76.77,1,Allen,5.4,Mid,Graduate,Rural,Low,No,no
ST9647,52.5,74.03,80.34,CBSE,98.5,1,No Coaching,1.7,Mid,12th,Rural,Low,No,no
ST9648,71.52,65.54,56.94,ICSE,87.71,2,FIITJEE,1.5,Low,Upto 10th,Semi-Urban,High,Yes,yes
ST9649,49.37,71.04,97.02,CBSE,86.17,1,Local,2.4,Low,Upto 10th,Rural,High,Yes,no
ST9650,68.79,69.44,67.63,State,77.46,2,No Coaching,6,Mid,Upto 10th,Urban,High,No,no
ST9651,68.52,83.97,82.96,ICSE,78.6,1,Allen,0.5,Low,12th,Urban,High,Yes,yes
ST9652,80.77,76.83,54.14,CBSE,50.76,1,FIITJEE,6.2,High,12th,Urban,Medium,Yes,no
ST9653,72.64,69.09,39.22,CBSE,82.63,1,Allen,5.3,Low,Upto 10th,Rural,Medium,No,yes
ST9654,80.73,90.29,51.1,ICSE,69.21,1,Local,4,Low,Graduate,Rural,High,No,no
ST9655,81.85,72.72,29,ICSE,67.98,1,No Coaching,1.5,Low,PG,Urban,Medium,No,no
ST9656,100,86.88,93.35,CBSE,71.77,2,No Coaching,2.9,High,Upto 10th,Rural,High,Yes,no
ST9657,67.59,75.71,70.57,ICSE,71.43,2,No Coaching,6.1,High,Upto 10th,Urban,High,Yes,no
ST9658,58.83,36.53,56.9,State,67.82,1,Local,7,High,Upto 10th,Semi-Urban,High,No,no
ST9659,75.45,86.88,73.43,State,75.14,2,FIITJEE,2.4,Low,Graduate,Semi-Urban,High,No,yes
ST9660,60.77,68.16,70.27,State,69.42,1,FIITJEE,6.8,High,12th,Semi-Urban,High,Yes,no
ST9661,92.75,65.17,75.45,CBSE,76,1,FIITJEE,5.9,High,PG,Rural,High,No,no
ST9662,68.03,70.5,82.51,State,60.13,1,Allen,4.5,Low,PG,Semi-Urban,High,No,yes
ST9663,64.08,60.48,64.52,ICSE,72.86,2,Local,3,Mid,12th,Semi-Urban,Low,Yes,no
ST9664,65.4,69.63,57.44,State,64.04,1,No Coaching,3.3,Low,Upto 10th,Urban,Low,Yes,yes
ST9665,82.06,56.53,77.93,ICSE,68.59,1,Local,8.1,Low,Upto 10th,Urban,Medium,No,yes
ST9666,69.79,86.39,77.63,State,76.43,2,Local,4.9,Low,PG,Urban,Medium,No,yes
ST9667,63.02,64.18,69.21,ICSE,58.96,1,Local,7.2,Mid,PG,Semi-Urban,Low,No,no
ST9668,95.31,59.88,94.13,State,66.78,2,No Coaching,5,Low,Upto 10th,Urban,Low,Yes,yes
ST9669,60.01,51.2,62.75,State,80.69,2,No Coaching,3.6,Low,Graduate,Semi-Urban,Low,No,yes
ST9670,72.5,70.3,57.2,State,60.87,2,Allen,5.7,Mid,Upto 10th,Rural,Medium,No,no
ST9671,81.13,68.99,73.02,ICSE,92.78,2,Local,8.8,Low,Graduate,Semi-Urban,High,Yes,no
ST9672,49.16,72.21,59.9,ICSE,87.04,2,FIITJEE,3.2,Low,Upto 10th,Urban,Medium,Yes,yes
ST9673,78.72,49.56,73.95,State,70.05,2,Allen,6.3,Low,PG,Urban,High,Yes,yes
ST9674,57.23,40.38,58,ICSE,67.13,2,No Coaching,4.9,Mid,Upto 10th,Urban,High,Yes,no
ST9675,83.52,76.01,63.2,ICSE,77.02,2,No Coaching,1.6,Low,Upto 10th,Urban,Medium,Yes,yes
ST9676,58.52,89.75,90.69,CBSE,60.53,2,Allen,1.6,Mid,12th,Rural,High,No,yes
ST9677,81.7,49.58,63.13,State,54.98,2,FIITJEE,3.6,Mid,Upto 10th,Rural,Medium,Yes,no
ST9678,87.48,91.43,58.41,ICSE,70.41,2,Local,5.2,High,Upto 10th,Semi-Urban,Low,No,no
ST9679,84.06,70.54,82.05,ICSE,73.66,2,Local,6.3,Low,Upto 10th,Urban,Low,Yes,no
ST9680,75.52,65.89,55.39,ICSE,75.94,2,FIITJEE,1.4,Low,PG,Rural,Medium,No,yes
ST9681,68.76,59.64,59.68,ICSE,68.85,2,Local,5.8,High,Upto 10th,Rural,Medium,Yes,no
ST9682,63.93,43.85,74.92,CBSE,87.74,2,No Coaching,4.3,High,Graduate,Rural,Medium,Yes,no
ST9683,92.59,81.8,79.26,ICSE,60.05,2,Allen,4.5,Low,Graduate,Urban,Medium,Yes,no
ST9684,62.21,53.59,82.65,ICSE,63.62,2,FIITJEE,5.7,Low,Upto 10th,Rural,High,No,no
ST9685,57.48,53.52,59.03,CBSE,79.87,1,Allen,8,High,PG,Urban,Low,No,no
ST9686,81.32,81.87,75.15,State,63.38,1,Local,5.1,Low,Graduate,Rural,Medium,Yes,no
ST9687,60.85,35.87,62.41,State,63,2,Local,1.8,Low,Upto 10th,Rural,Medium,No,no
ST9688,58.7,41.62,60.73,CBSE,76.23,2,No Coaching,4.1,Low,Upto 10th,Urban,Low,No,yes
ST9689,51.79,65.71,82.44,State,64.46,1,No Coaching,6.2,High,Graduate,Urban,Medium,No,no
ST9690,65.24,70.69,61.41,State,73.67,1,Local,6.3,High,PG,Urban,Low,Yes,no
ST9691,70.84,73.76,71.34,CBSE,68,2,Local,5.8,Mid,PG,Rural,Low,Yes,no
ST9692,75.4,61.17,69.87,ICSE,66.38,2,No Coaching,3.5,Mid,Graduate,Semi-Urban,Medium,Yes,no
ST9693,85.32,100,55.15,CBSE,53.98,1,No Coaching,1.8,Low,Upto 10th,Semi-Urban,High,No,yes
ST9694,79.38,62.35,79.59,CBSE,76.4,2,FIITJEE,5.7,Low,PG,Urban,Medium,No,yes
ST9695,69.33,62.31,74.72,CBSE,62.53,1,No Coaching,2.1,Mid,12th,Urban,High,No,no
ST9696,69.23,53.25,44.16,CBSE,73.32,2,FIITJEE,5.9,Mid,Upto 10th,Semi-Urban,Medium,Yes,no
ST9697,79.14,67.98,71.33,CBSE,69.88,1,FIITJEE,5.9,Mid,PG,Semi-Urban,High,Yes,no
ST9698,89.82,75.84,58.72,ICSE,72.93,2,Allen,3.6,Low,Upto 10th,Urban,Low,No,yes
ST9699,73.77,85.26,81.16,State,73.5,2,No Coaching,4.3,Low,12th,Urban,Low,Yes,yes
ST9700,65.43,42.17,50.66,CBSE,76.94,1,FIITJEE,4.9,Mid,Graduate,Urban,Medium,No,no
ST9701,58.1,62.06,63.72,ICSE,67.72,2,Allen,3.3,High,12th,Semi-Urban,Medium,Yes,no
ST9702,51.77,73.15,72.34,CBSE,87.43,1,Allen,1.7,Mid,Upto 10th,Semi-Urban,High,No,yes
ST9703,81.33,75.39,68.65,ICSE,56.53,1,No Coaching,4.4,High,Graduate,Semi-Urban,High,Yes,no
ST9704,80.09,66.1,77.16,State,72.73,1,No Coaching,4.6,High,12th,Urban,High,No,no
ST9705,80.08,74.68,49.78,ICSE,83.36,2,Allen,7.2,Low,PG,Rural,High,Yes,no
ST9706,70.2,53.06,87.82,ICSE,79.77,1,FIITJEE,2.9,High,12th,Semi-Urban,High,No,no
ST9707,91.7,90.93,74.3,State,65.25,2,No Coaching,6.6,High,Upto 10th,Rural,Medium,Yes,no
ST9708,65.22,81.88,84.32,State,66.92,1,Allen,2.2,Mid,PG,Rural,Low,No,no
ST9709,85.37,44.48,78.49,ICSE,64.93,1,Allen,1.8,Mid,12th,Semi-Urban,High,No,yes
ST9710,71.46,48.8,67.86,CBSE,80.99,1,FIITJEE,3.9,High,Upto 10th,Semi-Urban,Low,No,no
ST9711,63.48,49.25,52.59,CBSE,67.6,1,Local,2.6,Mid,Graduate,Semi-Urban,Low,Yes,no
ST9712,80.3,76.85,61.24,State,77.55,2,FIITJEE,1.8,Mid,12th,Urban,Medium,Yes,no
ST9713,77.73,45.44,87.07,CBSE,77.64,2,Allen,8.4,Mid,Graduate,Rural,High,Yes,no
ST9714,77,60.7,84.63,State,98.68,2,FIITJEE,3.6,Mid,PG,Rural,High,No,no
ST9715,73.14,73.28,60.56,ICSE,78.13,2,No Coaching,9.1,High,Graduate,Rural,High,No,no
ST9716,71.47,64.94,34.18,ICSE,66.89,2,Allen,2.5,High,Upto 10th,Rural,High,Yes,no
ST9717,100,70.14,65.45,CBSE,60.4,2,FIITJEE,1.1,High,PG,Urban,Medium,No,no
ST9718,88.58,48.95,64.55,State,72.24,1,FIITJEE,7.1,High,12th,Semi-Urban,Medium,Yes,no
ST9719,82.12,75.52,65,CBSE,73.81,2,FIITJEE,3,High,Graduate,Semi-Urban,High,No,no
ST9720,73.57,56.19,74.34,CBSE,52.89,2,FIITJEE,4.8,Low,PG,Urban,High,No,no
ST9721,86.1,60.81,78.51,ICSE,67.86,2,Allen,1.8,Mid,PG,Semi-Urban,Low,Yes,no
ST9722,79.25,69.8,79.88,CBSE,77.97,2,FIITJEE,4.4,Low,12th,Rural,Low,No,no
ST9723,72.37,67.65,73.35,ICSE,69.68,2,No Coaching,1.8,High,12th,Urban,High,No,yes
ST9724,67.75,66.38,46.39,State,84.69,2,Local,4.4,Mid,12th,Urban,High,No,no
ST9725,70.87,53.99,63.91,CBSE,59.42,1,Local,3.6,High,12th,Rural,Low,No,no
ST9726,27.61,61.21,95.65,ICSE,81.77,1,Local,5,Low,Graduate,Urban,Low,No,yes
ST9727,74.95,66.03,72.49,CBSE,84.14,2,No Coaching,5.8,High,PG,Rural,High,No,no
ST9728,65.16,44,72.41,State,84.56,1,Local,5,Mid,12th,Urban,Low,No,no
ST9729,94.3,58.6,72.31,CBSE,59.34,2,Allen,5.4,High,PG,Semi-Urban,Medium,Yes,no
ST9730,72.27,72.2,72.98,CBSE,78.15,1,Allen,4.3,High,PG,Rural,Low,Yes,no
ST9731,55.35,45.56,39.4,ICSE,68.31,2,No Coaching,3.6,Mid,Upto 10th,Semi-Urban,High,No,no
ST9732,71.3,84.51,65.13,State,60.94,1,No Coaching,5.4,Low,Upto 10th,Urban,Medium,No,yes
ST9733,57.35,86.31,67.55,State,70.86,1,Allen,4.3,Low,12th,Urban,Medium,No,yes
ST9734,78.63,46.08,83.38,State,65.95,2,No Coaching,4.4,Mid,12th,Urban,Low,No,no
ST9735,76.07,87.72,68.57,CBSE,84.21,2,No Coaching,5.3,Mid,Upto 10th,Urban,High,Yes,no
ST9736,85.41,63.7,48.24,ICSE,80.13,1,Allen,2.4,Low,PG,Urban,Low,No,yes
ST9737,60.93,72.7,73.16,CBSE,63.48,2,Allen,7.4,Mid,12th,Semi-Urban,Low,Yes,no
ST9738,72.48,58.05,58.35,CBSE,67.76,2,FIITJEE,4,Low,Graduate,Rural,Low,Yes,no
ST9739,52.89,80.77,53.4,CBSE,71.19,2,FIITJEE,4.7,High,12th,Urban,Medium,No,no
ST9740,81.82,72.5,57.99,State,74.28,2,Local,4.4,Low,12th,Urban,Low,Yes,no
ST9741,79.26,52.97,74.51,ICSE,85.06,2,No Coaching,5.8,Mid,Graduate,Urban,Low,No,no
ST9742,78.94,47.36,83.11,State,81.91,2,Allen,5.2,High,12th,Semi-Urban,Low,Yes,no
ST9743,72.02,42.64,73.8,CBSE,75.51,1,Local,4.4,Mid,PG,Urban,Low,Yes,no
ST9744,77.81,69.01,75.58,CBSE,72.39,2,FIITJEE,7.4,Low,Graduate,Urban,High,No,yes
ST9745,94.46,75.16,73.68,ICSE,57.27,2,No Coaching,0,High,Graduate,Urban,High,Yes,yes
ST9746,68.01,76.42,69.22,State,87.92,1,Local,7,Low,Upto 10th,Rural,High,Yes,no
ST9747,73.94,64.11,76.36,CBSE,70.53,1,No Coaching,6.3,High,PG,Rural,Medium,No,no
ST9748,56.79,47.49,38.97,CBSE,90.55,1,Local,0.8,Mid,Upto 10th,Urban,High,Yes,yes
ST9749,59.84,55.09,69.33,ICSE,76.96,2,No Coaching,6.4,Low,PG,Rural,Low,Yes,no
ST9750,73.37,84.44,55.46,CBSE,95.25,1,No Coaching,6.6,High,12th,Urban,Low,No,no
ST9751,87.46,58.25,81.95,State,81.06,1,Allen,5.6,High,Upto 10th,Urban,High,Yes,no
ST9752,68.41,68.29,66.23,State,60.68,1,No Coaching,1.4,High,12th,Rural,Medium,No,no
ST9753,68.7,48.79,68.37,CBSE,68.86,1,FIITJEE,5.9,Low,12th,Rural,Medium,No,yes
ST9754,66.3,71.39,49.94,CBSE,73.31,1,Allen,6.5,Mid,Upto 10th,Urban,Medium,No,no
ST9755,64.51,58.68,80.2,CBSE,66.26,1,No Coaching,3.4,Mid,Upto 10th,Rural,Low,Yes,no
ST9756,76.13,82.75,75.53,ICSE,71.23,1,FIITJEE,5.4,High,12th,Rural,High,No,no
ST9757,51.04,78.38,74.68,ICSE,61.33,1,FIITJEE,3.8,Mid,12th,Rural,Medium,Yes,no
ST9758,89.93,58.07,58.24,State,75.06,2,Local,6.3,Low,PG,Semi-Urban,Low,Yes,yes
ST9759,62.68,63.97,58.72,State,77.37,2,Allen,3.9,Mid,12th,Semi-Urban,Medium,Yes,no
ST9760,82.11,57.18,70.68,CBSE,64.96,1,Allen,3.3,Mid,Graduate,Semi-Urban,Medium,No,no
ST9761,54.22,43.29,59.67,CBSE,94.4,2,Local,4.4,Low,12th,Semi-Urban,High,No,yes
ST9762,81.36,52.28,73.22,CBSE,75.64,2,Local,1.8,Low,12th,Semi-Urban,Low,Yes,no
ST9763,81.41,69.17,42.07,ICSE,66.83,2,Local,4.2,Mid,12th,Urban,Medium,No,no
ST9764,77.38,71.2,62.15,ICSE,58.7,1,Allen,5.2,Mid,Upto 10th,Rural,Low,No,no
ST9765,58.08,68.38,89.56,CBSE,75.6,1,FIITJEE,6.2,Mid,Upto 10th,Semi-Urban,Medium,Yes,no
ST9766,75.49,61.17,73.27,CBSE,72.4,2,FIITJEE,5,High,Graduate,Rural,High,No,no
ST9767,55.44,80.93,70,State,82.83,1,No Coaching,1.6,Low,12th,Urban,Medium,No,yes
ST9768,68.46,67.02,91.82,ICSE,73.57,2,Allen,7.2,High,PG,Rural,High,Yes,no
ST9769,86.41,77.25,39.97,CBSE,63.06,1,Allen,7.4,High,PG,Rural,Medium,Yes,no
ST9770,83.15,37.62,58.22,ICSE,91.71,2,Local,4.7,High,12th,Urban,High,Yes,no
ST9771,72.21,3.24,63.19,CBSE,79.36,1,Allen,3,High,12th,Urban,Medium,No,no
ST9772,58.35,70.54,78.3,CBSE,72.46,1,Allen,3.4,Mid,12th,Rural,Medium,No,no
ST9773,81.04,43.2,78.51,State,76.65,2,FIITJEE,4.1,Low,12th,Rural,Medium,Yes,yes
ST9774,72.27,62.6,57.61,State,79.74,2,Allen,5.1,Mid,12th,Urban,Low,No,no
ST9775,39.52,61.17,79.98,State,60.71,2,FIITJEE,3.9,Low,Upto 10th,Semi-Urban,Low,No,yes
ST9776,82.96,91.4,63.16,CBSE,76.58,2,FIITJEE,2.8,High,Graduate,Semi-Urban,Medium,No,no
ST9777,71.66,72.4,82.54,State,70.5,1,Allen,6.5,Low,Upto 10th,Semi-Urban,Low,No,no
ST9778,88.83,68.65,55.61,CBSE,80.07,1,FIITJEE,5,Low,PG,Semi-Urban,Low,No,no
ST9779,56.67,79.39,66.52,ICSE,67.6,2,Local,2.4,Low,Upto 10th,Rural,Medium,No,no
ST9780,27.53,71.9,62.12,ICSE,68.95,2,FIITJEE,5.1,Low,Upto 10th,Semi-Urban,Medium,Yes,yes
ST9781,75.91,58.68,80.67,CBSE,91.63,1,Allen,4.8,Mid,Graduate,Semi-Urban,Medium,Yes,no
ST9782,76.08,83.14,61.73,State,87.31,1,Local,3.1,High,PG,Urban,Low,Yes,no
ST9783,48.33,48.24,67.49,State,50,1,Local,6.9,Mid,PG,Urban,Low,No,no
ST9784,58.3,71.17,74.08,ICSE,86.57,1,Allen,4.8,High,12th,Urban,Low,No,no
ST9785,100,41.24,74.54,CBSE,74.26,2,No Coaching,4.1,Mid,Graduate,Urban,Medium,Yes,no
ST9786,67.72,69.26,78.64,CBSE,67.92,2,FIITJEE,4.3,Mid,Upto 10th,Rural,Low,No,no
ST9787,82.23,69.09,70.53,CBSE,64.93,1,FIITJEE,5.4,Mid,Upto 10th,Rural,Low,No,no
ST9788,62.89,92.82,62.98,ICSE,65.51,1,No Coaching,4.4,Low,Upto 10th,Rural,High,No,yes
ST9789,42.74,40.96,63.8,ICSE,68.2,2,Local,4.3,Low,PG,Semi-Urban,High,No,yes
ST9790,69.62,56.39,68.31,State,63.73,2,No Coaching,6.6,Low,PG,Semi-Urban,Medium,Yes,yes
ST9791,68.28,79.16,71,CBSE,61.45,1,Allen,1.7,Low,Upto 10th,Rural,Medium,No,yes
ST9792,66.4,71.37,66.23,CBSE,64.6,2,No Coaching,2,Mid,PG,Semi-Urban,Low,No,no
ST9793,70.4,68.88,68.23,CBSE,78.23,2,Local,6.1,Mid,12th,Semi-Urban,High,No,no
ST9794,75.7,50.7,49.79,CBSE,75.5,1,Allen,9.3,High,Upto 10th,Semi-Urban,High,No,no
ST9795,69.9,56.55,76.01,ICSE,80.56,2,Allen,6.3,Low,Upto 10th,Semi-Urban,Medium,No,no
ST9796,54.3,85.92,70.17,State,74.34,1,Allen,8.2,Low,12th,Semi-Urban,Low,Yes,no
ST9797,78.81,65.18,80.02,ICSE,61.93,1,FIITJEE,3.6,Low,PG,Urban,Medium,No,yes
ST9798,44.71,72.01,68,State,79.94,1,FIITJEE,3.2,Low,Upto 10th,Rural,Low,Yes,no
ST9799,43.29,64.16,47.14,CBSE,64.95,2,Allen,5.4,Low,12th,Rural,High,Yes,yes
ST9800,82.35,47.07,63.7,CBSE,81.47,2,No Coaching,6.4,Low,Graduate,Semi-Urban,Low,No,yes
ST9801,79.1,80.94,65.6,CBSE,63.34,2,FIITJEE,1.9,Mid,12th,Semi-Urban,High,No,yes
ST9802,71.2,74.05,76.91,CBSE,68.13,1,Local,4.1,Low,Upto 10th,Urban,High,No,yes
ST9803,52.46,100,43.16,CBSE,71.39,2,FIITJEE,4.4,Low,12th,Rural,High,Yes,yes
ST9804,62.09,49.75,68.49,ICSE,81.74,2,No Coaching,3.1,Mid,PG,Urban,Medium,No,no
ST9805,68.32,79.16,74.16,State,76.76,1,FIITJEE,3.4,High,Upto 10th,Urban,Medium,Yes,no
ST9806,49.66,45.02,60.06,ICSE,75.2,2,No Coaching,6.2,Mid,Upto 10th,Rural,Medium,Yes,yes
ST9807,61.65,68.52,68.9,CBSE,93.86,2,No Coaching,5.4,Low,PG,Urban,Low,No,yes
ST9808,81.13,81.62,60.48,State,56.63,1,FIITJEE,6.1,Mid,PG,Urban,Medium,No,no
ST9809,91.98,32.85,59.25,State,64.62,2,No Coaching,5.2,Low,PG,Rural,High,No,no
ST9810,66.13,62.72,63.1,CBSE,64.19,2,No Coaching,2.8,Mid,Graduate,Rural,Medium,No,no
ST9811,82.59,56.99,59.47,State,57.29,2,Local,5.3,High,Upto 10th,Rural,High,Yes,no
ST9812,45.2,54.77,76.2,ICSE,67.8,2,Allen,2.6,Low,Upto 10th,Urban,Medium,Yes,yes
ST9813,81.23,72.16,59.18,ICSE,81.88,2,Allen,3.9,Mid,Upto 10th,Semi-Urban,Low,Yes,no
ST9814,60.74,83.93,57.17,ICSE,69.08,2,FIITJEE,2.4,Mid,12th,Semi-Urban,Low,Yes,no
ST9815,76.3,63.87,89.22,ICSE,71.67,1,No Coaching,3.3,Mid,Upto 10th,Semi-Urban,High,Yes,no
ST9816,68.53,69.29,79.53,State,57.77,1,FIITJEE,4.7,Low,Upto 10th,Urban,Medium,No,yes
ST9817,90.49,67.83,45.66,ICSE,67.03,1,FIITJEE,3.6,Mid,PG,Urban,Medium,Yes,no
ST9818,59.76,66.03,58.82,State,70.38,2,Allen,2.7,Low,PG,Semi-Urban,High,No,yes
ST9819,80.79,48.57,70.91,CBSE,81.42,1,No Coaching,6.8,Low,PG,Rural,Low,Yes,no
ST9820,68.09,83.74,71.89,ICSE,58.25,1,FIITJEE,4.3,High,Upto 10th,Rural,Medium,Yes,no
ST9821,69.78,70.72,50.11,CBSE,70.45,1,FIITJEE,3.4,High,PG,Urban,Medium,Yes,no
ST9822,69.43,72.32,81.9,ICSE,85.87,2,Allen,2.3,Mid,Graduate,Semi-Urban,Medium,No,no
ST9823,60.16,53.1,77.9,CBSE,70.55,1,Allen,0.8,Low,PG,Urban,Low,Yes,no
ST9824,71.8,58.65,73.78,CBSE,53.84,2,Allen,4.1,Mid,Graduate,Urban,Medium,Yes,no
ST9825,71.12,63.18,84.28,CBSE,87.79,1,FIITJEE,1.7,Low,12th,Semi-Urban,Low,Yes,no
ST9826,75.38,41.45,73.43,CBSE,82.35,1,No Coaching,5.9,Low,Graduate,Urban,Medium,Yes,yes
ST9827,73.18,38.99,73.38,CBSE,83.69,1,Allen,4.6,Mid,Graduate,Rural,Low,Yes,no
ST9828,83.17,56.39,86.69,State,57.56,1,Allen,7.6,Low,12th,Rural,High,Yes,no
ST9829,84.93,74.36,81.21,State,90.12,2,No Coaching,4.9,Mid,Graduate,Semi-Urban,Low,Yes,no
ST9830,57.29,55.55,57.9,ICSE,67.27,1,FIITJEE,3,Low,Upto 10th,Urban,High,Yes,yes
ST9831,84.16,49.7,75.6,State,69.91,1,FIITJEE,0.7,Mid,Upto 10th,Rural,Medium,Yes,no
ST9832,55.39,52.97,60.03,CBSE,67.97,1,No Coaching,6.1,Mid,PG,Semi-Urban,Medium,Yes,no
ST9833,80.23,58.71,74.05,State,84.47,2,Allen,1.9,High,PG,Semi-Urban,Medium,No,no
ST9834,80.68,60.34,73.72,State,73.2,1,Local,3.7,High,PG,Semi-Urban,High,Yes,no
ST9835,45.24,100,51.4,CBSE,79.82,1,No Coaching,7.8,Low,PG,Urban,Medium,Yes,no
ST9836,73.3,82.87,66.54,State,75.76,2,Local,5.7,Mid,Upto 10th,Semi-Urban,Low,No,no
ST9837,65.44,82.4,71.18,CBSE,74.05,2,FIITJEE,5.3,Mid,PG,Urban,Low,Yes,no
ST9838,61.38,84.7,62.76,State,65.53,1,FIITJEE,6.4,Mid,Graduate,Semi-Urban,High,Yes,no
ST9839,90.91,50.02,71.78,CBSE,93.12,1,Local,6.3,Mid,12th,Urban,Low,No,no
ST9840,62.85,46.44,77.67,ICSE,60.37,1,Allen,7.7,Mid,Graduate,Rural,High,No,no
ST9841,60.71,48.29,67.63,State,79.12,1,Local,3.3,Low,12th,Urban,High,No,yes
ST9842,73.06,87.35,70.7,ICSE,78.77,2,Allen,3.7,High,Upto 10th,Rural,Medium,No,no
ST9843,81.6,57.24,84.6,CBSE,86.54,1,No Coaching,2.7,Mid,12th,Rural,High,No,no
ST9844,70.02,45.98,73.68,CBSE,88.88,1,FIITJEE,4.4,Mid,PG,Semi-Urban,Low,Yes,no
ST9845,88.33,59.1,70.41,ICSE,73.63,1,FIITJEE,4.2,Mid,Upto 10th,Rural,Low,Yes,no
ST9846,79.43,62.18,56.5,CBSE,80.3,2,Local,1,Low,PG,Urban,Medium,Yes,yes
ST9847,41.51,70.29,76.05,CBSE,92.65,2,No Coaching,3.2,High,Graduate,Rural,High,Yes,no
ST9848,64.59,70.02,71.96,CBSE,74.35,1,Local,7.4,High,Graduate,Urban,Medium,Yes,no
ST9849,64.13,52.75,83.4,CBSE,64.34,2,Local,5,Mid,PG,Urban,Medium,No,no
ST9850,78.71,76.97,68.56,CBSE,71.16,1,Local,5.9,Low,12th,Urban,Medium,Yes,no
ST9851,35.25,55.77,46.2,CBSE,61.95,1,Allen,4.3,High,Graduate,Semi-Urban,Medium,Yes,no
ST9852,100,63.5,47.6,CBSE,78.72,2,FIITJEE,0.7,High,12th,Urban,Medium,No,no
ST9853,79.43,76.99,76.83,CBSE,85.64,2,FIITJEE,4.2,Low,Graduate,Semi-Urban,High,Yes,yes
ST9854,74.08,55.73,61.16,ICSE,73.79,2,Local,6.6,High,PG,Rural,Low,No,no
ST9855,88.54,56.89,73.24,State,58.79,1,Allen,2.1,Low,PG,Rural,High,Yes,yes
ST9856,100,75.47,69.37,CBSE,85.22,2,FIITJEE,6,High,Graduate,Semi-Urban,High,Yes,no
ST9857,84.19,52.28,66,ICSE,57.24,1,Allen,1.1,Low,Graduate,Rural,Medium,No,no
ST9858,85.28,59.84,66.84,CBSE,59.54,2,No Coaching,4.5,Mid,12th,Rural,Low,No,no
ST9859,73.83,74.89,57.62,State,73.22,1,Allen,5.6,High,12th,Rural,High,No,no
ST9860,70.02,98.87,67.81,CBSE,77.52,1,Allen,3.9,High,12th,Rural,High,Yes,no
ST9861,65.34,75.69,60.99,ICSE,79.22,1,No Coaching,9.4,High,PG,Urban,Low,Yes,no
ST9862,60.43,73.56,63.53,ICSE,74.34,2,FIITJEE,3.5,Low,Graduate,Rural,High,No,yes
ST9863,62.38,74.49,64.12,State,92.6,2,FIITJEE,3.3,High,Upto 10th,Urban,Low,No,no
ST9864,53.09,48.83,65.28,CBSE,75.65,2,Allen,4.9,High,12th,Rural,High,No,no
ST9865,70.94,67.85,79.07,ICSE,85.35,1,Allen,3,Low,Upto 10th,Semi-Urban,Medium,Yes,no
ST9866,48.41,65.52,66.44,State,82.87,2,No Coaching,1.6,High,PG,Semi-Urban,Low,Yes,no
ST9867,74.67,71.15,80.28,State,62.07,2,No Coaching,2.3,High,12th,Urban,High,No,no
ST9868,71.49,67.86,86.45,CBSE,73.3,2,FIITJEE,6,Low,12th,Semi-Urban,High,Yes,no
ST9869,74.06,72.08,78.26,ICSE,96.23,2,FIITJEE,3.9,Low,Upto 10th,Urban,Low,Yes,no
ST9870,64.69,61.02,74.41,CBSE,69.96,1,No Coaching,7.9,Low,Upto 10th,Rural,Low,No,yes
ST9871,100,66.94,71.92,CBSE,68.25,2,Allen,3.6,High,Graduate,Semi-Urban,Low,Yes,no
ST9872,91.04,46.35,78.38,CBSE,76.71,1,No Coaching,5.9,Mid,Upto 10th,Urban,Low,No,no
ST9873,54.58,60.88,69.07,ICSE,70.31,1,FIITJEE,5.5,Low,PG,Urban,Low,No,no
ST9874,75.26,88.25,79.81,State,67.06,1,Allen,3.6,High,12th,Rural,Low,No,no
ST9875,63.49,71.1,75.37,CBSE,70.17,1,Local,2.7,Mid,Upto 10th,Rural,Medium,No,no
ST9876,57.8,65.67,63.68,CBSE,89.32,1,Local,1,Mid,PG,Semi-Urban,Medium,Yes,no
ST9877,53.24,96.34,78.75,ICSE,73.63,2,No Coaching,5.6,Low,Upto 10th,Urban,Low,Yes,no
ST9878,78.05,44.23,69.1,CBSE,61.72,2,FIITJEE,6.9,Low,Upto 10th,Rural,High,Yes,no
ST9879,62.46,48.25,66.73,State,59.88,1,Allen,1.3,Low,Upto 10th,Semi-Urban,Medium,No,yes
ST9880,85.55,93.4,62.29,CBSE,97.07,2,Local,3.8,Low,Graduate,Urban,Medium,No,no
ST9881,85.91,66.74,69.99,State,72.77,1,Allen,3.2,Low,12th,Rural,High,Yes,no
ST9882,91.23,62.12,79.96,CBSE,79.35,1,Allen,5.6,High,12th,Semi-Urban,Medium,No,no
ST9883,60.07,46.81,78.67,CBSE,67.29,1,Allen,3.8,High,12th,Semi-Urban,Medium,No,no
ST9884,78.66,73.16,72.24,CBSE,78.21,1,Allen,7.1,Low,Graduate,Rural,Low,No,yes
ST9885,80.85,74.71,75.2,State,89.59,2,No Coaching,3.7,High,Upto 10th,Rural,Medium,No,no
ST9886,65.36,48.49,83.26,CBSE,68.48,1,Allen,2,Low,12th,Urban,Medium,Yes,no
ST9887,61.2,63.76,66.2,CBSE,79.59,2,Local,3.6,Low,12th,Urban,Medium,No,no
ST9888,94.53,60.63,54.61,CBSE,60.94,2,Local,3.8,Mid,Upto 10th,Rural,Low,No,no
ST9889,75.18,70.1,83.61,State,95.23,2,No Coaching,5.6,Low,12th,Semi-Urban,High,No,no
ST9890,80.9,48.09,61.64,CBSE,77.69,2,Local,3.8,Mid,Upto 10th,Rural,High,No,no
ST9891,60.49,86.03,59.72,ICSE,70.87,1,Allen,5.4,High,Graduate,Urban,High,No,no
ST9892,54.93,80.65,46.45,State,72.02,2,Local,2.9,Low,12th,Urban,High,No,no
ST9893,64.03,60.19,74.86,ICSE,69.9,1,FIITJEE,3.9,Mid,12th,Rural,Medium,No,no
ST9894,70.26,62.54,48.54,CBSE,70.41,2,Allen,2.9,Mid,Upto 10th,Urban,Low,Yes,no
ST9895,57.1,63.82,59,State,50.53,1,No Coaching,2.8,High,PG,Semi-Urban,Low,No,no
ST9896,71.86,53.55,75.06,State,74.02,1,FIITJEE,7,Mid,Graduate,Urban,Medium,No,no
ST9897,48.36,58.91,76.66,CBSE,73.6,2,Local,3.1,Low,12th,Semi-Urban,High,Yes,yes
ST9898,56.32,61.68,60.18,ICSE,79.89,2,FIITJEE,3.8,Low,Upto 10th,Urban,Low,No,no
ST9899,81.39,91.81,66.39,State,69.77,2,Local,6.6,Mid,Graduate,Semi-Urban,Medium,No,no
ST9900,80.45,81.15,57.53,State,67.29,1,Local,6,Low,Upto 10th,Rural,Medium,No,yes
ST9901,66.51,80.95,61.42,State,74.92,2,Local,7.8,Low,PG,Semi-Urban,Medium,Yes,no
ST9902,57.75,71.92,71.19,State,58.88,2,No Coaching,5.5,Mid,12th,Rural,Medium,Yes,no
ST9903,57.62,48.12,61.98,State,76.43,2,FIITJEE,3.3,High,PG,Urban,Low,No,no
ST9904,66.77,65.34,65.07,CBSE,56.38,1,No Coaching,8.6,High,12th,Semi-Urban,Medium,No,no
ST9905,81.02,81.53,50.42,State,86.21,2,Local,5.7,Low,PG,Semi-Urban,Low,Yes,yes
ST9906,85,45.87,81.6,ICSE,81.84,2,Allen,4.2,Mid,12th,Urban,Medium,No,no
ST9907,65.05,76.18,74.12,State,65.74,1,Allen,4.6,Low,Upto 10th,Urban,Medium,No,yes
ST9908,55.85,100,77.51,CBSE,81.61,2,No Coaching,4.9,Low,Graduate,Semi-Urban,Low,No,no
ST9909,75.75,82.99,83.49,CBSE,76.12,1,Allen,4,Mid,12th,Rural,Medium,Yes,no
ST9910,60.47,88.62,58.1,ICSE,64.91,1,FIITJEE,1.7,High,12th,Urban,High,Yes,yes
ST9911,64.74,69.49,63.7,State,54.77,1,Allen,7.8,Low,Upto 10th,Semi-Urban,Low,No,no
ST9912,90.55,81.49,45.26,ICSE,78.16,1,Allen,4.5,High,PG,Urban,Low,No,no
ST9913,83.58,54.51,100,ICSE,67.06,1,Local,4.9,Low,12th,Urban,Medium,Yes,no
ST9914,74.21,78.73,66.2,ICSE,85.95,1,FIITJEE,8.7,Mid,PG,Rural,Low,No,no
ST9915,54.19,76.47,80.46,ICSE,75.14,1,FIITJEE,3.1,Mid,Upto 10th,Rural,Low,No,no
ST9916,74.96,70.64,53.14,State,68,1,Allen,5.8,High,12th,Rural,High,Yes,no
ST9917,86.88,87.06,79.96,CBSE,92.98,1,Local,2.9,Low,Graduate,Semi-Urban,Low,Yes,yes
ST9918,66.74,57.38,90.29,CBSE,80.76,1,Allen,5.1,Mid,12th,Urban,High,No,no
ST9919,90.92,63.01,67.28,State,50,1,Allen,4.9,Low,Upto 10th,Rural,Low,No,yes
ST9920,90.1,67.53,55.87,ICSE,70.14,1,No Coaching,6.1,Low,PG,Semi-Urban,High,No,no
ST9921,95.29,49.53,66.33,State,61.16,1,Local,6.9,High,12th,Rural,Low,No,no
ST9922,76.27,69.63,41.28,ICSE,67,1,No Coaching,3.3,Low,Upto 10th,Rural,Low,Yes,no
ST9923,80.22,38.5,67.55,ICSE,73.55,2,Allen,7.3,Low,Upto 10th,Urban,High,No,no
ST9924,91.8,82.75,77.85,State,78.54,1,Allen,7.5,High,Upto 10th,Semi-Urban,High,No,no
ST9925,78.26,66.75,67.57,State,77.61,2,Local,4,Mid,PG,Urban,High,No,no
ST9926,64.98,57.67,64.59,ICSE,85.78,2,FIITJEE,4.5,Low,PG,Rural,Low,No,yes
ST9927,65.72,52.65,74.33,ICSE,81.37,2,Allen,3.5,Low,Graduate,Urban,Medium,Yes,yes
ST9928,75.34,62.25,75.25,ICSE,80.75,2,Allen,3.9,Mid,Graduate,Semi-Urban,Medium,No,no
ST9929,53.93,77.01,48.08,ICSE,77.01,2,No Coaching,2.1,High,12th,Rural,Low,No,no
ST9930,69.99,74.76,69.07,State,87.87,2,No Coaching,6.1,Mid,Upto 10th,Rural,Low,Yes,no
ST9931,87.35,54.71,97.23,CBSE,71.84,1,Local,0.4,Low,Graduate,Rural,High,Yes,yes
ST9932,41.32,52.46,51.98,CBSE,72.1,2,No Coaching,3.1,Low,PG,Rural,High,No,no
ST9933,93.48,76.51,66.97,ICSE,55.94,1,FIITJEE,4.4,High,Upto 10th,Semi-Urban,High,Yes,no
ST9934,87.71,54.44,91.3,CBSE,85.56,1,Allen,7.1,High,12th,Urban,Medium,Yes,no
ST9935,65.56,66.96,81.25,CBSE,74.23,2,No Coaching,3.4,Mid,Upto 10th,Semi-Urban,Low,Yes,no
ST9936,79.61,67.98,61.84,CBSE,100,1,FIITJEE,5.4,High,Graduate,Rural,Low,Yes,no
ST9937,72.04,70.99,70.47,CBSE,70.94,1,Allen,4.3,Mid,Graduate,Semi-Urban,Medium,No,no
ST9938,89.22,79.73,67.97,CBSE,75.89,2,Allen,6.4,Mid,Upto 10th,Rural,High,Yes,no
ST9939,85.76,45.79,59.02,CBSE,80.47,1,FIITJEE,5.3,Low,PG,Rural,High,Yes,yes
ST9940,52.4,35.42,67.11,ICSE,63.98,2,Allen,6.2,Mid,Upto 10th,Urban,High,No,no
ST9941,80.22,56.92,64.64,ICSE,78.59,2,FIITJEE,3.4,Mid,Upto 10th,Rural,High,Yes,no
ST9942,69.12,94.82,69.35,ICSE,75.35,2,FIITJEE,2.5,High,Upto 10th,Semi-Urban,Medium,No,no
ST9943,73.16,98.35,59.02,State,71.96,2,No Coaching,5.2,High,Upto 10th,Semi-Urban,High,Yes,no
ST9944,61.81,95.3,52.68,CBSE,86.73,2,Local,3.5,Low,Upto 10th,Urban,High,No,no
ST9945,96.47,62.91,67.5,CBSE,65.96,1,FIITJEE,4.6,Low,PG,Urban,Medium,Yes,no
ST9946,86.56,37.49,88.58,State,77.75,2,No Coaching,5.1,Low,12th,Rural,High,No,no
ST9947,61.64,28.51,68.99,CBSE,89.55,2,Allen,7,Mid,12th,Rural,Medium,Yes,no
ST9948,53.32,56.18,64.02,ICSE,67.93,1,No Coaching,6.1,High,Graduate,Rural,High,No,no
ST9949,66.6,62.83,77.05,ICSE,72.03,2,FIITJEE,3.1,Mid,PG,Rural,Low,No,no
ST9950,78.08,86.81,66.1,State,98.45,2,No Coaching,2.2,Low,Upto 10th,Semi-Urban,High,Yes,yes
ST9951,75.36,79.88,90.42,ICSE,79.74,2,Local,7.9,High,PG,Rural,Low,No,no
ST9952,89.54,69.64,67.95,State,69.94,2,Allen,1.3,Mid,12th,Urban,Medium,No,no
ST9953,83.06,51.76,76.41,ICSE,83.03,2,No Coaching,3.6,High,Upto 10th,Semi-Urban,High,Yes,no
ST9954,85.57,50.63,58.94,CBSE,69.32,2,Allen,5.8,Mid,PG,Semi-Urban,High,No,no
ST9955,76.58,70.07,74.04,ICSE,59.35,2,FIITJEE,7.8,Low,Graduate,Rural,High,Yes,no
ST9956,52.55,77.15,71.3,State,88.72,1,Local,4.1,Mid,12th,Rural,Low,No,no
ST9957,69.26,72.27,67.32,CBSE,63.97,2,Local,4.6,Mid,Upto 10th,Semi-Urban,High,Yes,no
ST9958,86.84,49.45,61.98,State,99.52,1,No Coaching,2.7,Low,Upto 10th,Urban,Medium,Yes,yes
ST9959,71.28,76.41,60.34,CBSE,70.11,2,Allen,4.8,Low,Upto 10th,Rural,High,No,yes
ST9960,79.04,72.81,71.39,CBSE,96.33,2,Allen,2.2,Mid,Upto 10th,Semi-Urban,Medium,Yes,no
ST9961,67.54,48.87,75.55,ICSE,61.31,2,No Coaching,3,Mid,Upto 10th,Semi-Urban,Low,Yes,no
ST9962,57.58,53.45,66.47,ICSE,85.25,1,No Coaching,6,Mid,Upto 10th,Rural,Medium,No,no
ST9963,70.27,77.02,71.45,CBSE,80,1,No Coaching,3.6,Low,PG,Urban,Low,No,no
ST9964,76.33,62.25,67.55,ICSE,83.38,1,No Coaching,6.3,Low,Graduate,Semi-Urban,Low,Yes,no
ST9965,62.82,91.43,69.18,ICSE,84.68,2,Local,4.2,Low,PG,Semi-Urban,Low,Yes,no
ST9966,68.7,74.02,65.59,State,70.02,2,No Coaching,1.8,High,PG,Semi-Urban,Medium,No,no
ST9967,58.85,58.21,68.22,ICSE,61.91,1,Allen,6.8,High,Upto 10th,Rural,Medium,No,no
ST9968,87.67,65.84,100,CBSE,74.49,1,FIITJEE,1.9,Low,Upto 10th,Semi-Urban,Medium,No,yes
ST9969,67.88,67.01,71.74,ICSE,77.23,2,Allen,3.3,High,PG,Semi-Urban,High,Yes,no
ST9970,92.34,54.35,75.74,CBSE,70.28,2,No Coaching,4.1,High,12th,Rural,Medium,Yes,no
ST9971,93.4,51.4,73.26,CBSE,77.78,2,Local,6.5,Mid,Upto 10th,Urban,Low,No,no
ST9972,70.87,77.22,64.85,State,78.3,1,No Coaching,3.4,Mid,Upto 10th,Semi-Urban,Medium,No,no
ST9973,57.88,79.52,83.53,CBSE,65.9,1,FIITJEE,2.6,Mid,12th,Rural,Low,Yes,no
ST9974,42.8,75.66,64.51,CBSE,78.95,2,No Coaching,4.8,High,PG,Urban,Medium,No,no
ST9975,51.39,90.25,80.66,State,72.33,2,FIITJEE,4.1,High,12th,Rural,Medium,No,no
ST9976,52.77,57.33,63.99,CBSE,68,2,No Coaching,3.6,Mid,Upto 10th,Urban,Low,Yes,no
ST9977,91.3,92.79,56.48,State,82.87,1,Local,4.9,Mid,Graduate,Rural,Medium,Yes,no
ST9978,73.62,51.59,72.38,CBSE,67.23,2,Allen,2.1,Low,12th,Urban,High,No,no
ST9979,77.45,49.8,54.74,ICSE,70.43,1,FIITJEE,1.1,High,12th,Urban,High,No,yes
ST9980,40.91,37.84,74.43,State,75.72,1,Allen,8.8,Mid,Upto 10th,Rural,Low,No,no
ST9981,55.23,58.87,53.67,State,88.74,1,No Coaching,4.7,Mid,12th,Semi-Urban,Low,Yes,no
ST9982,84.42,57.94,64.17,CBSE,76.93,2,Allen,4.8,Mid,Upto 10th,Urban,Low,No,no
ST9983,76.01,74.41,50.82,State,80.28,2,Local,2.9,High,Graduate,Rural,High,Yes,no
ST9984,69.94,69.9,100,CBSE,72.02,1,Local,6.3,Mid,Graduate,Semi-Urban,Low,Yes,no
ST9985,79.91,46.91,48.15,State,74.22,1,Allen,3.4,Mid,PG,Semi-Urban,Low,No,no
ST9986,94.9,59.72,68.12,State,74.51,2,Allen,0,Mid,Upto 10th,Rural,High,Yes,yes
ST9987,68.91,60.06,81.72,ICSE,77.93,1,Local,3.4,Mid,Graduate,Rural,Low,No,no
ST9988,72.97,37.58,80.44,CBSE,72.04,2,FIITJEE,3.9,Mid,Upto 10th,Urban,Medium,No,no
ST9989,74.7,50.3,78.22,ICSE,88.4,2,FIITJEE,4.2,Low,12th,Rural,Medium,No,yes
ST9990,100,53.67,64.19,State,71.27,2,Local,4.1,Mid,12th,Semi-Urban,Medium,No,no
ST9991,42.61,88.94,84.21,CBSE,57.93,2,Local,3.2,Low,Upto 10th,Rural,Medium,No,no
ST9992,81.57,69.06,78.96,ICSE,100,1,FIITJEE,3,High,Upto 10th,Semi-Urban,High,Yes,no
ST9993,70.39,76.59,70.55,State,71.73,2,Allen,3.9,High,12th,Semi-Urban,Medium,Yes,no
ST9994,79.93,42.02,70.89,ICSE,88.13,1,Allen,1.2,High,Upto 10th,Rural,Medium,No,no
ST9995,62.8,85.11,64.35,State,89.05,1,No Coaching,0.6,High,12th,Semi-Urban,High,Yes,yes
ST9996,71.31,86.82,57.08,State,84.45,1,FIITJEE,4.7,High,PG,Semi-Urban,High,Yes,no
ST9997,81.96,34.03,82.85,CBSE,73.02,2,Local,4.7,Mid,PG,Urban,High,Yes,no
ST9998,100,54.71,83.75,CBSE,77.87,2,No Coaching,6.3,Mid,PG,Semi-Urban,Medium,Yes,no
ST9999,83.31,73.93,57.39,CBSE,62.25,1,Allen,4,High,Upto 10th,Urban,Low,No,no
ST10000,60.13,76.31,66.15,State,94.9,2,FIITJEE,2.1,Mid,12th,Urban,Low,Yes,no
ST10001,34.6,0,32,CBSE,91.6,1,Allen,8,Mid,PG,Semi-Urban,Medium,No,
